sentence,subj_type,subj_PERS,subj_NUM,subj_GEN,subj_ANIM,verb_type,verb_PERS,verb_NUM,verb_finite,has_main,has_embed,has_objrel,has_relative_clause,has_subjrel,incongruence_poss_subj_count,incongruence_poss_obj_count,incongruence_subj_obj_count,incongruence_subj_embedsubj_count,rel_type,clause_type,bound_variable,mean_zipf,sentence_length,long_range_agreement_with_attractor
Mary plays.,PropN,3.0,sg,f,True,Intrans,3.0,sg,True,False,False,False,False,False,,,,,,,,4.0,3,
Mary played.,PropN,3.0,sg,f,True,Intrans,,,True,False,False,False,False,False,,,,,,,,5.0,3,
Mary falls.,PropN,3.0,sg,f,True,Intrans,3.0,sg,True,False,False,False,False,False,,,,,,,,4.0,3,
Mary fell.,PropN,3.0,sg,f,True,Intrans,,,True,False,False,False,False,False,,,,,,,,4.0,3,
Mary sees John.,PropN,3.0,sg,f,True,Trans,3.0,sg,True,False,False,False,False,False,,,1.0,,,,,4.0,4,
Mary sees the woman.,PropN,3.0,sg,f,True,Trans,3.0,sg,True,False,False,False,False,False,,,0.0,,,,,4.0,5,
Mary sees the man.,PropN,3.0,sg,f,True,Trans,3.0,sg,True,False,False,False,False,False,,,1.0,,,,,4.0,5,
Mary sees the women.,PropN,3.0,sg,f,True,Trans,3.0,sg,True,False,False,False,False,False,,,1.0,,,,,4.0,5,
Mary sees the men.,PropN,3.0,sg,f,True,Trans,3.0,sg,True,False,False,False,False,False,,,2.0,,,,,4.0,5,
Mary sees the book.,PropN,3.0,sg,f,True,Trans,3.0,sg,True,False,False,False,False,False,,,1.0,,,,,4.0,5,
Mary sees the books.,PropN,3.0,sg,f,True,Trans,3.0,sg,True,False,False,False,False,False,,,2.0,,,,,4.0,5,
Mary sees every woman.,PropN,3.0,sg,f,True,Trans,3.0,sg,True,False,False,False,False,False,,,0.0,,,,,4.0,5,
Mary sees every man.,PropN,3.0,sg,f,True,Trans,3.0,sg,True,False,False,False,False,False,,,1.0,,,,,4.0,5,
Mary sees all women.,PropN,3.0,sg,f,True,Trans,3.0,sg,True,False,False,False,False,False,,,1.0,,,,,4.0,5,
Mary sees all men.,PropN,3.0,sg,f,True,Trans,3.0,sg,True,False,False,False,False,False,,,2.0,,,,,4.0,5,
Mary sees me.,PropN,3.0,sg,f,True,Trans,3.0,sg,True,False,False,False,False,False,,,1.0,,,,,4.0,4,
Mary sees you.,PropN,3.0,sg,f,True,Trans,3.0,sg,True,False,False,False,False,False,,,1.0,,,,,4.0,4,
Mary sees him.,PropN,3.0,sg,f,True,Trans,3.0,sg,True,False,False,False,False,False,,,1.0,,,,,4.0,4,
Mary sees her.,PropN,3.0,sg,f,True,Trans,3.0,sg,True,False,False,False,False,False,,,0.0,,,,,4.0,4,
Mary sees it.,PropN,3.0,sg,f,True,Trans,3.0,sg,True,False,False,False,False,False,,,1.0,,,,,4.0,4,
Mary sees us.,PropN,3.0,sg,f,True,Trans,3.0,sg,True,False,False,False,False,False,,,2.0,,,,,4.0,4,
Mary sees them.,PropN,3.0,sg,f,True,Trans,3.0,sg,True,False,False,False,False,False,,,1.0,,,,,4.0,4,
Mary sees herself.,PropN,3.0,sg,f,True,Trans,3.0,sg,True,False,False,False,False,False,,,0.0,,,,,4.0,4,
Mary saw John.,PropN,3.0,sg,f,True,Trans,,,True,False,False,False,False,False,,,1.0,,,,,5.0,4,
Mary saw the woman.,PropN,3.0,sg,f,True,Trans,,,True,False,False,False,False,False,,,0.0,,,,,5.0,5,
Mary saw the man.,PropN,3.0,sg,f,True,Trans,,,True,False,False,False,False,False,,,1.0,,,,,5.0,5,
Mary saw the women.,PropN,3.0,sg,f,True,Trans,,,True,False,False,False,False,False,,,1.0,,,,,5.0,5,
Mary saw the men.,PropN,3.0,sg,f,True,Trans,,,True,False,False,False,False,False,,,2.0,,,,,5.0,5,
Mary saw the book.,PropN,3.0,sg,f,True,Trans,,,True,False,False,False,False,False,,,1.0,,,,,5.0,5,
Mary saw the books.,PropN,3.0,sg,f,True,Trans,,,True,False,False,False,False,False,,,2.0,,,,,5.0,5,
Mary saw every woman.,PropN,3.0,sg,f,True,Trans,,,True,False,False,False,False,False,,,0.0,,,,,5.0,5,
Mary saw every man.,PropN,3.0,sg,f,True,Trans,,,True,False,False,False,False,False,,,1.0,,,,,5.0,5,
Mary saw all women.,PropN,3.0,sg,f,True,Trans,,,True,False,False,False,False,False,,,1.0,,,,,5.0,5,
Mary saw all men.,PropN,3.0,sg,f,True,Trans,,,True,False,False,False,False,False,,,2.0,,,,,5.0,5,
Mary saw me.,PropN,3.0,sg,f,True,Trans,,,True,False,False,False,False,False,,,1.0,,,,,5.0,4,
Mary saw you.,PropN,3.0,sg,f,True,Trans,,,True,False,False,False,False,False,,,1.0,,,,,5.0,4,
Mary saw him.,PropN,3.0,sg,f,True,Trans,,,True,False,False,False,False,False,,,1.0,,,,,5.0,4,
Mary saw her.,PropN,3.0,sg,f,True,Trans,,,True,False,False,False,False,False,,,0.0,,,,,5.0,4,
Mary saw it.,PropN,3.0,sg,f,True,Trans,,,True,False,False,False,False,False,,,1.0,,,,,5.0,4,
Mary saw us.,PropN,3.0,sg,f,True,Trans,,,True,False,False,False,False,False,,,2.0,,,,,5.0,4,
Mary saw them.,PropN,3.0,sg,f,True,Trans,,,True,False,False,False,False,False,,,1.0,,,,,5.0,4,
Mary saw herself.,PropN,3.0,sg,f,True,Trans,,,True,False,False,False,False,False,,,0.0,,,,,5.0,4,
John plays.,PropN,3.0,sg,m,True,Intrans,3.0,sg,True,False,False,False,False,False,,,,,,,,5.0,3,
John played.,PropN,3.0,sg,m,True,Intrans,,,True,False,False,False,False,False,,,,,,,,5.0,3,
John falls.,PropN,3.0,sg,m,True,Intrans,3.0,sg,True,False,False,False,False,False,,,,,,,,5.0,3,
John fell.,PropN,3.0,sg,m,True,Intrans,,,True,False,False,False,False,False,,,,,,,,5.0,3,
John sees Mary.,PropN,3.0,sg,m,True,Trans,3.0,sg,True,False,False,False,False,False,,,1.0,,,,,4.0,4,
John sees the woman.,PropN,3.0,sg,m,True,Trans,3.0,sg,True,False,False,False,False,False,,,1.0,,,,,4.0,5,
John sees the man.,PropN,3.0,sg,m,True,Trans,3.0,sg,True,False,False,False,False,False,,,0.0,,,,,4.0,5,
John sees the women.,PropN,3.0,sg,m,True,Trans,3.0,sg,True,False,False,False,False,False,,,2.0,,,,,4.0,5,
John sees the men.,PropN,3.0,sg,m,True,Trans,3.0,sg,True,False,False,False,False,False,,,1.0,,,,,4.0,5,
John sees the book.,PropN,3.0,sg,m,True,Trans,3.0,sg,True,False,False,False,False,False,,,1.0,,,,,4.0,5,
John sees the books.,PropN,3.0,sg,m,True,Trans,3.0,sg,True,False,False,False,False,False,,,2.0,,,,,4.0,5,
John sees every woman.,PropN,3.0,sg,m,True,Trans,3.0,sg,True,False,False,False,False,False,,,1.0,,,,,4.0,5,
John sees every man.,PropN,3.0,sg,m,True,Trans,3.0,sg,True,False,False,False,False,False,,,0.0,,,,,4.0,5,
John sees all women.,PropN,3.0,sg,m,True,Trans,3.0,sg,True,False,False,False,False,False,,,2.0,,,,,4.0,5,
John sees all men.,PropN,3.0,sg,m,True,Trans,3.0,sg,True,False,False,False,False,False,,,1.0,,,,,4.0,5,
John sees me.,PropN,3.0,sg,m,True,Trans,3.0,sg,True,False,False,False,False,False,,,1.0,,,,,4.0,4,
John sees you.,PropN,3.0,sg,m,True,Trans,3.0,sg,True,False,False,False,False,False,,,1.0,,,,,4.0,4,
John sees him.,PropN,3.0,sg,m,True,Trans,3.0,sg,True,False,False,False,False,False,,,0.0,,,,,4.0,4,
John sees her.,PropN,3.0,sg,m,True,Trans,3.0,sg,True,False,False,False,False,False,,,1.0,,,,,4.0,4,
John sees it.,PropN,3.0,sg,m,True,Trans,3.0,sg,True,False,False,False,False,False,,,1.0,,,,,4.0,4,
John sees us.,PropN,3.0,sg,m,True,Trans,3.0,sg,True,False,False,False,False,False,,,2.0,,,,,4.0,4,
John sees them.,PropN,3.0,sg,m,True,Trans,3.0,sg,True,False,False,False,False,False,,,1.0,,,,,4.0,4,
John sees himself.,PropN,3.0,sg,m,True,Trans,3.0,sg,True,False,False,False,False,False,,,0.0,,,,,4.0,4,
John saw Mary.,PropN,3.0,sg,m,True,Trans,,,True,False,False,False,False,False,,,1.0,,,,,5.0,4,
John saw the woman.,PropN,3.0,sg,m,True,Trans,,,True,False,False,False,False,False,,,1.0,,,,,5.0,5,
John saw the man.,PropN,3.0,sg,m,True,Trans,,,True,False,False,False,False,False,,,0.0,,,,,5.0,5,
John saw the women.,PropN,3.0,sg,m,True,Trans,,,True,False,False,False,False,False,,,2.0,,,,,5.0,5,
John saw the men.,PropN,3.0,sg,m,True,Trans,,,True,False,False,False,False,False,,,1.0,,,,,5.0,5,
John saw the book.,PropN,3.0,sg,m,True,Trans,,,True,False,False,False,False,False,,,1.0,,,,,5.0,5,
John saw the books.,PropN,3.0,sg,m,True,Trans,,,True,False,False,False,False,False,,,2.0,,,,,5.0,5,
John saw every woman.,PropN,3.0,sg,m,True,Trans,,,True,False,False,False,False,False,,,1.0,,,,,5.0,5,
John saw every man.,PropN,3.0,sg,m,True,Trans,,,True,False,False,False,False,False,,,0.0,,,,,5.0,5,
John saw all women.,PropN,3.0,sg,m,True,Trans,,,True,False,False,False,False,False,,,2.0,,,,,5.0,5,
John saw all men.,PropN,3.0,sg,m,True,Trans,,,True,False,False,False,False,False,,,1.0,,,,,5.0,5,
John saw me.,PropN,3.0,sg,m,True,Trans,,,True,False,False,False,False,False,,,1.0,,,,,5.0,4,
John saw you.,PropN,3.0,sg,m,True,Trans,,,True,False,False,False,False,False,,,1.0,,,,,5.0,4,
John saw him.,PropN,3.0,sg,m,True,Trans,,,True,False,False,False,False,False,,,0.0,,,,,5.0,4,
John saw her.,PropN,3.0,sg,m,True,Trans,,,True,False,False,False,False,False,,,1.0,,,,,5.0,4,
John saw it.,PropN,3.0,sg,m,True,Trans,,,True,False,False,False,False,False,,,1.0,,,,,5.0,4,
John saw us.,PropN,3.0,sg,m,True,Trans,,,True,False,False,False,False,False,,,2.0,,,,,5.0,4,
John saw them.,PropN,3.0,sg,m,True,Trans,,,True,False,False,False,False,False,,,1.0,,,,,5.0,4,
John saw himself.,PropN,3.0,sg,m,True,Trans,,,True,False,False,False,False,False,,,0.0,,,,,5.0,4,
the woman plays.,N,3.0,sg,f,True,Intrans,3.0,sg,True,False,False,False,False,False,,,,,,,,5.0,4,
the woman played.,N,3.0,sg,f,True,Intrans,,,True,False,False,False,False,False,,,,,,,,5.0,4,
the woman falls.,N,3.0,sg,f,True,Intrans,3.0,sg,True,False,False,False,False,False,,,,,,,,4.0,4,
the woman fell.,N,3.0,sg,f,True,Intrans,,,True,False,False,False,False,False,,,,,,,,5.0,4,
the woman sees Mary.,N,3.0,sg,f,True,Trans,3.0,sg,True,False,False,False,False,False,,,0.0,,,,,4.0,5,
the woman sees John.,N,3.0,sg,f,True,Trans,3.0,sg,True,False,False,False,False,False,,,1.0,,,,,4.0,5,
the woman sees the man.,N,3.0,sg,f,True,Trans,3.0,sg,True,False,False,False,False,False,,,1.0,,,,,4.0,6,
the woman sees the men.,N,3.0,sg,f,True,Trans,3.0,sg,True,False,False,False,False,False,,,2.0,,,,,4.0,6,
the woman sees the book.,N,3.0,sg,f,True,Trans,3.0,sg,True,False,False,False,False,False,,,1.0,,,,,4.0,6,
the woman sees the books.,N,3.0,sg,f,True,Trans,3.0,sg,True,False,False,False,False,False,,,2.0,,,,,4.0,6,
the woman sees every man.,N,3.0,sg,f,True,Trans,3.0,sg,True,False,False,False,False,False,,,1.0,,,,,4.0,6,
the woman sees all men.,N,3.0,sg,f,True,Trans,3.0,sg,True,False,False,False,False,False,,,2.0,,,,,4.0,6,
the woman sees me.,N,3.0,sg,f,True,Trans,3.0,sg,True,False,False,False,False,False,,,1.0,,,,,4.0,5,
the woman sees you.,N,3.0,sg,f,True,Trans,3.0,sg,True,False,False,False,False,False,,,1.0,,,,,4.0,5,
the woman sees him.,N,3.0,sg,f,True,Trans,3.0,sg,True,False,False,False,False,False,,,1.0,,,,,4.0,5,
the woman sees her.,N,3.0,sg,f,True,Trans,3.0,sg,True,False,False,False,False,False,,,0.0,,,,,4.0,5,
the woman sees it.,N,3.0,sg,f,True,Trans,3.0,sg,True,False,False,False,False,False,,,1.0,,,,,4.0,5,
the woman sees us.,N,3.0,sg,f,True,Trans,3.0,sg,True,False,False,False,False,False,,,2.0,,,,,4.0,5,
the woman sees them.,N,3.0,sg,f,True,Trans,3.0,sg,True,False,False,False,False,False,,,1.0,,,,,4.0,5,
the woman sees herself.,N,3.0,sg,f,True,Trans,3.0,sg,True,False,False,False,False,False,,,0.0,,,,,4.0,5,
the woman saw Mary.,N,3.0,sg,f,True,Trans,,,True,False,False,False,False,False,,,0.0,,,,,5.0,5,
the woman saw John.,N,3.0,sg,f,True,Trans,,,True,False,False,False,False,False,,,1.0,,,,,5.0,5,
the woman saw the man.,N,3.0,sg,f,True,Trans,,,True,False,False,False,False,False,,,1.0,,,,,5.0,6,
the woman saw the men.,N,3.0,sg,f,True,Trans,,,True,False,False,False,False,False,,,2.0,,,,,5.0,6,
the woman saw the book.,N,3.0,sg,f,True,Trans,,,True,False,False,False,False,False,,,1.0,,,,,5.0,6,
the woman saw the books.,N,3.0,sg,f,True,Trans,,,True,False,False,False,False,False,,,2.0,,,,,5.0,6,
the woman saw every man.,N,3.0,sg,f,True,Trans,,,True,False,False,False,False,False,,,1.0,,,,,5.0,6,
the woman saw all men.,N,3.0,sg,f,True,Trans,,,True,False,False,False,False,False,,,2.0,,,,,5.0,6,
the woman saw me.,N,3.0,sg,f,True,Trans,,,True,False,False,False,False,False,,,1.0,,,,,5.0,5,
the woman saw you.,N,3.0,sg,f,True,Trans,,,True,False,False,False,False,False,,,1.0,,,,,5.0,5,
the woman saw him.,N,3.0,sg,f,True,Trans,,,True,False,False,False,False,False,,,1.0,,,,,5.0,5,
the woman saw her.,N,3.0,sg,f,True,Trans,,,True,False,False,False,False,False,,,0.0,,,,,5.0,5,
the woman saw it.,N,3.0,sg,f,True,Trans,,,True,False,False,False,False,False,,,1.0,,,,,5.0,5,
the woman saw us.,N,3.0,sg,f,True,Trans,,,True,False,False,False,False,False,,,2.0,,,,,5.0,5,
the woman saw them.,N,3.0,sg,f,True,Trans,,,True,False,False,False,False,False,,,1.0,,,,,5.0,5,
the woman saw herself.,N,3.0,sg,f,True,Trans,,,True,False,False,False,False,False,,,0.0,,,,,5.0,5,
the man plays.,N,3.0,sg,m,True,Intrans,3.0,sg,True,False,False,False,False,False,,,,,,,,5.0,4,
the man played.,N,3.0,sg,m,True,Intrans,,,True,False,False,False,False,False,,,,,,,,5.0,4,
the man falls.,N,3.0,sg,m,True,Intrans,3.0,sg,True,False,False,False,False,False,,,,,,,,5.0,4,
the man fell.,N,3.0,sg,m,True,Intrans,,,True,False,False,False,False,False,,,,,,,,5.0,4,
the man sees Mary.,N,3.0,sg,m,True,Trans,3.0,sg,True,False,False,False,False,False,,,1.0,,,,,5.0,5,
the man sees John.,N,3.0,sg,m,True,Trans,3.0,sg,True,False,False,False,False,False,,,0.0,,,,,5.0,5,
the man sees the woman.,N,3.0,sg,m,True,Trans,3.0,sg,True,False,False,False,False,False,,,1.0,,,,,5.0,6,
the man sees the women.,N,3.0,sg,m,True,Trans,3.0,sg,True,False,False,False,False,False,,,2.0,,,,,5.0,6,
the man sees the book.,N,3.0,sg,m,True,Trans,3.0,sg,True,False,False,False,False,False,,,1.0,,,,,5.0,6,
the man sees the books.,N,3.0,sg,m,True,Trans,3.0,sg,True,False,False,False,False,False,,,2.0,,,,,5.0,6,
the man sees every woman.,N,3.0,sg,m,True,Trans,3.0,sg,True,False,False,False,False,False,,,1.0,,,,,5.0,6,
the man sees all women.,N,3.0,sg,m,True,Trans,3.0,sg,True,False,False,False,False,False,,,2.0,,,,,5.0,6,
the man sees me.,N,3.0,sg,m,True,Trans,3.0,sg,True,False,False,False,False,False,,,1.0,,,,,5.0,5,
the man sees you.,N,3.0,sg,m,True,Trans,3.0,sg,True,False,False,False,False,False,,,1.0,,,,,5.0,5,
the man sees him.,N,3.0,sg,m,True,Trans,3.0,sg,True,False,False,False,False,False,,,0.0,,,,,5.0,5,
the man sees her.,N,3.0,sg,m,True,Trans,3.0,sg,True,False,False,False,False,False,,,1.0,,,,,5.0,5,
the man sees it.,N,3.0,sg,m,True,Trans,3.0,sg,True,False,False,False,False,False,,,1.0,,,,,5.0,5,
the man sees us.,N,3.0,sg,m,True,Trans,3.0,sg,True,False,False,False,False,False,,,2.0,,,,,5.0,5,
the man sees them.,N,3.0,sg,m,True,Trans,3.0,sg,True,False,False,False,False,False,,,1.0,,,,,5.0,5,
the man sees himself.,N,3.0,sg,m,True,Trans,3.0,sg,True,False,False,False,False,False,,,0.0,,,,,5.0,5,
the man saw Mary.,N,3.0,sg,m,True,Trans,,,True,False,False,False,False,False,,,1.0,,,,,5.0,5,
the man saw John.,N,3.0,sg,m,True,Trans,,,True,False,False,False,False,False,,,0.0,,,,,5.0,5,
the man saw the woman.,N,3.0,sg,m,True,Trans,,,True,False,False,False,False,False,,,1.0,,,,,5.0,6,
the man saw the women.,N,3.0,sg,m,True,Trans,,,True,False,False,False,False,False,,,2.0,,,,,5.0,6,
the man saw the book.,N,3.0,sg,m,True,Trans,,,True,False,False,False,False,False,,,1.0,,,,,5.0,6,
the man saw the books.,N,3.0,sg,m,True,Trans,,,True,False,False,False,False,False,,,2.0,,,,,5.0,6,
the man saw every woman.,N,3.0,sg,m,True,Trans,,,True,False,False,False,False,False,,,1.0,,,,,5.0,6,
the man saw all women.,N,3.0,sg,m,True,Trans,,,True,False,False,False,False,False,,,2.0,,,,,5.0,6,
the man saw me.,N,3.0,sg,m,True,Trans,,,True,False,False,False,False,False,,,1.0,,,,,5.0,5,
the man saw you.,N,3.0,sg,m,True,Trans,,,True,False,False,False,False,False,,,1.0,,,,,5.0,5,
the man saw him.,N,3.0,sg,m,True,Trans,,,True,False,False,False,False,False,,,0.0,,,,,5.0,5,
the man saw her.,N,3.0,sg,m,True,Trans,,,True,False,False,False,False,False,,,1.0,,,,,5.0,5,
the man saw it.,N,3.0,sg,m,True,Trans,,,True,False,False,False,False,False,,,1.0,,,,,5.0,5,
the man saw us.,N,3.0,sg,m,True,Trans,,,True,False,False,False,False,False,,,2.0,,,,,5.0,5,
the man saw them.,N,3.0,sg,m,True,Trans,,,True,False,False,False,False,False,,,1.0,,,,,5.0,5,
the man saw himself.,N,3.0,sg,m,True,Trans,,,True,False,False,False,False,False,,,0.0,,,,,5.0,5,
the women play.,N,3.0,pl,f,True,Intrans,,pl,True,False,False,False,False,False,,,,,,,,5.0,4,
the women played.,N,3.0,pl,f,True,Intrans,,,True,False,False,False,False,False,,,,,,,,5.0,4,
the women fall.,N,3.0,pl,f,True,Intrans,,pl,True,False,False,False,False,False,,,,,,,,5.0,4,
the women fell.,N,3.0,pl,f,True,Intrans,,,True,False,False,False,False,False,,,,,,,,5.0,4,
the women see Mary.,N,3.0,pl,f,True,Trans,,pl,True,False,False,False,False,False,,,1.0,,,,,5.0,5,
the women see John.,N,3.0,pl,f,True,Trans,,pl,True,False,False,False,False,False,,,2.0,,,,,5.0,5,
the women see the man.,N,3.0,pl,f,True,Trans,,pl,True,False,False,False,False,False,,,2.0,,,,,5.0,6,
the women see the men.,N,3.0,pl,f,True,Trans,,pl,True,False,False,False,False,False,,,1.0,,,,,5.0,6,
the women see the book.,N,3.0,pl,f,True,Trans,,pl,True,False,False,False,False,False,,,2.0,,,,,5.0,6,
the women see the books.,N,3.0,pl,f,True,Trans,,pl,True,False,False,False,False,False,,,1.0,,,,,5.0,6,
the women see every man.,N,3.0,pl,f,True,Trans,,pl,True,False,False,False,False,False,,,2.0,,,,,5.0,6,
the women see all men.,N,3.0,pl,f,True,Trans,,pl,True,False,False,False,False,False,,,1.0,,,,,5.0,6,
the women see me.,N,3.0,pl,f,True,Trans,,pl,True,False,False,False,False,False,,,2.0,,,,,5.0,5,
the women see you.,N,3.0,pl,f,True,Trans,,pl,True,False,False,False,False,False,,,1.0,,,,,5.0,5,
the women see him.,N,3.0,pl,f,True,Trans,,pl,True,False,False,False,False,False,,,2.0,,,,,5.0,5,
the women see her.,N,3.0,pl,f,True,Trans,,pl,True,False,False,False,False,False,,,1.0,,,,,5.0,5,
the women see it.,N,3.0,pl,f,True,Trans,,pl,True,False,False,False,False,False,,,2.0,,,,,5.0,5,
the women see us.,N,3.0,pl,f,True,Trans,,pl,True,False,False,False,False,False,,,1.0,,,,,5.0,5,
the women see them.,N,3.0,pl,f,True,Trans,,pl,True,False,False,False,False,False,,,0.0,,,,,5.0,5,
the women see themselves.,N,3.0,pl,f,True,Trans,,pl,True,False,False,False,False,False,,,0.0,,,,,5.0,5,
the women saw Mary.,N,3.0,pl,f,True,Trans,,,True,False,False,False,False,False,,,1.0,,,,,5.0,5,
the women saw John.,N,3.0,pl,f,True,Trans,,,True,False,False,False,False,False,,,2.0,,,,,5.0,5,
the women saw the man.,N,3.0,pl,f,True,Trans,,,True,False,False,False,False,False,,,2.0,,,,,5.0,6,
the women saw the men.,N,3.0,pl,f,True,Trans,,,True,False,False,False,False,False,,,1.0,,,,,5.0,6,
the women saw the book.,N,3.0,pl,f,True,Trans,,,True,False,False,False,False,False,,,2.0,,,,,5.0,6,
the women saw the books.,N,3.0,pl,f,True,Trans,,,True,False,False,False,False,False,,,1.0,,,,,5.0,6,
the women saw every man.,N,3.0,pl,f,True,Trans,,,True,False,False,False,False,False,,,2.0,,,,,5.0,6,
the women saw all men.,N,3.0,pl,f,True,Trans,,,True,False,False,False,False,False,,,1.0,,,,,5.0,6,
the women saw me.,N,3.0,pl,f,True,Trans,,,True,False,False,False,False,False,,,2.0,,,,,5.0,5,
the women saw you.,N,3.0,pl,f,True,Trans,,,True,False,False,False,False,False,,,1.0,,,,,5.0,5,
the women saw him.,N,3.0,pl,f,True,Trans,,,True,False,False,False,False,False,,,2.0,,,,,5.0,5,
the women saw her.,N,3.0,pl,f,True,Trans,,,True,False,False,False,False,False,,,1.0,,,,,5.0,5,
the women saw it.,N,3.0,pl,f,True,Trans,,,True,False,False,False,False,False,,,2.0,,,,,5.0,5,
the women saw us.,N,3.0,pl,f,True,Trans,,,True,False,False,False,False,False,,,1.0,,,,,5.0,5,
the women saw them.,N,3.0,pl,f,True,Trans,,,True,False,False,False,False,False,,,0.0,,,,,5.0,5,
the women saw themselves.,N,3.0,pl,f,True,Trans,,,True,False,False,False,False,False,,,0.0,,,,,5.0,5,
the men play.,N,3.0,pl,m,True,Intrans,,pl,True,False,False,False,False,False,,,,,,,,5.0,4,
the men played.,N,3.0,pl,m,True,Intrans,,,True,False,False,False,False,False,,,,,,,,5.0,4,
the men fall.,N,3.0,pl,m,True,Intrans,,pl,True,False,False,False,False,False,,,,,,,,5.0,4,
the men fell.,N,3.0,pl,m,True,Intrans,,,True,False,False,False,False,False,,,,,,,,5.0,4,
the men see Mary.,N,3.0,pl,m,True,Trans,,pl,True,False,False,False,False,False,,,2.0,,,,,5.0,5,
the men see John.,N,3.0,pl,m,True,Trans,,pl,True,False,False,False,False,False,,,1.0,,,,,5.0,5,
the men see the woman.,N,3.0,pl,m,True,Trans,,pl,True,False,False,False,False,False,,,2.0,,,,,5.0,6,
the men see the women.,N,3.0,pl,m,True,Trans,,pl,True,False,False,False,False,False,,,1.0,,,,,5.0,6,
the men see the book.,N,3.0,pl,m,True,Trans,,pl,True,False,False,False,False,False,,,2.0,,,,,5.0,6,
the men see the books.,N,3.0,pl,m,True,Trans,,pl,True,False,False,False,False,False,,,1.0,,,,,5.0,6,
the men see every woman.,N,3.0,pl,m,True,Trans,,pl,True,False,False,False,False,False,,,2.0,,,,,5.0,6,
the men see all women.,N,3.0,pl,m,True,Trans,,pl,True,False,False,False,False,False,,,1.0,,,,,5.0,6,
the men see me.,N,3.0,pl,m,True,Trans,,pl,True,False,False,False,False,False,,,2.0,,,,,5.0,5,
the men see you.,N,3.0,pl,m,True,Trans,,pl,True,False,False,False,False,False,,,1.0,,,,,5.0,5,
the men see him.,N,3.0,pl,m,True,Trans,,pl,True,False,False,False,False,False,,,1.0,,,,,5.0,5,
the men see her.,N,3.0,pl,m,True,Trans,,pl,True,False,False,False,False,False,,,2.0,,,,,5.0,5,
the men see it.,N,3.0,pl,m,True,Trans,,pl,True,False,False,False,False,False,,,2.0,,,,,5.0,5,
the men see us.,N,3.0,pl,m,True,Trans,,pl,True,False,False,False,False,False,,,1.0,,,,,5.0,5,
the men see them.,N,3.0,pl,m,True,Trans,,pl,True,False,False,False,False,False,,,0.0,,,,,5.0,5,
the men see themselves.,N,3.0,pl,m,True,Trans,,pl,True,False,False,False,False,False,,,0.0,,,,,5.0,5,
the men saw Mary.,N,3.0,pl,m,True,Trans,,,True,False,False,False,False,False,,,2.0,,,,,5.0,5,
the men saw John.,N,3.0,pl,m,True,Trans,,,True,False,False,False,False,False,,,1.0,,,,,5.0,5,
the men saw the woman.,N,3.0,pl,m,True,Trans,,,True,False,False,False,False,False,,,2.0,,,,,5.0,6,
the men saw the women.,N,3.0,pl,m,True,Trans,,,True,False,False,False,False,False,,,1.0,,,,,5.0,6,
the men saw the book.,N,3.0,pl,m,True,Trans,,,True,False,False,False,False,False,,,2.0,,,,,5.0,6,
the men saw the books.,N,3.0,pl,m,True,Trans,,,True,False,False,False,False,False,,,1.0,,,,,5.0,6,
the men saw every woman.,N,3.0,pl,m,True,Trans,,,True,False,False,False,False,False,,,2.0,,,,,5.0,6,
the men saw all women.,N,3.0,pl,m,True,Trans,,,True,False,False,False,False,False,,,1.0,,,,,5.0,6,
the men saw me.,N,3.0,pl,m,True,Trans,,,True,False,False,False,False,False,,,2.0,,,,,5.0,5,
the men saw you.,N,3.0,pl,m,True,Trans,,,True,False,False,False,False,False,,,1.0,,,,,5.0,5,
the men saw him.,N,3.0,pl,m,True,Trans,,,True,False,False,False,False,False,,,1.0,,,,,5.0,5,
the men saw her.,N,3.0,pl,m,True,Trans,,,True,False,False,False,False,False,,,2.0,,,,,5.0,5,
the men saw it.,N,3.0,pl,m,True,Trans,,,True,False,False,False,False,False,,,2.0,,,,,5.0,5,
the men saw us.,N,3.0,pl,m,True,Trans,,,True,False,False,False,False,False,,,1.0,,,,,5.0,5,
the men saw them.,N,3.0,pl,m,True,Trans,,,True,False,False,False,False,False,,,0.0,,,,,5.0,5,
the men saw themselves.,N,3.0,pl,m,True,Trans,,,True,False,False,False,False,False,,,0.0,,,,,5.0,5,
the book fell.,N,3.0,sg,,False,Intrans,,,True,False,False,False,False,False,,,,,,,,5.0,4,
the books fell.,N,3.0,pl,,False,Intrans,,,True,False,False,False,False,False,,,,,,,,5.0,4,
every woman plays.,N,3.0,sg,f,True,Intrans,3.0,sg,True,False,False,False,False,False,,,,,,,,5.0,4,
every woman played.,N,3.0,sg,f,True,Intrans,,,True,False,False,False,False,False,,,,,,,,5.0,4,
every woman falls.,N,3.0,sg,f,True,Intrans,3.0,sg,True,False,False,False,False,False,,,,,,,,4.0,4,
every woman fell.,N,3.0,sg,f,True,Intrans,,,True,False,False,False,False,False,,,,,,,,5.0,4,
every woman sees Mary.,N,3.0,sg,f,True,Trans,3.0,sg,True,False,False,False,False,False,,,0.0,,,,,4.0,5,
every woman sees John.,N,3.0,sg,f,True,Trans,3.0,sg,True,False,False,False,False,False,,,1.0,,,,,4.0,5,
every woman sees the man.,N,3.0,sg,f,True,Trans,3.0,sg,True,False,False,False,False,False,,,1.0,,,,,4.0,6,
every woman sees the men.,N,3.0,sg,f,True,Trans,3.0,sg,True,False,False,False,False,False,,,2.0,,,,,4.0,6,
every woman sees the book.,N,3.0,sg,f,True,Trans,3.0,sg,True,False,False,False,False,False,,,1.0,,,,,4.0,6,
every woman sees the books.,N,3.0,sg,f,True,Trans,3.0,sg,True,False,False,False,False,False,,,2.0,,,,,4.0,6,
every woman sees every man.,N,3.0,sg,f,True,Trans,3.0,sg,True,False,False,False,False,False,,,1.0,,,,,4.0,6,
every woman sees all men.,N,3.0,sg,f,True,Trans,3.0,sg,True,False,False,False,False,False,,,2.0,,,,,4.0,6,
every woman sees me.,N,3.0,sg,f,True,Trans,3.0,sg,True,False,False,False,False,False,,,1.0,,,,False,4.0,5,
every woman sees you.,N,3.0,sg,f,True,Trans,3.0,sg,True,False,False,False,False,False,,,1.0,,,,False,4.0,5,
every woman sees him.,N,3.0,sg,f,True,Trans,3.0,sg,True,False,False,False,False,False,,,1.0,,,,False,4.0,5,
every woman sees her.,N,3.0,sg,f,True,Trans,3.0,sg,True,False,False,False,False,False,,,0.0,,,,False,4.0,5,
every woman sees it.,N,3.0,sg,f,True,Trans,3.0,sg,True,False,False,False,False,False,,,1.0,,,,False,4.0,5,
every woman sees us.,N,3.0,sg,f,True,Trans,3.0,sg,True,False,False,False,False,False,,,2.0,,,,False,4.0,5,
every woman sees them.,N,3.0,sg,f,True,Trans,3.0,sg,True,False,False,False,False,False,,,1.0,,,,False,4.0,5,
every woman sees herself.,N,3.0,sg,f,True,Trans,3.0,sg,True,False,False,False,False,False,,,0.0,,,,True,4.0,5,
every woman saw Mary.,N,3.0,sg,f,True,Trans,,,True,False,False,False,False,False,,,0.0,,,,,5.0,5,
every woman saw John.,N,3.0,sg,f,True,Trans,,,True,False,False,False,False,False,,,1.0,,,,,5.0,5,
every woman saw the man.,N,3.0,sg,f,True,Trans,,,True,False,False,False,False,False,,,1.0,,,,,5.0,6,
every woman saw the men.,N,3.0,sg,f,True,Trans,,,True,False,False,False,False,False,,,2.0,,,,,5.0,6,
every woman saw the book.,N,3.0,sg,f,True,Trans,,,True,False,False,False,False,False,,,1.0,,,,,5.0,6,
every woman saw the books.,N,3.0,sg,f,True,Trans,,,True,False,False,False,False,False,,,2.0,,,,,5.0,6,
every woman saw every man.,N,3.0,sg,f,True,Trans,,,True,False,False,False,False,False,,,1.0,,,,,5.0,6,
every woman saw all men.,N,3.0,sg,f,True,Trans,,,True,False,False,False,False,False,,,2.0,,,,,5.0,6,
every woman saw me.,N,3.0,sg,f,True,Trans,,,True,False,False,False,False,False,,,1.0,,,,False,5.0,5,
every woman saw you.,N,3.0,sg,f,True,Trans,,,True,False,False,False,False,False,,,1.0,,,,False,5.0,5,
every woman saw him.,N,3.0,sg,f,True,Trans,,,True,False,False,False,False,False,,,1.0,,,,False,5.0,5,
every woman saw her.,N,3.0,sg,f,True,Trans,,,True,False,False,False,False,False,,,0.0,,,,False,5.0,5,
every woman saw it.,N,3.0,sg,f,True,Trans,,,True,False,False,False,False,False,,,1.0,,,,False,5.0,5,
every woman saw us.,N,3.0,sg,f,True,Trans,,,True,False,False,False,False,False,,,2.0,,,,False,5.0,5,
every woman saw them.,N,3.0,sg,f,True,Trans,,,True,False,False,False,False,False,,,1.0,,,,False,5.0,5,
every woman saw herself.,N,3.0,sg,f,True,Trans,,,True,False,False,False,False,False,,,0.0,,,,True,5.0,5,
every man plays.,N,3.0,sg,m,True,Intrans,3.0,sg,True,False,False,False,False,False,,,,,,,,5.0,4,
every man played.,N,3.0,sg,m,True,Intrans,,,True,False,False,False,False,False,,,,,,,,5.0,4,
every man falls.,N,3.0,sg,m,True,Intrans,3.0,sg,True,False,False,False,False,False,,,,,,,,5.0,4,
every man fell.,N,3.0,sg,m,True,Intrans,,,True,False,False,False,False,False,,,,,,,,5.0,4,
every man sees Mary.,N,3.0,sg,m,True,Trans,3.0,sg,True,False,False,False,False,False,,,1.0,,,,,5.0,5,
every man sees John.,N,3.0,sg,m,True,Trans,3.0,sg,True,False,False,False,False,False,,,0.0,,,,,5.0,5,
every man sees the woman.,N,3.0,sg,m,True,Trans,3.0,sg,True,False,False,False,False,False,,,1.0,,,,,5.0,6,
every man sees the women.,N,3.0,sg,m,True,Trans,3.0,sg,True,False,False,False,False,False,,,2.0,,,,,5.0,6,
every man sees the book.,N,3.0,sg,m,True,Trans,3.0,sg,True,False,False,False,False,False,,,1.0,,,,,5.0,6,
every man sees the books.,N,3.0,sg,m,True,Trans,3.0,sg,True,False,False,False,False,False,,,2.0,,,,,5.0,6,
every man sees every woman.,N,3.0,sg,m,True,Trans,3.0,sg,True,False,False,False,False,False,,,1.0,,,,,5.0,6,
every man sees all women.,N,3.0,sg,m,True,Trans,3.0,sg,True,False,False,False,False,False,,,2.0,,,,,5.0,6,
every man sees me.,N,3.0,sg,m,True,Trans,3.0,sg,True,False,False,False,False,False,,,1.0,,,,False,5.0,5,
every man sees you.,N,3.0,sg,m,True,Trans,3.0,sg,True,False,False,False,False,False,,,1.0,,,,False,5.0,5,
every man sees him.,N,3.0,sg,m,True,Trans,3.0,sg,True,False,False,False,False,False,,,0.0,,,,False,5.0,5,
every man sees her.,N,3.0,sg,m,True,Trans,3.0,sg,True,False,False,False,False,False,,,1.0,,,,False,5.0,5,
every man sees it.,N,3.0,sg,m,True,Trans,3.0,sg,True,False,False,False,False,False,,,1.0,,,,False,5.0,5,
every man sees us.,N,3.0,sg,m,True,Trans,3.0,sg,True,False,False,False,False,False,,,2.0,,,,False,5.0,5,
every man sees them.,N,3.0,sg,m,True,Trans,3.0,sg,True,False,False,False,False,False,,,1.0,,,,False,5.0,5,
every man sees himself.,N,3.0,sg,m,True,Trans,3.0,sg,True,False,False,False,False,False,,,0.0,,,,True,5.0,5,
every man saw Mary.,N,3.0,sg,m,True,Trans,,,True,False,False,False,False,False,,,1.0,,,,,5.0,5,
every man saw John.,N,3.0,sg,m,True,Trans,,,True,False,False,False,False,False,,,0.0,,,,,5.0,5,
every man saw the woman.,N,3.0,sg,m,True,Trans,,,True,False,False,False,False,False,,,1.0,,,,,5.0,6,
every man saw the women.,N,3.0,sg,m,True,Trans,,,True,False,False,False,False,False,,,2.0,,,,,5.0,6,
every man saw the book.,N,3.0,sg,m,True,Trans,,,True,False,False,False,False,False,,,1.0,,,,,5.0,6,
every man saw the books.,N,3.0,sg,m,True,Trans,,,True,False,False,False,False,False,,,2.0,,,,,5.0,6,
every man saw every woman.,N,3.0,sg,m,True,Trans,,,True,False,False,False,False,False,,,1.0,,,,,5.0,6,
every man saw all women.,N,3.0,sg,m,True,Trans,,,True,False,False,False,False,False,,,2.0,,,,,5.0,6,
every man saw me.,N,3.0,sg,m,True,Trans,,,True,False,False,False,False,False,,,1.0,,,,False,5.0,5,
every man saw you.,N,3.0,sg,m,True,Trans,,,True,False,False,False,False,False,,,1.0,,,,False,5.0,5,
every man saw him.,N,3.0,sg,m,True,Trans,,,True,False,False,False,False,False,,,0.0,,,,False,5.0,5,
every man saw her.,N,3.0,sg,m,True,Trans,,,True,False,False,False,False,False,,,1.0,,,,False,5.0,5,
every man saw it.,N,3.0,sg,m,True,Trans,,,True,False,False,False,False,False,,,1.0,,,,False,5.0,5,
every man saw us.,N,3.0,sg,m,True,Trans,,,True,False,False,False,False,False,,,2.0,,,,False,5.0,5,
every man saw them.,N,3.0,sg,m,True,Trans,,,True,False,False,False,False,False,,,1.0,,,,False,5.0,5,
every man saw himself.,N,3.0,sg,m,True,Trans,,,True,False,False,False,False,False,,,0.0,,,,True,5.0,5,
all women play.,N,3.0,pl,f,True,Intrans,,pl,True,False,False,False,False,False,,,,,,,,5.0,4,
all women played.,N,3.0,pl,f,True,Intrans,,,True,False,False,False,False,False,,,,,,,,5.0,4,
all women fall.,N,3.0,pl,f,True,Intrans,,pl,True,False,False,False,False,False,,,,,,,,5.0,4,
all women fell.,N,3.0,pl,f,True,Intrans,,,True,False,False,False,False,False,,,,,,,,5.0,4,
all women see Mary.,N,3.0,pl,f,True,Trans,,pl,True,False,False,False,False,False,,,1.0,,,,,5.0,5,
all women see John.,N,3.0,pl,f,True,Trans,,pl,True,False,False,False,False,False,,,2.0,,,,,5.0,5,
all women see the man.,N,3.0,pl,f,True,Trans,,pl,True,False,False,False,False,False,,,2.0,,,,,5.0,6,
all women see the men.,N,3.0,pl,f,True,Trans,,pl,True,False,False,False,False,False,,,1.0,,,,,5.0,6,
all women see the book.,N,3.0,pl,f,True,Trans,,pl,True,False,False,False,False,False,,,2.0,,,,,5.0,6,
all women see the books.,N,3.0,pl,f,True,Trans,,pl,True,False,False,False,False,False,,,1.0,,,,,5.0,6,
all women see every man.,N,3.0,pl,f,True,Trans,,pl,True,False,False,False,False,False,,,2.0,,,,,5.0,6,
all women see all men.,N,3.0,pl,f,True,Trans,,pl,True,False,False,False,False,False,,,1.0,,,,,5.0,6,
all women see me.,N,3.0,pl,f,True,Trans,,pl,True,False,False,False,False,False,,,2.0,,,,False,5.0,5,
all women see you.,N,3.0,pl,f,True,Trans,,pl,True,False,False,False,False,False,,,1.0,,,,False,5.0,5,
all women see him.,N,3.0,pl,f,True,Trans,,pl,True,False,False,False,False,False,,,2.0,,,,False,5.0,5,
all women see her.,N,3.0,pl,f,True,Trans,,pl,True,False,False,False,False,False,,,1.0,,,,False,5.0,5,
all women see it.,N,3.0,pl,f,True,Trans,,pl,True,False,False,False,False,False,,,2.0,,,,False,5.0,5,
all women see us.,N,3.0,pl,f,True,Trans,,pl,True,False,False,False,False,False,,,1.0,,,,False,5.0,5,
all women see them.,N,3.0,pl,f,True,Trans,,pl,True,False,False,False,False,False,,,0.0,,,,False,5.0,5,
all women see themselves.,N,3.0,pl,f,True,Trans,,pl,True,False,False,False,False,False,,,0.0,,,,True,5.0,5,
all women saw Mary.,N,3.0,pl,f,True,Trans,,,True,False,False,False,False,False,,,1.0,,,,,5.0,5,
all women saw John.,N,3.0,pl,f,True,Trans,,,True,False,False,False,False,False,,,2.0,,,,,5.0,5,
all women saw the man.,N,3.0,pl,f,True,Trans,,,True,False,False,False,False,False,,,2.0,,,,,5.0,6,
all women saw the men.,N,3.0,pl,f,True,Trans,,,True,False,False,False,False,False,,,1.0,,,,,5.0,6,
all women saw the book.,N,3.0,pl,f,True,Trans,,,True,False,False,False,False,False,,,2.0,,,,,5.0,6,
all women saw the books.,N,3.0,pl,f,True,Trans,,,True,False,False,False,False,False,,,1.0,,,,,5.0,6,
all women saw every man.,N,3.0,pl,f,True,Trans,,,True,False,False,False,False,False,,,2.0,,,,,5.0,6,
all women saw all men.,N,3.0,pl,f,True,Trans,,,True,False,False,False,False,False,,,1.0,,,,,5.0,6,
all women saw me.,N,3.0,pl,f,True,Trans,,,True,False,False,False,False,False,,,2.0,,,,False,5.0,5,
all women saw you.,N,3.0,pl,f,True,Trans,,,True,False,False,False,False,False,,,1.0,,,,False,5.0,5,
all women saw him.,N,3.0,pl,f,True,Trans,,,True,False,False,False,False,False,,,2.0,,,,False,5.0,5,
all women saw her.,N,3.0,pl,f,True,Trans,,,True,False,False,False,False,False,,,1.0,,,,False,5.0,5,
all women saw it.,N,3.0,pl,f,True,Trans,,,True,False,False,False,False,False,,,2.0,,,,False,5.0,5,
all women saw us.,N,3.0,pl,f,True,Trans,,,True,False,False,False,False,False,,,1.0,,,,False,5.0,5,
all women saw them.,N,3.0,pl,f,True,Trans,,,True,False,False,False,False,False,,,0.0,,,,False,5.0,5,
all women saw themselves.,N,3.0,pl,f,True,Trans,,,True,False,False,False,False,False,,,0.0,,,,True,5.0,5,
all men play.,N,3.0,pl,m,True,Intrans,,pl,True,False,False,False,False,False,,,,,,,,5.0,4,
all men played.,N,3.0,pl,m,True,Intrans,,,True,False,False,False,False,False,,,,,,,,5.0,4,
all men fall.,N,3.0,pl,m,True,Intrans,,pl,True,False,False,False,False,False,,,,,,,,5.0,4,
all men fell.,N,3.0,pl,m,True,Intrans,,,True,False,False,False,False,False,,,,,,,,5.0,4,
all men see Mary.,N,3.0,pl,m,True,Trans,,pl,True,False,False,False,False,False,,,2.0,,,,,5.0,5,
all men see John.,N,3.0,pl,m,True,Trans,,pl,True,False,False,False,False,False,,,1.0,,,,,5.0,5,
all men see the woman.,N,3.0,pl,m,True,Trans,,pl,True,False,False,False,False,False,,,2.0,,,,,5.0,6,
all men see the women.,N,3.0,pl,m,True,Trans,,pl,True,False,False,False,False,False,,,1.0,,,,,5.0,6,
all men see the book.,N,3.0,pl,m,True,Trans,,pl,True,False,False,False,False,False,,,2.0,,,,,5.0,6,
all men see the books.,N,3.0,pl,m,True,Trans,,pl,True,False,False,False,False,False,,,1.0,,,,,5.0,6,
all men see every woman.,N,3.0,pl,m,True,Trans,,pl,True,False,False,False,False,False,,,2.0,,,,,5.0,6,
all men see all women.,N,3.0,pl,m,True,Trans,,pl,True,False,False,False,False,False,,,1.0,,,,,5.0,6,
all men see me.,N,3.0,pl,m,True,Trans,,pl,True,False,False,False,False,False,,,2.0,,,,False,5.0,5,
all men see you.,N,3.0,pl,m,True,Trans,,pl,True,False,False,False,False,False,,,1.0,,,,False,5.0,5,
all men see him.,N,3.0,pl,m,True,Trans,,pl,True,False,False,False,False,False,,,1.0,,,,False,5.0,5,
all men see her.,N,3.0,pl,m,True,Trans,,pl,True,False,False,False,False,False,,,2.0,,,,False,5.0,5,
all men see it.,N,3.0,pl,m,True,Trans,,pl,True,False,False,False,False,False,,,2.0,,,,False,5.0,5,
all men see us.,N,3.0,pl,m,True,Trans,,pl,True,False,False,False,False,False,,,1.0,,,,False,5.0,5,
all men see them.,N,3.0,pl,m,True,Trans,,pl,True,False,False,False,False,False,,,0.0,,,,False,5.0,5,
all men see themselves.,N,3.0,pl,m,True,Trans,,pl,True,False,False,False,False,False,,,0.0,,,,True,5.0,5,
all men saw Mary.,N,3.0,pl,m,True,Trans,,,True,False,False,False,False,False,,,2.0,,,,,5.0,5,
all men saw John.,N,3.0,pl,m,True,Trans,,,True,False,False,False,False,False,,,1.0,,,,,5.0,5,
all men saw the woman.,N,3.0,pl,m,True,Trans,,,True,False,False,False,False,False,,,2.0,,,,,5.0,6,
all men saw the women.,N,3.0,pl,m,True,Trans,,,True,False,False,False,False,False,,,1.0,,,,,5.0,6,
all men saw the book.,N,3.0,pl,m,True,Trans,,,True,False,False,False,False,False,,,2.0,,,,,5.0,6,
all men saw the books.,N,3.0,pl,m,True,Trans,,,True,False,False,False,False,False,,,1.0,,,,,5.0,6,
all men saw every woman.,N,3.0,pl,m,True,Trans,,,True,False,False,False,False,False,,,2.0,,,,,5.0,6,
all men saw all women.,N,3.0,pl,m,True,Trans,,,True,False,False,False,False,False,,,1.0,,,,,5.0,6,
all men saw me.,N,3.0,pl,m,True,Trans,,,True,False,False,False,False,False,,,2.0,,,,False,5.0,5,
all men saw you.,N,3.0,pl,m,True,Trans,,,True,False,False,False,False,False,,,1.0,,,,False,5.0,5,
all men saw him.,N,3.0,pl,m,True,Trans,,,True,False,False,False,False,False,,,1.0,,,,False,5.0,5,
all men saw her.,N,3.0,pl,m,True,Trans,,,True,False,False,False,False,False,,,2.0,,,,False,5.0,5,
all men saw it.,N,3.0,pl,m,True,Trans,,,True,False,False,False,False,False,,,2.0,,,,False,5.0,5,
all men saw us.,N,3.0,pl,m,True,Trans,,,True,False,False,False,False,False,,,1.0,,,,False,5.0,5,
all men saw them.,N,3.0,pl,m,True,Trans,,,True,False,False,False,False,False,,,0.0,,,,False,5.0,5,
all men saw themselves.,N,3.0,pl,m,True,Trans,,,True,False,False,False,False,False,,,0.0,,,,True,5.0,5,
I play.,PRO,1.0,sg,,True,Intrans,1.0,sg,True,False,False,False,False,False,,,,,,,,6.0,3,
I played.,PRO,1.0,sg,,True,Intrans,,,True,False,False,False,False,False,,,,,,,,6.0,3,
I fall.,PRO,1.0,sg,,True,Intrans,1.0,sg,True,False,False,False,False,False,,,,,,,,6.0,3,
I fell.,PRO,1.0,sg,,True,Intrans,,,True,False,False,False,False,False,,,,,,,,5.0,3,
I see Mary.,PRO,1.0,sg,,True,Trans,1.0,sg,True,False,False,False,False,False,,,1.0,,,,,6.0,4,
I see John.,PRO,1.0,sg,,True,Trans,1.0,sg,True,False,False,False,False,False,,,1.0,,,,,6.0,4,
I see the woman.,PRO,1.0,sg,,True,Trans,1.0,sg,True,False,False,False,False,False,,,1.0,,,,,6.0,5,
I see the man.,PRO,1.0,sg,,True,Trans,1.0,sg,True,False,False,False,False,False,,,1.0,,,,,6.0,5,
I see the women.,PRO,1.0,sg,,True,Trans,1.0,sg,True,False,False,False,False,False,,,2.0,,,,,6.0,5,
I see the men.,PRO,1.0,sg,,True,Trans,1.0,sg,True,False,False,False,False,False,,,2.0,,,,,6.0,5,
I see the book.,PRO,1.0,sg,,True,Trans,1.0,sg,True,False,False,False,False,False,,,2.0,,,,,6.0,5,
I see the books.,PRO,1.0,sg,,True,Trans,1.0,sg,True,False,False,False,False,False,,,3.0,,,,,6.0,5,
I see every woman.,PRO,1.0,sg,,True,Trans,1.0,sg,True,False,False,False,False,False,,,1.0,,,,,6.0,5,
I see every man.,PRO,1.0,sg,,True,Trans,1.0,sg,True,False,False,False,False,False,,,1.0,,,,,6.0,5,
I see all women.,PRO,1.0,sg,,True,Trans,1.0,sg,True,False,False,False,False,False,,,2.0,,,,,6.0,5,
I see all men.,PRO,1.0,sg,,True,Trans,1.0,sg,True,False,False,False,False,False,,,2.0,,,,,6.0,5,
I see you.,PRO,1.0,sg,,True,Trans,1.0,sg,True,False,False,False,False,False,,,1.0,,,,,6.0,4,
I see him.,PRO,1.0,sg,,True,Trans,1.0,sg,True,False,False,False,False,False,,,1.0,,,,,6.0,4,
I see her.,PRO,1.0,sg,,True,Trans,1.0,sg,True,False,False,False,False,False,,,1.0,,,,,6.0,4,
I see it.,PRO,1.0,sg,,True,Trans,1.0,sg,True,False,False,False,False,False,,,2.0,,,,,6.0,4,
I see us.,PRO,1.0,sg,,True,Trans,1.0,sg,True,False,False,False,False,False,,,1.0,,,,,6.0,4,
I see them.,PRO,1.0,sg,,True,Trans,1.0,sg,True,False,False,False,False,False,,,2.0,,,,,6.0,4,
I see myself.,PRO,1.0,sg,,True,Trans,1.0,sg,True,False,False,False,False,False,,,0.0,,,,,6.0,4,
I saw Mary.,PRO,1.0,sg,,True,Trans,,,True,False,False,False,False,False,,,1.0,,,,,6.0,4,
I saw John.,PRO,1.0,sg,,True,Trans,,,True,False,False,False,False,False,,,1.0,,,,,6.0,4,
I saw the woman.,PRO,1.0,sg,,True,Trans,,,True,False,False,False,False,False,,,1.0,,,,,6.0,5,
I saw the man.,PRO,1.0,sg,,True,Trans,,,True,False,False,False,False,False,,,1.0,,,,,6.0,5,
I saw the women.,PRO,1.0,sg,,True,Trans,,,True,False,False,False,False,False,,,2.0,,,,,6.0,5,
I saw the men.,PRO,1.0,sg,,True,Trans,,,True,False,False,False,False,False,,,2.0,,,,,6.0,5,
I saw the book.,PRO,1.0,sg,,True,Trans,,,True,False,False,False,False,False,,,2.0,,,,,6.0,5,
I saw the books.,PRO,1.0,sg,,True,Trans,,,True,False,False,False,False,False,,,3.0,,,,,6.0,5,
I saw every woman.,PRO,1.0,sg,,True,Trans,,,True,False,False,False,False,False,,,1.0,,,,,6.0,5,
I saw every man.,PRO,1.0,sg,,True,Trans,,,True,False,False,False,False,False,,,1.0,,,,,6.0,5,
I saw all women.,PRO,1.0,sg,,True,Trans,,,True,False,False,False,False,False,,,2.0,,,,,6.0,5,
I saw all men.,PRO,1.0,sg,,True,Trans,,,True,False,False,False,False,False,,,2.0,,,,,6.0,5,
I saw you.,PRO,1.0,sg,,True,Trans,,,True,False,False,False,False,False,,,1.0,,,,,6.0,4,
I saw him.,PRO,1.0,sg,,True,Trans,,,True,False,False,False,False,False,,,1.0,,,,,6.0,4,
I saw her.,PRO,1.0,sg,,True,Trans,,,True,False,False,False,False,False,,,1.0,,,,,6.0,4,
I saw it.,PRO,1.0,sg,,True,Trans,,,True,False,False,False,False,False,,,2.0,,,,,6.0,4,
I saw us.,PRO,1.0,sg,,True,Trans,,,True,False,False,False,False,False,,,1.0,,,,,6.0,4,
I saw them.,PRO,1.0,sg,,True,Trans,,,True,False,False,False,False,False,,,2.0,,,,,6.0,4,
I saw myself.,PRO,1.0,sg,,True,Trans,,,True,False,False,False,False,False,,,0.0,,,,,6.0,4,
you play.,PRO,2.0,,,True,Intrans,,pl,True,False,False,False,False,False,,,,,,,,6.0,3,
you played.,PRO,2.0,,,True,Intrans,,,True,False,False,False,False,False,,,,,,,,6.0,3,
you fall.,PRO,2.0,,,True,Intrans,,pl,True,False,False,False,False,False,,,,,,,,6.0,3,
you fell.,PRO,2.0,,,True,Intrans,,,True,False,False,False,False,False,,,,,,,,5.0,3,
you see Mary.,PRO,2.0,,,True,Trans,2.0,sg,True,False,False,False,False,False,,,1.0,,,,,6.0,4,
you see John.,PRO,2.0,,,True,Trans,2.0,sg,True,False,False,False,False,False,,,1.0,,,,,6.0,4,
you see the woman.,PRO,2.0,,,True,Trans,2.0,sg,True,False,False,False,False,False,,,1.0,,,,,6.0,5,
you see the man.,PRO,2.0,,,True,Trans,2.0,sg,True,False,False,False,False,False,,,1.0,,,,,6.0,5,
you see the women.,PRO,2.0,,,True,Trans,2.0,sg,True,False,False,False,False,False,,,1.0,,,,,6.0,5,
you see the men.,PRO,2.0,,,True,Trans,2.0,sg,True,False,False,False,False,False,,,1.0,,,,,6.0,5,
you see the book.,PRO,2.0,,,True,Trans,2.0,sg,True,False,False,False,False,False,,,2.0,,,,,6.0,5,
you see the books.,PRO,2.0,,,True,Trans,2.0,sg,True,False,False,False,False,False,,,2.0,,,,,6.0,5,
you see every woman.,PRO,2.0,,,True,Trans,2.0,sg,True,False,False,False,False,False,,,1.0,,,,,6.0,5,
you see every man.,PRO,2.0,,,True,Trans,2.0,sg,True,False,False,False,False,False,,,1.0,,,,,6.0,5,
you see all women.,PRO,2.0,,,True,Trans,2.0,sg,True,False,False,False,False,False,,,1.0,,,,,6.0,5,
you see all men.,PRO,2.0,,,True,Trans,2.0,sg,True,False,False,False,False,False,,,1.0,,,,,6.0,5,
you see me.,PRO,2.0,,,True,Trans,2.0,sg,True,False,False,False,False,False,,,1.0,,,,,6.0,4,
you see him.,PRO,2.0,,,True,Trans,2.0,sg,True,False,False,False,False,False,,,1.0,,,,,6.0,4,
you see her.,PRO,2.0,,,True,Trans,2.0,sg,True,False,False,False,False,False,,,1.0,,,,,6.0,4,
you see it.,PRO,2.0,,,True,Trans,2.0,sg,True,False,False,False,False,False,,,2.0,,,,,6.0,4,
you see us.,PRO,2.0,,,True,Trans,2.0,sg,True,False,False,False,False,False,,,1.0,,,,,6.0,4,
you see them.,PRO,2.0,,,True,Trans,2.0,sg,True,False,False,False,False,False,,,1.0,,,,,6.0,4,
you see yourself.,PRO,2.0,,,True,Trans,2.0,sg,True,False,False,False,False,False,,,0.0,,,,,6.0,4,
you see yourselves.,PRO,2.0,,,True,Trans,,pl,True,False,False,False,False,False,,,0.0,,,,,6.0,4,
you saw Mary.,PRO,2.0,,,True,Trans,,,True,False,False,False,False,False,,,1.0,,,,,6.0,4,
you saw John.,PRO,2.0,,,True,Trans,,,True,False,False,False,False,False,,,1.0,,,,,6.0,4,
you saw the woman.,PRO,2.0,,,True,Trans,,,True,False,False,False,False,False,,,1.0,,,,,6.0,5,
you saw the man.,PRO,2.0,,,True,Trans,,,True,False,False,False,False,False,,,1.0,,,,,6.0,5,
you saw the women.,PRO,2.0,,,True,Trans,,,True,False,False,False,False,False,,,1.0,,,,,6.0,5,
you saw the men.,PRO,2.0,,,True,Trans,,,True,False,False,False,False,False,,,1.0,,,,,6.0,5,
you saw the book.,PRO,2.0,,,True,Trans,,,True,False,False,False,False,False,,,2.0,,,,,6.0,5,
you saw the books.,PRO,2.0,,,True,Trans,,,True,False,False,False,False,False,,,2.0,,,,,6.0,5,
you saw every woman.,PRO,2.0,,,True,Trans,,,True,False,False,False,False,False,,,1.0,,,,,6.0,5,
you saw every man.,PRO,2.0,,,True,Trans,,,True,False,False,False,False,False,,,1.0,,,,,6.0,5,
you saw all women.,PRO,2.0,,,True,Trans,,,True,False,False,False,False,False,,,1.0,,,,,6.0,5,
you saw all men.,PRO,2.0,,,True,Trans,,,True,False,False,False,False,False,,,1.0,,,,,6.0,5,
you saw me.,PRO,2.0,,,True,Trans,,,True,False,False,False,False,False,,,1.0,,,,,6.0,4,
you saw him.,PRO,2.0,,,True,Trans,,,True,False,False,False,False,False,,,1.0,,,,,6.0,4,
you saw her.,PRO,2.0,,,True,Trans,,,True,False,False,False,False,False,,,1.0,,,,,6.0,4,
you saw it.,PRO,2.0,,,True,Trans,,,True,False,False,False,False,False,,,2.0,,,,,6.0,4,
you saw us.,PRO,2.0,,,True,Trans,,,True,False,False,False,False,False,,,1.0,,,,,6.0,4,
you saw them.,PRO,2.0,,,True,Trans,,,True,False,False,False,False,False,,,1.0,,,,,6.0,4,
you saw yourself.,PRO,2.0,,,True,Trans,,,True,False,False,False,False,False,,,0.0,,,,,6.0,4,
you saw yourselves.,PRO,2.0,,,True,Trans,,,True,False,False,False,False,False,,,0.0,,,,,6.0,4,
he plays.,PRO,3.0,sg,m,True,Intrans,3.0,sg,True,False,False,False,False,False,,,,,,,,5.0,3,
he played.,PRO,3.0,sg,m,True,Intrans,,,True,False,False,False,False,False,,,,,,,,5.0,3,
he falls.,PRO,3.0,sg,m,True,Intrans,3.0,sg,True,False,False,False,False,False,,,,,,,,5.0,3,
he fell.,PRO,3.0,sg,m,True,Intrans,,,True,False,False,False,False,False,,,,,,,,5.0,3,
he sees Mary.,PRO,3.0,sg,m,True,Trans,3.0,sg,True,False,False,False,False,False,,,1.0,,,,,5.0,4,
he sees John.,PRO,3.0,sg,m,True,Trans,3.0,sg,True,False,False,False,False,False,,,0.0,,,,,5.0,4,
he sees the woman.,PRO,3.0,sg,m,True,Trans,3.0,sg,True,False,False,False,False,False,,,1.0,,,,,5.0,5,
he sees the man.,PRO,3.0,sg,m,True,Trans,3.0,sg,True,False,False,False,False,False,,,0.0,,,,,5.0,5,
he sees the women.,PRO,3.0,sg,m,True,Trans,3.0,sg,True,False,False,False,False,False,,,2.0,,,,,5.0,5,
he sees the men.,PRO,3.0,sg,m,True,Trans,3.0,sg,True,False,False,False,False,False,,,1.0,,,,,5.0,5,
he sees the book.,PRO,3.0,sg,m,True,Trans,3.0,sg,True,False,False,False,False,False,,,1.0,,,,,5.0,5,
he sees the books.,PRO,3.0,sg,m,True,Trans,3.0,sg,True,False,False,False,False,False,,,2.0,,,,,5.0,5,
he sees every woman.,PRO,3.0,sg,m,True,Trans,3.0,sg,True,False,False,False,False,False,,,1.0,,,,,5.0,5,
he sees every man.,PRO,3.0,sg,m,True,Trans,3.0,sg,True,False,False,False,False,False,,,0.0,,,,,5.0,5,
he sees all women.,PRO,3.0,sg,m,True,Trans,3.0,sg,True,False,False,False,False,False,,,2.0,,,,,5.0,5,
he sees all men.,PRO,3.0,sg,m,True,Trans,3.0,sg,True,False,False,False,False,False,,,1.0,,,,,5.0,5,
he sees me.,PRO,3.0,sg,m,True,Trans,3.0,sg,True,False,False,False,False,False,,,1.0,,,,,5.0,4,
he sees you.,PRO,3.0,sg,m,True,Trans,3.0,sg,True,False,False,False,False,False,,,1.0,,,,,5.0,4,
he sees her.,PRO,3.0,sg,m,True,Trans,3.0,sg,True,False,False,False,False,False,,,1.0,,,,,5.0,4,
he sees it.,PRO,3.0,sg,m,True,Trans,3.0,sg,True,False,False,False,False,False,,,1.0,,,,,5.0,4,
he sees us.,PRO,3.0,sg,m,True,Trans,3.0,sg,True,False,False,False,False,False,,,2.0,,,,,5.0,4,
he sees them.,PRO,3.0,sg,m,True,Trans,3.0,sg,True,False,False,False,False,False,,,1.0,,,,,5.0,4,
he sees himself.,PRO,3.0,sg,m,True,Trans,3.0,sg,True,False,False,False,False,False,,,0.0,,,,,5.0,4,
he saw Mary.,PRO,3.0,sg,m,True,Trans,,,True,False,False,False,False,False,,,1.0,,,,,6.0,4,
he saw John.,PRO,3.0,sg,m,True,Trans,,,True,False,False,False,False,False,,,0.0,,,,,6.0,4,
he saw the woman.,PRO,3.0,sg,m,True,Trans,,,True,False,False,False,False,False,,,1.0,,,,,6.0,5,
he saw the man.,PRO,3.0,sg,m,True,Trans,,,True,False,False,False,False,False,,,0.0,,,,,6.0,5,
he saw the women.,PRO,3.0,sg,m,True,Trans,,,True,False,False,False,False,False,,,2.0,,,,,6.0,5,
he saw the men.,PRO,3.0,sg,m,True,Trans,,,True,False,False,False,False,False,,,1.0,,,,,6.0,5,
he saw the book.,PRO,3.0,sg,m,True,Trans,,,True,False,False,False,False,False,,,1.0,,,,,6.0,5,
he saw the books.,PRO,3.0,sg,m,True,Trans,,,True,False,False,False,False,False,,,2.0,,,,,6.0,5,
he saw every woman.,PRO,3.0,sg,m,True,Trans,,,True,False,False,False,False,False,,,1.0,,,,,6.0,5,
he saw every man.,PRO,3.0,sg,m,True,Trans,,,True,False,False,False,False,False,,,0.0,,,,,6.0,5,
he saw all women.,PRO,3.0,sg,m,True,Trans,,,True,False,False,False,False,False,,,2.0,,,,,6.0,5,
he saw all men.,PRO,3.0,sg,m,True,Trans,,,True,False,False,False,False,False,,,1.0,,,,,6.0,5,
he saw me.,PRO,3.0,sg,m,True,Trans,,,True,False,False,False,False,False,,,1.0,,,,,6.0,4,
he saw you.,PRO,3.0,sg,m,True,Trans,,,True,False,False,False,False,False,,,1.0,,,,,6.0,4,
he saw her.,PRO,3.0,sg,m,True,Trans,,,True,False,False,False,False,False,,,1.0,,,,,6.0,4,
he saw it.,PRO,3.0,sg,m,True,Trans,,,True,False,False,False,False,False,,,1.0,,,,,6.0,4,
he saw us.,PRO,3.0,sg,m,True,Trans,,,True,False,False,False,False,False,,,2.0,,,,,6.0,4,
he saw them.,PRO,3.0,sg,m,True,Trans,,,True,False,False,False,False,False,,,1.0,,,,,6.0,4,
he saw himself.,PRO,3.0,sg,m,True,Trans,,,True,False,False,False,False,False,,,0.0,,,,,6.0,4,
she plays.,PRO,3.0,sg,f,True,Intrans,3.0,sg,True,False,False,False,False,False,,,,,,,,5.0,3,
she played.,PRO,3.0,sg,f,True,Intrans,,,True,False,False,False,False,False,,,,,,,,5.0,3,
she falls.,PRO,3.0,sg,f,True,Intrans,3.0,sg,True,False,False,False,False,False,,,,,,,,5.0,3,
she fell.,PRO,3.0,sg,f,True,Intrans,,,True,False,False,False,False,False,,,,,,,,5.0,3,
she sees Mary.,PRO,3.0,sg,f,True,Trans,3.0,sg,True,False,False,False,False,False,,,0.0,,,,,5.0,4,
she sees John.,PRO,3.0,sg,f,True,Trans,3.0,sg,True,False,False,False,False,False,,,1.0,,,,,5.0,4,
she sees the woman.,PRO,3.0,sg,f,True,Trans,3.0,sg,True,False,False,False,False,False,,,0.0,,,,,5.0,5,
she sees the man.,PRO,3.0,sg,f,True,Trans,3.0,sg,True,False,False,False,False,False,,,1.0,,,,,5.0,5,
she sees the women.,PRO,3.0,sg,f,True,Trans,3.0,sg,True,False,False,False,False,False,,,1.0,,,,,5.0,5,
she sees the men.,PRO,3.0,sg,f,True,Trans,3.0,sg,True,False,False,False,False,False,,,2.0,,,,,5.0,5,
she sees the book.,PRO,3.0,sg,f,True,Trans,3.0,sg,True,False,False,False,False,False,,,1.0,,,,,5.0,5,
she sees the books.,PRO,3.0,sg,f,True,Trans,3.0,sg,True,False,False,False,False,False,,,2.0,,,,,5.0,5,
she sees every woman.,PRO,3.0,sg,f,True,Trans,3.0,sg,True,False,False,False,False,False,,,0.0,,,,,5.0,5,
she sees every man.,PRO,3.0,sg,f,True,Trans,3.0,sg,True,False,False,False,False,False,,,1.0,,,,,5.0,5,
she sees all women.,PRO,3.0,sg,f,True,Trans,3.0,sg,True,False,False,False,False,False,,,1.0,,,,,5.0,5,
she sees all men.,PRO,3.0,sg,f,True,Trans,3.0,sg,True,False,False,False,False,False,,,2.0,,,,,5.0,5,
she sees me.,PRO,3.0,sg,f,True,Trans,3.0,sg,True,False,False,False,False,False,,,1.0,,,,,5.0,4,
she sees you.,PRO,3.0,sg,f,True,Trans,3.0,sg,True,False,False,False,False,False,,,1.0,,,,,5.0,4,
she sees him.,PRO,3.0,sg,f,True,Trans,3.0,sg,True,False,False,False,False,False,,,1.0,,,,,5.0,4,
she sees it.,PRO,3.0,sg,f,True,Trans,3.0,sg,True,False,False,False,False,False,,,1.0,,,,,5.0,4,
she sees us.,PRO,3.0,sg,f,True,Trans,3.0,sg,True,False,False,False,False,False,,,2.0,,,,,5.0,4,
she sees them.,PRO,3.0,sg,f,True,Trans,3.0,sg,True,False,False,False,False,False,,,1.0,,,,,5.0,4,
she sees herself.,PRO,3.0,sg,f,True,Trans,3.0,sg,True,False,False,False,False,False,,,0.0,,,,,5.0,4,
she saw Mary.,PRO,3.0,sg,f,True,Trans,,,True,False,False,False,False,False,,,0.0,,,,,5.0,4,
she saw John.,PRO,3.0,sg,f,True,Trans,,,True,False,False,False,False,False,,,1.0,,,,,5.0,4,
she saw the woman.,PRO,3.0,sg,f,True,Trans,,,True,False,False,False,False,False,,,0.0,,,,,5.0,5,
she saw the man.,PRO,3.0,sg,f,True,Trans,,,True,False,False,False,False,False,,,1.0,,,,,5.0,5,
she saw the women.,PRO,3.0,sg,f,True,Trans,,,True,False,False,False,False,False,,,1.0,,,,,5.0,5,
she saw the men.,PRO,3.0,sg,f,True,Trans,,,True,False,False,False,False,False,,,2.0,,,,,5.0,5,
she saw the book.,PRO,3.0,sg,f,True,Trans,,,True,False,False,False,False,False,,,1.0,,,,,5.0,5,
she saw the books.,PRO,3.0,sg,f,True,Trans,,,True,False,False,False,False,False,,,2.0,,,,,5.0,5,
she saw every woman.,PRO,3.0,sg,f,True,Trans,,,True,False,False,False,False,False,,,0.0,,,,,5.0,5,
she saw every man.,PRO,3.0,sg,f,True,Trans,,,True,False,False,False,False,False,,,1.0,,,,,5.0,5,
she saw all women.,PRO,3.0,sg,f,True,Trans,,,True,False,False,False,False,False,,,1.0,,,,,5.0,5,
she saw all men.,PRO,3.0,sg,f,True,Trans,,,True,False,False,False,False,False,,,2.0,,,,,5.0,5,
she saw me.,PRO,3.0,sg,f,True,Trans,,,True,False,False,False,False,False,,,1.0,,,,,5.0,4,
she saw you.,PRO,3.0,sg,f,True,Trans,,,True,False,False,False,False,False,,,1.0,,,,,5.0,4,
she saw him.,PRO,3.0,sg,f,True,Trans,,,True,False,False,False,False,False,,,1.0,,,,,5.0,4,
she saw it.,PRO,3.0,sg,f,True,Trans,,,True,False,False,False,False,False,,,1.0,,,,,5.0,4,
she saw us.,PRO,3.0,sg,f,True,Trans,,,True,False,False,False,False,False,,,2.0,,,,,5.0,4,
she saw them.,PRO,3.0,sg,f,True,Trans,,,True,False,False,False,False,False,,,1.0,,,,,5.0,4,
she saw herself.,PRO,3.0,sg,f,True,Trans,,,True,False,False,False,False,False,,,0.0,,,,,5.0,4,
it falls.,PRO,3.0,sg,,False,Intrans,3.0,sg,True,False,False,False,False,False,,,,,,,,5.0,3,
it fell.,PRO,3.0,sg,,False,Intrans,,,True,False,False,False,False,False,,,,,,,,5.0,3,
we play.,PRO,1.0,pl,,True,Intrans,,pl,True,False,False,False,False,False,,,,,,,,6.0,3,
we played.,PRO,1.0,pl,,True,Intrans,,,True,False,False,False,False,False,,,,,,,,5.0,3,
we fall.,PRO,1.0,pl,,True,Intrans,,pl,True,False,False,False,False,False,,,,,,,,5.0,3,
we fell.,PRO,1.0,pl,,True,Intrans,,,True,False,False,False,False,False,,,,,,,,5.0,3,
we see Mary.,PRO,1.0,pl,,True,Trans,,pl,True,False,False,False,False,False,,,2.0,,,,,6.0,4,
we see John.,PRO,1.0,pl,,True,Trans,,pl,True,False,False,False,False,False,,,2.0,,,,,6.0,4,
we see the woman.,PRO,1.0,pl,,True,Trans,,pl,True,False,False,False,False,False,,,2.0,,,,,6.0,5,
we see the man.,PRO,1.0,pl,,True,Trans,,pl,True,False,False,False,False,False,,,2.0,,,,,6.0,5,
we see the women.,PRO,1.0,pl,,True,Trans,,pl,True,False,False,False,False,False,,,1.0,,,,,6.0,5,
we see the men.,PRO,1.0,pl,,True,Trans,,pl,True,False,False,False,False,False,,,1.0,,,,,6.0,5,
we see the book.,PRO,1.0,pl,,True,Trans,,pl,True,False,False,False,False,False,,,3.0,,,,,6.0,5,
we see the books.,PRO,1.0,pl,,True,Trans,,pl,True,False,False,False,False,False,,,2.0,,,,,6.0,5,
we see every woman.,PRO,1.0,pl,,True,Trans,,pl,True,False,False,False,False,False,,,2.0,,,,,6.0,5,
we see every man.,PRO,1.0,pl,,True,Trans,,pl,True,False,False,False,False,False,,,2.0,,,,,6.0,5,
we see all women.,PRO,1.0,pl,,True,Trans,,pl,True,False,False,False,False,False,,,1.0,,,,,6.0,5,
we see all men.,PRO,1.0,pl,,True,Trans,,pl,True,False,False,False,False,False,,,1.0,,,,,6.0,5,
we see me.,PRO,1.0,pl,,True,Trans,,pl,True,False,False,False,False,False,,,1.0,,,,,6.0,4,
we see you.,PRO,1.0,pl,,True,Trans,,pl,True,False,False,False,False,False,,,1.0,,,,,6.0,4,
we see him.,PRO,1.0,pl,,True,Trans,,pl,True,False,False,False,False,False,,,2.0,,,,,6.0,4,
we see her.,PRO,1.0,pl,,True,Trans,,pl,True,False,False,False,False,False,,,2.0,,,,,6.0,4,
we see it.,PRO,1.0,pl,,True,Trans,,pl,True,False,False,False,False,False,,,3.0,,,,,6.0,4,
we see them.,PRO,1.0,pl,,True,Trans,,pl,True,False,False,False,False,False,,,1.0,,,,,6.0,4,
we see ourselves.,PRO,1.0,pl,,True,Trans,,pl,True,False,False,False,False,False,,,0.0,,,,,6.0,4,
we saw Mary.,PRO,1.0,pl,,True,Trans,,,True,False,False,False,False,False,,,2.0,,,,,5.0,4,
we saw John.,PRO,1.0,pl,,True,Trans,,,True,False,False,False,False,False,,,2.0,,,,,5.0,4,
we saw the woman.,PRO,1.0,pl,,True,Trans,,,True,False,False,False,False,False,,,2.0,,,,,5.0,5,
we saw the man.,PRO,1.0,pl,,True,Trans,,,True,False,False,False,False,False,,,2.0,,,,,5.0,5,
we saw the women.,PRO,1.0,pl,,True,Trans,,,True,False,False,False,False,False,,,1.0,,,,,5.0,5,
we saw the men.,PRO,1.0,pl,,True,Trans,,,True,False,False,False,False,False,,,1.0,,,,,5.0,5,
we saw the book.,PRO,1.0,pl,,True,Trans,,,True,False,False,False,False,False,,,3.0,,,,,5.0,5,
we saw the books.,PRO,1.0,pl,,True,Trans,,,True,False,False,False,False,False,,,2.0,,,,,5.0,5,
we saw every woman.,PRO,1.0,pl,,True,Trans,,,True,False,False,False,False,False,,,2.0,,,,,5.0,5,
we saw every man.,PRO,1.0,pl,,True,Trans,,,True,False,False,False,False,False,,,2.0,,,,,5.0,5,
we saw all women.,PRO,1.0,pl,,True,Trans,,,True,False,False,False,False,False,,,1.0,,,,,5.0,5,
we saw all men.,PRO,1.0,pl,,True,Trans,,,True,False,False,False,False,False,,,1.0,,,,,5.0,5,
we saw me.,PRO,1.0,pl,,True,Trans,,,True,False,False,False,False,False,,,1.0,,,,,5.0,4,
we saw you.,PRO,1.0,pl,,True,Trans,,,True,False,False,False,False,False,,,1.0,,,,,5.0,4,
we saw him.,PRO,1.0,pl,,True,Trans,,,True,False,False,False,False,False,,,2.0,,,,,5.0,4,
we saw her.,PRO,1.0,pl,,True,Trans,,,True,False,False,False,False,False,,,2.0,,,,,5.0,4,
we saw it.,PRO,1.0,pl,,True,Trans,,,True,False,False,False,False,False,,,3.0,,,,,5.0,4,
we saw them.,PRO,1.0,pl,,True,Trans,,,True,False,False,False,False,False,,,1.0,,,,,5.0,4,
we saw ourselves.,PRO,1.0,pl,,True,Trans,,,True,False,False,False,False,False,,,0.0,,,,,5.0,4,
they play.,PRO,3.0,pl,,True,Intrans,,pl,True,False,False,False,False,False,,,,,,,,6.0,3,
they played.,PRO,3.0,pl,,True,Intrans,,,True,False,False,False,False,False,,,,,,,,5.0,3,
they fall.,PRO,3.0,pl,,True,Intrans,,pl,True,False,False,False,False,False,,,,,,,,5.0,3,
they fell.,PRO,3.0,pl,,True,Intrans,,,True,False,False,False,False,False,,,,,,,,5.0,3,
they see Mary.,PRO,3.0,pl,,True,Trans,,pl,True,False,False,False,False,False,,,1.0,,,,,6.0,4,
they see John.,PRO,3.0,pl,,True,Trans,,pl,True,False,False,False,False,False,,,1.0,,,,,6.0,4,
they see the woman.,PRO,3.0,pl,,True,Trans,,pl,True,False,False,False,False,False,,,1.0,,,,,6.0,5,
they see the man.,PRO,3.0,pl,,True,Trans,,pl,True,False,False,False,False,False,,,1.0,,,,,6.0,5,
they see the women.,PRO,3.0,pl,,True,Trans,,pl,True,False,False,False,False,False,,,0.0,,,,,6.0,5,
they see the men.,PRO,3.0,pl,,True,Trans,,pl,True,False,False,False,False,False,,,0.0,,,,,6.0,5,
they see the book.,PRO,3.0,pl,,True,Trans,,pl,True,False,False,False,False,False,,,2.0,,,,,6.0,5,
they see the books.,PRO,3.0,pl,,True,Trans,,pl,True,False,False,False,False,False,,,1.0,,,,,6.0,5,
they see every woman.,PRO,3.0,pl,,True,Trans,,pl,True,False,False,False,False,False,,,1.0,,,,,6.0,5,
they see every man.,PRO,3.0,pl,,True,Trans,,pl,True,False,False,False,False,False,,,1.0,,,,,6.0,5,
they see all women.,PRO,3.0,pl,,True,Trans,,pl,True,False,False,False,False,False,,,0.0,,,,,6.0,5,
they see all men.,PRO,3.0,pl,,True,Trans,,pl,True,False,False,False,False,False,,,0.0,,,,,6.0,5,
they see me.,PRO,3.0,pl,,True,Trans,,pl,True,False,False,False,False,False,,,2.0,,,,,6.0,4,
they see you.,PRO,3.0,pl,,True,Trans,,pl,True,False,False,False,False,False,,,1.0,,,,,6.0,4,
they see him.,PRO,3.0,pl,,True,Trans,,pl,True,False,False,False,False,False,,,1.0,,,,,6.0,4,
they see her.,PRO,3.0,pl,,True,Trans,,pl,True,False,False,False,False,False,,,1.0,,,,,6.0,4,
they see it.,PRO,3.0,pl,,True,Trans,,pl,True,False,False,False,False,False,,,2.0,,,,,6.0,4,
they see us.,PRO,3.0,pl,,True,Trans,,pl,True,False,False,False,False,False,,,1.0,,,,,6.0,4,
they see themselves.,PRO,3.0,pl,,True,Trans,,pl,True,False,False,False,False,False,,,0.0,,,,,6.0,4,
they saw Mary.,PRO,3.0,pl,,True,Trans,,,True,False,False,False,False,False,,,1.0,,,,,5.0,4,
they saw John.,PRO,3.0,pl,,True,Trans,,,True,False,False,False,False,False,,,1.0,,,,,5.0,4,
they saw the woman.,PRO,3.0,pl,,True,Trans,,,True,False,False,False,False,False,,,1.0,,,,,5.0,5,
they saw the man.,PRO,3.0,pl,,True,Trans,,,True,False,False,False,False,False,,,1.0,,,,,5.0,5,
they saw the women.,PRO,3.0,pl,,True,Trans,,,True,False,False,False,False,False,,,0.0,,,,,5.0,5,
they saw the men.,PRO,3.0,pl,,True,Trans,,,True,False,False,False,False,False,,,0.0,,,,,5.0,5,
they saw the book.,PRO,3.0,pl,,True,Trans,,,True,False,False,False,False,False,,,2.0,,,,,5.0,5,
they saw the books.,PRO,3.0,pl,,True,Trans,,,True,False,False,False,False,False,,,1.0,,,,,5.0,5,
they saw every woman.,PRO,3.0,pl,,True,Trans,,,True,False,False,False,False,False,,,1.0,,,,,5.0,5,
they saw every man.,PRO,3.0,pl,,True,Trans,,,True,False,False,False,False,False,,,1.0,,,,,5.0,5,
they saw all women.,PRO,3.0,pl,,True,Trans,,,True,False,False,False,False,False,,,0.0,,,,,5.0,5,
they saw all men.,PRO,3.0,pl,,True,Trans,,,True,False,False,False,False,False,,,0.0,,,,,5.0,5,
they saw me.,PRO,3.0,pl,,True,Trans,,,True,False,False,False,False,False,,,2.0,,,,,5.0,4,
they saw you.,PRO,3.0,pl,,True,Trans,,,True,False,False,False,False,False,,,1.0,,,,,5.0,4,
they saw him.,PRO,3.0,pl,,True,Trans,,,True,False,False,False,False,False,,,1.0,,,,,5.0,4,
they saw her.,PRO,3.0,pl,,True,Trans,,,True,False,False,False,False,False,,,1.0,,,,,5.0,4,
they saw it.,PRO,3.0,pl,,True,Trans,,,True,False,False,False,False,False,,,2.0,,,,,5.0,4,
they saw us.,PRO,3.0,pl,,True,Trans,,,True,False,False,False,False,False,,,1.0,,,,,5.0,4,
they saw themselves.,PRO,3.0,pl,,True,Trans,,,True,False,False,False,False,False,,,0.0,,,,,5.0,4,
Mary sees my woman.,PropN,3.0,sg,f,True,Trans,3.0,sg,True,False,False,False,False,False,,1.0,0.0,,,,,4.0,5,
Mary sees my man.,PropN,3.0,sg,f,True,Trans,3.0,sg,True,False,False,False,False,False,,1.0,1.0,,,,,4.0,5,
Mary sees my women.,PropN,3.0,sg,f,True,Trans,3.0,sg,True,False,False,False,False,False,,2.0,1.0,,,,,4.0,5,
Mary sees my men.,PropN,3.0,sg,f,True,Trans,3.0,sg,True,False,False,False,False,False,,2.0,2.0,,,,,4.0,5,
Mary sees my book.,PropN,3.0,sg,f,True,Trans,3.0,sg,True,False,False,False,False,False,,1.0,1.0,,,,,4.0,5,
Mary sees my books.,PropN,3.0,sg,f,True,Trans,3.0,sg,True,False,False,False,False,False,,2.0,2.0,,,,,4.0,5,
Mary sees our woman.,PropN,3.0,sg,f,True,Trans,3.0,sg,True,False,False,False,False,False,,2.0,0.0,,,,,4.0,5,
Mary sees our man.,PropN,3.0,sg,f,True,Trans,3.0,sg,True,False,False,False,False,False,,2.0,1.0,,,,,4.0,5,
Mary sees our women.,PropN,3.0,sg,f,True,Trans,3.0,sg,True,False,False,False,False,False,,1.0,1.0,,,,,4.0,5,
Mary sees our men.,PropN,3.0,sg,f,True,Trans,3.0,sg,True,False,False,False,False,False,,1.0,2.0,,,,,4.0,5,
Mary sees our book.,PropN,3.0,sg,f,True,Trans,3.0,sg,True,False,False,False,False,False,,2.0,1.0,,,,,4.0,5,
Mary sees our books.,PropN,3.0,sg,f,True,Trans,3.0,sg,True,False,False,False,False,False,,1.0,2.0,,,,,4.0,5,
Mary sees your woman.,PropN,3.0,sg,f,True,Trans,3.0,sg,True,False,False,False,False,False,,1.0,0.0,,,,,4.0,5,
Mary sees your man.,PropN,3.0,sg,f,True,Trans,3.0,sg,True,False,False,False,False,False,,1.0,1.0,,,,,4.0,5,
Mary sees your women.,PropN,3.0,sg,f,True,Trans,3.0,sg,True,False,False,False,False,False,,1.0,1.0,,,,,4.0,5,
Mary sees your men.,PropN,3.0,sg,f,True,Trans,3.0,sg,True,False,False,False,False,False,,1.0,2.0,,,,,4.0,5,
Mary sees your book.,PropN,3.0,sg,f,True,Trans,3.0,sg,True,False,False,False,False,False,,1.0,1.0,,,,,4.0,5,
Mary sees your books.,PropN,3.0,sg,f,True,Trans,3.0,sg,True,False,False,False,False,False,,1.0,2.0,,,,,4.0,5,
Mary sees her woman.,PropN,3.0,sg,f,True,Trans,3.0,sg,True,False,False,False,False,False,,0.0,0.0,,,,,4.0,5,
Mary sees her man.,PropN,3.0,sg,f,True,Trans,3.0,sg,True,False,False,False,False,False,,1.0,1.0,,,,,4.0,5,
Mary sees her women.,PropN,3.0,sg,f,True,Trans,3.0,sg,True,False,False,False,False,False,,1.0,1.0,,,,,4.0,5,
Mary sees her men.,PropN,3.0,sg,f,True,Trans,3.0,sg,True,False,False,False,False,False,,2.0,2.0,,,,,4.0,5,
Mary sees her book.,PropN,3.0,sg,f,True,Trans,3.0,sg,True,False,False,False,False,False,,1.0,1.0,,,,,4.0,5,
Mary sees her books.,PropN,3.0,sg,f,True,Trans,3.0,sg,True,False,False,False,False,False,,2.0,2.0,,,,,4.0,5,
Mary sees his woman.,PropN,3.0,sg,f,True,Trans,3.0,sg,True,False,False,False,False,False,,1.0,0.0,,,,,4.0,5,
Mary sees his man.,PropN,3.0,sg,f,True,Trans,3.0,sg,True,False,False,False,False,False,,0.0,1.0,,,,,4.0,5,
Mary sees his women.,PropN,3.0,sg,f,True,Trans,3.0,sg,True,False,False,False,False,False,,2.0,1.0,,,,,4.0,5,
Mary sees his men.,PropN,3.0,sg,f,True,Trans,3.0,sg,True,False,False,False,False,False,,1.0,2.0,,,,,4.0,5,
Mary sees his book.,PropN,3.0,sg,f,True,Trans,3.0,sg,True,False,False,False,False,False,,1.0,1.0,,,,,4.0,5,
Mary sees his books.,PropN,3.0,sg,f,True,Trans,3.0,sg,True,False,False,False,False,False,,2.0,2.0,,,,,4.0,5,
Mary sees its woman.,PropN,3.0,sg,f,True,Trans,3.0,sg,True,False,False,False,False,False,,2.0,0.0,,,,,4.0,5,
Mary sees its man.,PropN,3.0,sg,f,True,Trans,3.0,sg,True,False,False,False,False,False,,1.0,1.0,,,,,4.0,5,
Mary sees its women.,PropN,3.0,sg,f,True,Trans,3.0,sg,True,False,False,False,False,False,,3.0,1.0,,,,,4.0,5,
Mary sees its men.,PropN,3.0,sg,f,True,Trans,3.0,sg,True,False,False,False,False,False,,2.0,2.0,,,,,4.0,5,
Mary sees its book.,PropN,3.0,sg,f,True,Trans,3.0,sg,True,False,False,False,False,False,,0.0,1.0,,,,,4.0,5,
Mary sees its books.,PropN,3.0,sg,f,True,Trans,3.0,sg,True,False,False,False,False,False,,1.0,2.0,,,,,4.0,5,
Mary sees their woman.,PropN,3.0,sg,f,True,Trans,3.0,sg,True,False,False,False,False,False,,1.0,0.0,,,,,4.0,5,
Mary sees their man.,PropN,3.0,sg,f,True,Trans,3.0,sg,True,False,False,False,False,False,,1.0,1.0,,,,,4.0,5,
Mary sees their women.,PropN,3.0,sg,f,True,Trans,3.0,sg,True,False,False,False,False,False,,0.0,1.0,,,,,4.0,5,
Mary sees their men.,PropN,3.0,sg,f,True,Trans,3.0,sg,True,False,False,False,False,False,,0.0,2.0,,,,,4.0,5,
Mary sees their book.,PropN,3.0,sg,f,True,Trans,3.0,sg,True,False,False,False,False,False,,1.0,1.0,,,,,4.0,5,
Mary sees their books.,PropN,3.0,sg,f,True,Trans,3.0,sg,True,False,False,False,False,False,,0.0,2.0,,,,,4.0,5,
Mary saw my woman.,PropN,3.0,sg,f,True,Trans,,,True,False,False,False,False,False,,1.0,0.0,,,,,5.0,5,
Mary saw my man.,PropN,3.0,sg,f,True,Trans,,,True,False,False,False,False,False,,1.0,1.0,,,,,5.0,5,
Mary saw my women.,PropN,3.0,sg,f,True,Trans,,,True,False,False,False,False,False,,2.0,1.0,,,,,5.0,5,
Mary saw my men.,PropN,3.0,sg,f,True,Trans,,,True,False,False,False,False,False,,2.0,2.0,,,,,5.0,5,
Mary saw my book.,PropN,3.0,sg,f,True,Trans,,,True,False,False,False,False,False,,1.0,1.0,,,,,5.0,5,
Mary saw my books.,PropN,3.0,sg,f,True,Trans,,,True,False,False,False,False,False,,2.0,2.0,,,,,5.0,5,
Mary saw our woman.,PropN,3.0,sg,f,True,Trans,,,True,False,False,False,False,False,,2.0,0.0,,,,,5.0,5,
Mary saw our man.,PropN,3.0,sg,f,True,Trans,,,True,False,False,False,False,False,,2.0,1.0,,,,,5.0,5,
Mary saw our women.,PropN,3.0,sg,f,True,Trans,,,True,False,False,False,False,False,,1.0,1.0,,,,,5.0,5,
Mary saw our men.,PropN,3.0,sg,f,True,Trans,,,True,False,False,False,False,False,,1.0,2.0,,,,,5.0,5,
Mary saw our book.,PropN,3.0,sg,f,True,Trans,,,True,False,False,False,False,False,,2.0,1.0,,,,,5.0,5,
Mary saw our books.,PropN,3.0,sg,f,True,Trans,,,True,False,False,False,False,False,,1.0,2.0,,,,,5.0,5,
Mary saw your woman.,PropN,3.0,sg,f,True,Trans,,,True,False,False,False,False,False,,1.0,0.0,,,,,5.0,5,
Mary saw your man.,PropN,3.0,sg,f,True,Trans,,,True,False,False,False,False,False,,1.0,1.0,,,,,5.0,5,
Mary saw your women.,PropN,3.0,sg,f,True,Trans,,,True,False,False,False,False,False,,1.0,1.0,,,,,5.0,5,
Mary saw your men.,PropN,3.0,sg,f,True,Trans,,,True,False,False,False,False,False,,1.0,2.0,,,,,5.0,5,
Mary saw your book.,PropN,3.0,sg,f,True,Trans,,,True,False,False,False,False,False,,1.0,1.0,,,,,5.0,5,
Mary saw your books.,PropN,3.0,sg,f,True,Trans,,,True,False,False,False,False,False,,1.0,2.0,,,,,5.0,5,
Mary saw her woman.,PropN,3.0,sg,f,True,Trans,,,True,False,False,False,False,False,,0.0,0.0,,,,,5.0,5,
Mary saw her man.,PropN,3.0,sg,f,True,Trans,,,True,False,False,False,False,False,,1.0,1.0,,,,,5.0,5,
Mary saw her women.,PropN,3.0,sg,f,True,Trans,,,True,False,False,False,False,False,,1.0,1.0,,,,,5.0,5,
Mary saw her men.,PropN,3.0,sg,f,True,Trans,,,True,False,False,False,False,False,,2.0,2.0,,,,,5.0,5,
Mary saw her book.,PropN,3.0,sg,f,True,Trans,,,True,False,False,False,False,False,,1.0,1.0,,,,,5.0,5,
Mary saw her books.,PropN,3.0,sg,f,True,Trans,,,True,False,False,False,False,False,,2.0,2.0,,,,,5.0,5,
Mary saw his woman.,PropN,3.0,sg,f,True,Trans,,,True,False,False,False,False,False,,1.0,0.0,,,,,5.0,5,
Mary saw his man.,PropN,3.0,sg,f,True,Trans,,,True,False,False,False,False,False,,0.0,1.0,,,,,5.0,5,
Mary saw his women.,PropN,3.0,sg,f,True,Trans,,,True,False,False,False,False,False,,2.0,1.0,,,,,5.0,5,
Mary saw his men.,PropN,3.0,sg,f,True,Trans,,,True,False,False,False,False,False,,1.0,2.0,,,,,5.0,5,
Mary saw his book.,PropN,3.0,sg,f,True,Trans,,,True,False,False,False,False,False,,1.0,1.0,,,,,5.0,5,
Mary saw his books.,PropN,3.0,sg,f,True,Trans,,,True,False,False,False,False,False,,2.0,2.0,,,,,5.0,5,
Mary saw its woman.,PropN,3.0,sg,f,True,Trans,,,True,False,False,False,False,False,,2.0,0.0,,,,,5.0,5,
Mary saw its man.,PropN,3.0,sg,f,True,Trans,,,True,False,False,False,False,False,,1.0,1.0,,,,,5.0,5,
Mary saw its women.,PropN,3.0,sg,f,True,Trans,,,True,False,False,False,False,False,,3.0,1.0,,,,,5.0,5,
Mary saw its men.,PropN,3.0,sg,f,True,Trans,,,True,False,False,False,False,False,,2.0,2.0,,,,,5.0,5,
Mary saw its book.,PropN,3.0,sg,f,True,Trans,,,True,False,False,False,False,False,,0.0,1.0,,,,,5.0,5,
Mary saw its books.,PropN,3.0,sg,f,True,Trans,,,True,False,False,False,False,False,,1.0,2.0,,,,,5.0,5,
Mary saw their woman.,PropN,3.0,sg,f,True,Trans,,,True,False,False,False,False,False,,1.0,0.0,,,,,5.0,5,
Mary saw their man.,PropN,3.0,sg,f,True,Trans,,,True,False,False,False,False,False,,1.0,1.0,,,,,5.0,5,
Mary saw their women.,PropN,3.0,sg,f,True,Trans,,,True,False,False,False,False,False,,0.0,1.0,,,,,5.0,5,
Mary saw their men.,PropN,3.0,sg,f,True,Trans,,,True,False,False,False,False,False,,0.0,2.0,,,,,5.0,5,
Mary saw their book.,PropN,3.0,sg,f,True,Trans,,,True,False,False,False,False,False,,1.0,1.0,,,,,5.0,5,
Mary saw their books.,PropN,3.0,sg,f,True,Trans,,,True,False,False,False,False,False,,0.0,2.0,,,,,5.0,5,
John sees my woman.,PropN,3.0,sg,m,True,Trans,3.0,sg,True,False,False,False,False,False,,1.0,1.0,,,,,4.0,5,
John sees my man.,PropN,3.0,sg,m,True,Trans,3.0,sg,True,False,False,False,False,False,,1.0,0.0,,,,,4.0,5,
John sees my women.,PropN,3.0,sg,m,True,Trans,3.0,sg,True,False,False,False,False,False,,2.0,2.0,,,,,4.0,5,
John sees my men.,PropN,3.0,sg,m,True,Trans,3.0,sg,True,False,False,False,False,False,,2.0,1.0,,,,,4.0,5,
John sees my book.,PropN,3.0,sg,m,True,Trans,3.0,sg,True,False,False,False,False,False,,1.0,1.0,,,,,4.0,5,
John sees my books.,PropN,3.0,sg,m,True,Trans,3.0,sg,True,False,False,False,False,False,,2.0,2.0,,,,,4.0,5,
John sees our woman.,PropN,3.0,sg,m,True,Trans,3.0,sg,True,False,False,False,False,False,,2.0,1.0,,,,,4.0,5,
John sees our man.,PropN,3.0,sg,m,True,Trans,3.0,sg,True,False,False,False,False,False,,2.0,0.0,,,,,4.0,5,
John sees our women.,PropN,3.0,sg,m,True,Trans,3.0,sg,True,False,False,False,False,False,,1.0,2.0,,,,,4.0,5,
John sees our men.,PropN,3.0,sg,m,True,Trans,3.0,sg,True,False,False,False,False,False,,1.0,1.0,,,,,4.0,5,
John sees our book.,PropN,3.0,sg,m,True,Trans,3.0,sg,True,False,False,False,False,False,,2.0,1.0,,,,,4.0,5,
John sees our books.,PropN,3.0,sg,m,True,Trans,3.0,sg,True,False,False,False,False,False,,1.0,2.0,,,,,4.0,5,
John sees your woman.,PropN,3.0,sg,m,True,Trans,3.0,sg,True,False,False,False,False,False,,1.0,1.0,,,,,4.0,5,
John sees your man.,PropN,3.0,sg,m,True,Trans,3.0,sg,True,False,False,False,False,False,,1.0,0.0,,,,,4.0,5,
John sees your women.,PropN,3.0,sg,m,True,Trans,3.0,sg,True,False,False,False,False,False,,1.0,2.0,,,,,4.0,5,
John sees your men.,PropN,3.0,sg,m,True,Trans,3.0,sg,True,False,False,False,False,False,,1.0,1.0,,,,,4.0,5,
John sees your book.,PropN,3.0,sg,m,True,Trans,3.0,sg,True,False,False,False,False,False,,1.0,1.0,,,,,4.0,5,
John sees your books.,PropN,3.0,sg,m,True,Trans,3.0,sg,True,False,False,False,False,False,,1.0,2.0,,,,,4.0,5,
John sees her woman.,PropN,3.0,sg,m,True,Trans,3.0,sg,True,False,False,False,False,False,,0.0,1.0,,,,,4.0,5,
John sees her man.,PropN,3.0,sg,m,True,Trans,3.0,sg,True,False,False,False,False,False,,1.0,0.0,,,,,4.0,5,
John sees her women.,PropN,3.0,sg,m,True,Trans,3.0,sg,True,False,False,False,False,False,,1.0,2.0,,,,,4.0,5,
John sees her men.,PropN,3.0,sg,m,True,Trans,3.0,sg,True,False,False,False,False,False,,2.0,1.0,,,,,4.0,5,
John sees her book.,PropN,3.0,sg,m,True,Trans,3.0,sg,True,False,False,False,False,False,,1.0,1.0,,,,,4.0,5,
John sees her books.,PropN,3.0,sg,m,True,Trans,3.0,sg,True,False,False,False,False,False,,2.0,2.0,,,,,4.0,5,
John sees his woman.,PropN,3.0,sg,m,True,Trans,3.0,sg,True,False,False,False,False,False,,1.0,1.0,,,,,4.0,5,
John sees his man.,PropN,3.0,sg,m,True,Trans,3.0,sg,True,False,False,False,False,False,,0.0,0.0,,,,,4.0,5,
John sees his women.,PropN,3.0,sg,m,True,Trans,3.0,sg,True,False,False,False,False,False,,2.0,2.0,,,,,4.0,5,
John sees his men.,PropN,3.0,sg,m,True,Trans,3.0,sg,True,False,False,False,False,False,,1.0,1.0,,,,,4.0,5,
John sees his book.,PropN,3.0,sg,m,True,Trans,3.0,sg,True,False,False,False,False,False,,1.0,1.0,,,,,4.0,5,
John sees his books.,PropN,3.0,sg,m,True,Trans,3.0,sg,True,False,False,False,False,False,,2.0,2.0,,,,,4.0,5,
John sees its woman.,PropN,3.0,sg,m,True,Trans,3.0,sg,True,False,False,False,False,False,,2.0,1.0,,,,,4.0,5,
John sees its man.,PropN,3.0,sg,m,True,Trans,3.0,sg,True,False,False,False,False,False,,1.0,0.0,,,,,4.0,5,
John sees its women.,PropN,3.0,sg,m,True,Trans,3.0,sg,True,False,False,False,False,False,,3.0,2.0,,,,,4.0,5,
John sees its men.,PropN,3.0,sg,m,True,Trans,3.0,sg,True,False,False,False,False,False,,2.0,1.0,,,,,4.0,5,
John sees its book.,PropN,3.0,sg,m,True,Trans,3.0,sg,True,False,False,False,False,False,,0.0,1.0,,,,,4.0,5,
John sees its books.,PropN,3.0,sg,m,True,Trans,3.0,sg,True,False,False,False,False,False,,1.0,2.0,,,,,4.0,5,
John sees their woman.,PropN,3.0,sg,m,True,Trans,3.0,sg,True,False,False,False,False,False,,1.0,1.0,,,,,4.0,5,
John sees their man.,PropN,3.0,sg,m,True,Trans,3.0,sg,True,False,False,False,False,False,,1.0,0.0,,,,,4.0,5,
John sees their women.,PropN,3.0,sg,m,True,Trans,3.0,sg,True,False,False,False,False,False,,0.0,2.0,,,,,4.0,5,
John sees their men.,PropN,3.0,sg,m,True,Trans,3.0,sg,True,False,False,False,False,False,,0.0,1.0,,,,,4.0,5,
John sees their book.,PropN,3.0,sg,m,True,Trans,3.0,sg,True,False,False,False,False,False,,1.0,1.0,,,,,4.0,5,
John sees their books.,PropN,3.0,sg,m,True,Trans,3.0,sg,True,False,False,False,False,False,,0.0,2.0,,,,,4.0,5,
John saw my woman.,PropN,3.0,sg,m,True,Trans,,,True,False,False,False,False,False,,1.0,1.0,,,,,5.0,5,
John saw my man.,PropN,3.0,sg,m,True,Trans,,,True,False,False,False,False,False,,1.0,0.0,,,,,5.0,5,
John saw my women.,PropN,3.0,sg,m,True,Trans,,,True,False,False,False,False,False,,2.0,2.0,,,,,5.0,5,
John saw my men.,PropN,3.0,sg,m,True,Trans,,,True,False,False,False,False,False,,2.0,1.0,,,,,5.0,5,
John saw my book.,PropN,3.0,sg,m,True,Trans,,,True,False,False,False,False,False,,1.0,1.0,,,,,5.0,5,
John saw my books.,PropN,3.0,sg,m,True,Trans,,,True,False,False,False,False,False,,2.0,2.0,,,,,5.0,5,
John saw our woman.,PropN,3.0,sg,m,True,Trans,,,True,False,False,False,False,False,,2.0,1.0,,,,,5.0,5,
John saw our man.,PropN,3.0,sg,m,True,Trans,,,True,False,False,False,False,False,,2.0,0.0,,,,,5.0,5,
John saw our women.,PropN,3.0,sg,m,True,Trans,,,True,False,False,False,False,False,,1.0,2.0,,,,,5.0,5,
John saw our men.,PropN,3.0,sg,m,True,Trans,,,True,False,False,False,False,False,,1.0,1.0,,,,,5.0,5,
John saw our book.,PropN,3.0,sg,m,True,Trans,,,True,False,False,False,False,False,,2.0,1.0,,,,,5.0,5,
John saw our books.,PropN,3.0,sg,m,True,Trans,,,True,False,False,False,False,False,,1.0,2.0,,,,,5.0,5,
John saw your woman.,PropN,3.0,sg,m,True,Trans,,,True,False,False,False,False,False,,1.0,1.0,,,,,5.0,5,
John saw your man.,PropN,3.0,sg,m,True,Trans,,,True,False,False,False,False,False,,1.0,0.0,,,,,5.0,5,
John saw your women.,PropN,3.0,sg,m,True,Trans,,,True,False,False,False,False,False,,1.0,2.0,,,,,5.0,5,
John saw your men.,PropN,3.0,sg,m,True,Trans,,,True,False,False,False,False,False,,1.0,1.0,,,,,5.0,5,
John saw your book.,PropN,3.0,sg,m,True,Trans,,,True,False,False,False,False,False,,1.0,1.0,,,,,5.0,5,
John saw your books.,PropN,3.0,sg,m,True,Trans,,,True,False,False,False,False,False,,1.0,2.0,,,,,5.0,5,
John saw her woman.,PropN,3.0,sg,m,True,Trans,,,True,False,False,False,False,False,,0.0,1.0,,,,,5.0,5,
John saw her man.,PropN,3.0,sg,m,True,Trans,,,True,False,False,False,False,False,,1.0,0.0,,,,,5.0,5,
John saw her women.,PropN,3.0,sg,m,True,Trans,,,True,False,False,False,False,False,,1.0,2.0,,,,,5.0,5,
John saw her men.,PropN,3.0,sg,m,True,Trans,,,True,False,False,False,False,False,,2.0,1.0,,,,,5.0,5,
John saw her book.,PropN,3.0,sg,m,True,Trans,,,True,False,False,False,False,False,,1.0,1.0,,,,,5.0,5,
John saw her books.,PropN,3.0,sg,m,True,Trans,,,True,False,False,False,False,False,,2.0,2.0,,,,,5.0,5,
John saw his woman.,PropN,3.0,sg,m,True,Trans,,,True,False,False,False,False,False,,1.0,1.0,,,,,5.0,5,
John saw his man.,PropN,3.0,sg,m,True,Trans,,,True,False,False,False,False,False,,0.0,0.0,,,,,5.0,5,
John saw his women.,PropN,3.0,sg,m,True,Trans,,,True,False,False,False,False,False,,2.0,2.0,,,,,5.0,5,
John saw his men.,PropN,3.0,sg,m,True,Trans,,,True,False,False,False,False,False,,1.0,1.0,,,,,5.0,5,
John saw his book.,PropN,3.0,sg,m,True,Trans,,,True,False,False,False,False,False,,1.0,1.0,,,,,5.0,5,
John saw his books.,PropN,3.0,sg,m,True,Trans,,,True,False,False,False,False,False,,2.0,2.0,,,,,5.0,5,
John saw its woman.,PropN,3.0,sg,m,True,Trans,,,True,False,False,False,False,False,,2.0,1.0,,,,,5.0,5,
John saw its man.,PropN,3.0,sg,m,True,Trans,,,True,False,False,False,False,False,,1.0,0.0,,,,,5.0,5,
John saw its women.,PropN,3.0,sg,m,True,Trans,,,True,False,False,False,False,False,,3.0,2.0,,,,,5.0,5,
John saw its men.,PropN,3.0,sg,m,True,Trans,,,True,False,False,False,False,False,,2.0,1.0,,,,,5.0,5,
John saw its book.,PropN,3.0,sg,m,True,Trans,,,True,False,False,False,False,False,,0.0,1.0,,,,,5.0,5,
John saw its books.,PropN,3.0,sg,m,True,Trans,,,True,False,False,False,False,False,,1.0,2.0,,,,,5.0,5,
John saw their woman.,PropN,3.0,sg,m,True,Trans,,,True,False,False,False,False,False,,1.0,1.0,,,,,5.0,5,
John saw their man.,PropN,3.0,sg,m,True,Trans,,,True,False,False,False,False,False,,1.0,0.0,,,,,5.0,5,
John saw their women.,PropN,3.0,sg,m,True,Trans,,,True,False,False,False,False,False,,0.0,2.0,,,,,5.0,5,
John saw their men.,PropN,3.0,sg,m,True,Trans,,,True,False,False,False,False,False,,0.0,1.0,,,,,5.0,5,
John saw their book.,PropN,3.0,sg,m,True,Trans,,,True,False,False,False,False,False,,1.0,1.0,,,,,5.0,5,
John saw their books.,PropN,3.0,sg,m,True,Trans,,,True,False,False,False,False,False,,0.0,2.0,,,,,5.0,5,
the woman sees my man.,N,3.0,sg,f,True,Trans,3.0,sg,True,False,False,False,False,False,,1.0,1.0,,,,,4.0,6,
the woman sees my men.,N,3.0,sg,f,True,Trans,3.0,sg,True,False,False,False,False,False,,2.0,2.0,,,,,4.0,6,
the woman sees my book.,N,3.0,sg,f,True,Trans,3.0,sg,True,False,False,False,False,False,,1.0,1.0,,,,,4.0,6,
the woman sees my books.,N,3.0,sg,f,True,Trans,3.0,sg,True,False,False,False,False,False,,2.0,2.0,,,,,4.0,6,
the woman sees our man.,N,3.0,sg,f,True,Trans,3.0,sg,True,False,False,False,False,False,,2.0,1.0,,,,,4.0,6,
the woman sees our men.,N,3.0,sg,f,True,Trans,3.0,sg,True,False,False,False,False,False,,1.0,2.0,,,,,4.0,6,
the woman sees our book.,N,3.0,sg,f,True,Trans,3.0,sg,True,False,False,False,False,False,,2.0,1.0,,,,,4.0,6,
the woman sees our books.,N,3.0,sg,f,True,Trans,3.0,sg,True,False,False,False,False,False,,1.0,2.0,,,,,4.0,6,
the woman sees your man.,N,3.0,sg,f,True,Trans,3.0,sg,True,False,False,False,False,False,,1.0,1.0,,,,,4.0,6,
the woman sees your men.,N,3.0,sg,f,True,Trans,3.0,sg,True,False,False,False,False,False,,1.0,2.0,,,,,4.0,6,
the woman sees your book.,N,3.0,sg,f,True,Trans,3.0,sg,True,False,False,False,False,False,,1.0,1.0,,,,,4.0,6,
the woman sees your books.,N,3.0,sg,f,True,Trans,3.0,sg,True,False,False,False,False,False,,1.0,2.0,,,,,4.0,6,
the woman sees her man.,N,3.0,sg,f,True,Trans,3.0,sg,True,False,False,False,False,False,,1.0,1.0,,,,,4.0,6,
the woman sees her men.,N,3.0,sg,f,True,Trans,3.0,sg,True,False,False,False,False,False,,2.0,2.0,,,,,4.0,6,
the woman sees her book.,N,3.0,sg,f,True,Trans,3.0,sg,True,False,False,False,False,False,,1.0,1.0,,,,,4.0,6,
the woman sees her books.,N,3.0,sg,f,True,Trans,3.0,sg,True,False,False,False,False,False,,2.0,2.0,,,,,4.0,6,
the woman sees his man.,N,3.0,sg,f,True,Trans,3.0,sg,True,False,False,False,False,False,,0.0,1.0,,,,,4.0,6,
the woman sees his men.,N,3.0,sg,f,True,Trans,3.0,sg,True,False,False,False,False,False,,1.0,2.0,,,,,4.0,6,
the woman sees his book.,N,3.0,sg,f,True,Trans,3.0,sg,True,False,False,False,False,False,,1.0,1.0,,,,,4.0,6,
the woman sees his books.,N,3.0,sg,f,True,Trans,3.0,sg,True,False,False,False,False,False,,2.0,2.0,,,,,4.0,6,
the woman sees its man.,N,3.0,sg,f,True,Trans,3.0,sg,True,False,False,False,False,False,,1.0,1.0,,,,,4.0,6,
the woman sees its men.,N,3.0,sg,f,True,Trans,3.0,sg,True,False,False,False,False,False,,2.0,2.0,,,,,4.0,6,
the woman sees its book.,N,3.0,sg,f,True,Trans,3.0,sg,True,False,False,False,False,False,,0.0,1.0,,,,,4.0,6,
the woman sees its books.,N,3.0,sg,f,True,Trans,3.0,sg,True,False,False,False,False,False,,1.0,2.0,,,,,4.0,6,
the woman sees their man.,N,3.0,sg,f,True,Trans,3.0,sg,True,False,False,False,False,False,,1.0,1.0,,,,,4.0,6,
the woman sees their men.,N,3.0,sg,f,True,Trans,3.0,sg,True,False,False,False,False,False,,0.0,2.0,,,,,4.0,6,
the woman sees their book.,N,3.0,sg,f,True,Trans,3.0,sg,True,False,False,False,False,False,,1.0,1.0,,,,,4.0,6,
the woman sees their books.,N,3.0,sg,f,True,Trans,3.0,sg,True,False,False,False,False,False,,0.0,2.0,,,,,4.0,6,
the woman saw my man.,N,3.0,sg,f,True,Trans,,,True,False,False,False,False,False,,1.0,1.0,,,,,5.0,6,
the woman saw my men.,N,3.0,sg,f,True,Trans,,,True,False,False,False,False,False,,2.0,2.0,,,,,5.0,6,
the woman saw my book.,N,3.0,sg,f,True,Trans,,,True,False,False,False,False,False,,1.0,1.0,,,,,5.0,6,
the woman saw my books.,N,3.0,sg,f,True,Trans,,,True,False,False,False,False,False,,2.0,2.0,,,,,5.0,6,
the woman saw our man.,N,3.0,sg,f,True,Trans,,,True,False,False,False,False,False,,2.0,1.0,,,,,5.0,6,
the woman saw our men.,N,3.0,sg,f,True,Trans,,,True,False,False,False,False,False,,1.0,2.0,,,,,5.0,6,
the woman saw our book.,N,3.0,sg,f,True,Trans,,,True,False,False,False,False,False,,2.0,1.0,,,,,5.0,6,
the woman saw our books.,N,3.0,sg,f,True,Trans,,,True,False,False,False,False,False,,1.0,2.0,,,,,5.0,6,
the woman saw your man.,N,3.0,sg,f,True,Trans,,,True,False,False,False,False,False,,1.0,1.0,,,,,5.0,6,
the woman saw your men.,N,3.0,sg,f,True,Trans,,,True,False,False,False,False,False,,1.0,2.0,,,,,5.0,6,
the woman saw your book.,N,3.0,sg,f,True,Trans,,,True,False,False,False,False,False,,1.0,1.0,,,,,5.0,6,
the woman saw your books.,N,3.0,sg,f,True,Trans,,,True,False,False,False,False,False,,1.0,2.0,,,,,5.0,6,
the woman saw her man.,N,3.0,sg,f,True,Trans,,,True,False,False,False,False,False,,1.0,1.0,,,,,5.0,6,
the woman saw her men.,N,3.0,sg,f,True,Trans,,,True,False,False,False,False,False,,2.0,2.0,,,,,5.0,6,
the woman saw her book.,N,3.0,sg,f,True,Trans,,,True,False,False,False,False,False,,1.0,1.0,,,,,5.0,6,
the woman saw her books.,N,3.0,sg,f,True,Trans,,,True,False,False,False,False,False,,2.0,2.0,,,,,5.0,6,
the woman saw his man.,N,3.0,sg,f,True,Trans,,,True,False,False,False,False,False,,0.0,1.0,,,,,5.0,6,
the woman saw his men.,N,3.0,sg,f,True,Trans,,,True,False,False,False,False,False,,1.0,2.0,,,,,5.0,6,
the woman saw his book.,N,3.0,sg,f,True,Trans,,,True,False,False,False,False,False,,1.0,1.0,,,,,5.0,6,
the woman saw his books.,N,3.0,sg,f,True,Trans,,,True,False,False,False,False,False,,2.0,2.0,,,,,5.0,6,
the woman saw its man.,N,3.0,sg,f,True,Trans,,,True,False,False,False,False,False,,1.0,1.0,,,,,5.0,6,
the woman saw its men.,N,3.0,sg,f,True,Trans,,,True,False,False,False,False,False,,2.0,2.0,,,,,5.0,6,
the woman saw its book.,N,3.0,sg,f,True,Trans,,,True,False,False,False,False,False,,0.0,1.0,,,,,5.0,6,
the woman saw its books.,N,3.0,sg,f,True,Trans,,,True,False,False,False,False,False,,1.0,2.0,,,,,5.0,6,
the woman saw their man.,N,3.0,sg,f,True,Trans,,,True,False,False,False,False,False,,1.0,1.0,,,,,5.0,6,
the woman saw their men.,N,3.0,sg,f,True,Trans,,,True,False,False,False,False,False,,0.0,2.0,,,,,5.0,6,
the woman saw their book.,N,3.0,sg,f,True,Trans,,,True,False,False,False,False,False,,1.0,1.0,,,,,5.0,6,
the woman saw their books.,N,3.0,sg,f,True,Trans,,,True,False,False,False,False,False,,0.0,2.0,,,,,5.0,6,
the man sees my woman.,N,3.0,sg,m,True,Trans,3.0,sg,True,False,False,False,False,False,,1.0,1.0,,,,,5.0,6,
the man sees my women.,N,3.0,sg,m,True,Trans,3.0,sg,True,False,False,False,False,False,,2.0,2.0,,,,,5.0,6,
the man sees my book.,N,3.0,sg,m,True,Trans,3.0,sg,True,False,False,False,False,False,,1.0,1.0,,,,,5.0,6,
the man sees my books.,N,3.0,sg,m,True,Trans,3.0,sg,True,False,False,False,False,False,,2.0,2.0,,,,,5.0,6,
the man sees our woman.,N,3.0,sg,m,True,Trans,3.0,sg,True,False,False,False,False,False,,2.0,1.0,,,,,5.0,6,
the man sees our women.,N,3.0,sg,m,True,Trans,3.0,sg,True,False,False,False,False,False,,1.0,2.0,,,,,5.0,6,
the man sees our book.,N,3.0,sg,m,True,Trans,3.0,sg,True,False,False,False,False,False,,2.0,1.0,,,,,5.0,6,
the man sees our books.,N,3.0,sg,m,True,Trans,3.0,sg,True,False,False,False,False,False,,1.0,2.0,,,,,5.0,6,
the man sees your woman.,N,3.0,sg,m,True,Trans,3.0,sg,True,False,False,False,False,False,,1.0,1.0,,,,,5.0,6,
the man sees your women.,N,3.0,sg,m,True,Trans,3.0,sg,True,False,False,False,False,False,,1.0,2.0,,,,,5.0,6,
the man sees your book.,N,3.0,sg,m,True,Trans,3.0,sg,True,False,False,False,False,False,,1.0,1.0,,,,,5.0,6,
the man sees your books.,N,3.0,sg,m,True,Trans,3.0,sg,True,False,False,False,False,False,,1.0,2.0,,,,,5.0,6,
the man sees her woman.,N,3.0,sg,m,True,Trans,3.0,sg,True,False,False,False,False,False,,0.0,1.0,,,,,5.0,6,
the man sees her women.,N,3.0,sg,m,True,Trans,3.0,sg,True,False,False,False,False,False,,1.0,2.0,,,,,5.0,6,
the man sees her book.,N,3.0,sg,m,True,Trans,3.0,sg,True,False,False,False,False,False,,1.0,1.0,,,,,5.0,6,
the man sees her books.,N,3.0,sg,m,True,Trans,3.0,sg,True,False,False,False,False,False,,2.0,2.0,,,,,5.0,6,
the man sees his woman.,N,3.0,sg,m,True,Trans,3.0,sg,True,False,False,False,False,False,,1.0,1.0,,,,,5.0,6,
the man sees his women.,N,3.0,sg,m,True,Trans,3.0,sg,True,False,False,False,False,False,,2.0,2.0,,,,,5.0,6,
the man sees his book.,N,3.0,sg,m,True,Trans,3.0,sg,True,False,False,False,False,False,,1.0,1.0,,,,,5.0,6,
the man sees his books.,N,3.0,sg,m,True,Trans,3.0,sg,True,False,False,False,False,False,,2.0,2.0,,,,,5.0,6,
the man sees its woman.,N,3.0,sg,m,True,Trans,3.0,sg,True,False,False,False,False,False,,2.0,1.0,,,,,5.0,6,
the man sees its women.,N,3.0,sg,m,True,Trans,3.0,sg,True,False,False,False,False,False,,3.0,2.0,,,,,5.0,6,
the man sees its book.,N,3.0,sg,m,True,Trans,3.0,sg,True,False,False,False,False,False,,0.0,1.0,,,,,5.0,6,
the man sees its books.,N,3.0,sg,m,True,Trans,3.0,sg,True,False,False,False,False,False,,1.0,2.0,,,,,5.0,6,
the man sees their woman.,N,3.0,sg,m,True,Trans,3.0,sg,True,False,False,False,False,False,,1.0,1.0,,,,,5.0,6,
the man sees their women.,N,3.0,sg,m,True,Trans,3.0,sg,True,False,False,False,False,False,,0.0,2.0,,,,,5.0,6,
the man sees their book.,N,3.0,sg,m,True,Trans,3.0,sg,True,False,False,False,False,False,,1.0,1.0,,,,,5.0,6,
the man sees their books.,N,3.0,sg,m,True,Trans,3.0,sg,True,False,False,False,False,False,,0.0,2.0,,,,,5.0,6,
the man saw my woman.,N,3.0,sg,m,True,Trans,,,True,False,False,False,False,False,,1.0,1.0,,,,,5.0,6,
the man saw my women.,N,3.0,sg,m,True,Trans,,,True,False,False,False,False,False,,2.0,2.0,,,,,5.0,6,
the man saw my book.,N,3.0,sg,m,True,Trans,,,True,False,False,False,False,False,,1.0,1.0,,,,,5.0,6,
the man saw my books.,N,3.0,sg,m,True,Trans,,,True,False,False,False,False,False,,2.0,2.0,,,,,5.0,6,
the man saw our woman.,N,3.0,sg,m,True,Trans,,,True,False,False,False,False,False,,2.0,1.0,,,,,5.0,6,
the man saw our women.,N,3.0,sg,m,True,Trans,,,True,False,False,False,False,False,,1.0,2.0,,,,,5.0,6,
the man saw our book.,N,3.0,sg,m,True,Trans,,,True,False,False,False,False,False,,2.0,1.0,,,,,5.0,6,
the man saw our books.,N,3.0,sg,m,True,Trans,,,True,False,False,False,False,False,,1.0,2.0,,,,,5.0,6,
the man saw your woman.,N,3.0,sg,m,True,Trans,,,True,False,False,False,False,False,,1.0,1.0,,,,,5.0,6,
the man saw your women.,N,3.0,sg,m,True,Trans,,,True,False,False,False,False,False,,1.0,2.0,,,,,5.0,6,
the man saw your book.,N,3.0,sg,m,True,Trans,,,True,False,False,False,False,False,,1.0,1.0,,,,,5.0,6,
the man saw your books.,N,3.0,sg,m,True,Trans,,,True,False,False,False,False,False,,1.0,2.0,,,,,5.0,6,
the man saw her woman.,N,3.0,sg,m,True,Trans,,,True,False,False,False,False,False,,0.0,1.0,,,,,5.0,6,
the man saw her women.,N,3.0,sg,m,True,Trans,,,True,False,False,False,False,False,,1.0,2.0,,,,,5.0,6,
the man saw her book.,N,3.0,sg,m,True,Trans,,,True,False,False,False,False,False,,1.0,1.0,,,,,5.0,6,
the man saw her books.,N,3.0,sg,m,True,Trans,,,True,False,False,False,False,False,,2.0,2.0,,,,,5.0,6,
the man saw his woman.,N,3.0,sg,m,True,Trans,,,True,False,False,False,False,False,,1.0,1.0,,,,,5.0,6,
the man saw his women.,N,3.0,sg,m,True,Trans,,,True,False,False,False,False,False,,2.0,2.0,,,,,5.0,6,
the man saw his book.,N,3.0,sg,m,True,Trans,,,True,False,False,False,False,False,,1.0,1.0,,,,,5.0,6,
the man saw his books.,N,3.0,sg,m,True,Trans,,,True,False,False,False,False,False,,2.0,2.0,,,,,5.0,6,
the man saw its woman.,N,3.0,sg,m,True,Trans,,,True,False,False,False,False,False,,2.0,1.0,,,,,5.0,6,
the man saw its women.,N,3.0,sg,m,True,Trans,,,True,False,False,False,False,False,,3.0,2.0,,,,,5.0,6,
the man saw its book.,N,3.0,sg,m,True,Trans,,,True,False,False,False,False,False,,0.0,1.0,,,,,5.0,6,
the man saw its books.,N,3.0,sg,m,True,Trans,,,True,False,False,False,False,False,,1.0,2.0,,,,,5.0,6,
the man saw their woman.,N,3.0,sg,m,True,Trans,,,True,False,False,False,False,False,,1.0,1.0,,,,,5.0,6,
the man saw their women.,N,3.0,sg,m,True,Trans,,,True,False,False,False,False,False,,0.0,2.0,,,,,5.0,6,
the man saw their book.,N,3.0,sg,m,True,Trans,,,True,False,False,False,False,False,,1.0,1.0,,,,,5.0,6,
the man saw their books.,N,3.0,sg,m,True,Trans,,,True,False,False,False,False,False,,0.0,2.0,,,,,5.0,6,
the women see my man.,N,3.0,pl,f,True,Trans,,pl,True,False,False,False,False,False,,1.0,2.0,,,,,5.0,6,
the women see my men.,N,3.0,pl,f,True,Trans,,pl,True,False,False,False,False,False,,2.0,1.0,,,,,5.0,6,
the women see my book.,N,3.0,pl,f,True,Trans,,pl,True,False,False,False,False,False,,1.0,2.0,,,,,5.0,6,
the women see my books.,N,3.0,pl,f,True,Trans,,pl,True,False,False,False,False,False,,2.0,1.0,,,,,5.0,6,
the women see our man.,N,3.0,pl,f,True,Trans,,pl,True,False,False,False,False,False,,2.0,2.0,,,,,5.0,6,
the women see our men.,N,3.0,pl,f,True,Trans,,pl,True,False,False,False,False,False,,1.0,1.0,,,,,5.0,6,
the women see our book.,N,3.0,pl,f,True,Trans,,pl,True,False,False,False,False,False,,2.0,2.0,,,,,5.0,6,
the women see our books.,N,3.0,pl,f,True,Trans,,pl,True,False,False,False,False,False,,1.0,1.0,,,,,5.0,6,
the women see your man.,N,3.0,pl,f,True,Trans,,pl,True,False,False,False,False,False,,1.0,2.0,,,,,5.0,6,
the women see your men.,N,3.0,pl,f,True,Trans,,pl,True,False,False,False,False,False,,1.0,1.0,,,,,5.0,6,
the women see your book.,N,3.0,pl,f,True,Trans,,pl,True,False,False,False,False,False,,1.0,2.0,,,,,5.0,6,
the women see your books.,N,3.0,pl,f,True,Trans,,pl,True,False,False,False,False,False,,1.0,1.0,,,,,5.0,6,
the women see her man.,N,3.0,pl,f,True,Trans,,pl,True,False,False,False,False,False,,1.0,2.0,,,,,5.0,6,
the women see her men.,N,3.0,pl,f,True,Trans,,pl,True,False,False,False,False,False,,2.0,1.0,,,,,5.0,6,
the women see her book.,N,3.0,pl,f,True,Trans,,pl,True,False,False,False,False,False,,1.0,2.0,,,,,5.0,6,
the women see her books.,N,3.0,pl,f,True,Trans,,pl,True,False,False,False,False,False,,2.0,1.0,,,,,5.0,6,
the women see his man.,N,3.0,pl,f,True,Trans,,pl,True,False,False,False,False,False,,0.0,2.0,,,,,5.0,6,
the women see his men.,N,3.0,pl,f,True,Trans,,pl,True,False,False,False,False,False,,1.0,1.0,,,,,5.0,6,
the women see his book.,N,3.0,pl,f,True,Trans,,pl,True,False,False,False,False,False,,1.0,2.0,,,,,5.0,6,
the women see his books.,N,3.0,pl,f,True,Trans,,pl,True,False,False,False,False,False,,2.0,1.0,,,,,5.0,6,
the women see its man.,N,3.0,pl,f,True,Trans,,pl,True,False,False,False,False,False,,1.0,2.0,,,,,5.0,6,
the women see its men.,N,3.0,pl,f,True,Trans,,pl,True,False,False,False,False,False,,2.0,1.0,,,,,5.0,6,
the women see its book.,N,3.0,pl,f,True,Trans,,pl,True,False,False,False,False,False,,0.0,2.0,,,,,5.0,6,
the women see its books.,N,3.0,pl,f,True,Trans,,pl,True,False,False,False,False,False,,1.0,1.0,,,,,5.0,6,
the women see their man.,N,3.0,pl,f,True,Trans,,pl,True,False,False,False,False,False,,1.0,2.0,,,,,5.0,6,
the women see their men.,N,3.0,pl,f,True,Trans,,pl,True,False,False,False,False,False,,0.0,1.0,,,,,5.0,6,
the women see their book.,N,3.0,pl,f,True,Trans,,pl,True,False,False,False,False,False,,1.0,2.0,,,,,5.0,6,
the women see their books.,N,3.0,pl,f,True,Trans,,pl,True,False,False,False,False,False,,0.0,1.0,,,,,5.0,6,
the women saw my man.,N,3.0,pl,f,True,Trans,,,True,False,False,False,False,False,,1.0,2.0,,,,,5.0,6,
the women saw my men.,N,3.0,pl,f,True,Trans,,,True,False,False,False,False,False,,2.0,1.0,,,,,5.0,6,
the women saw my book.,N,3.0,pl,f,True,Trans,,,True,False,False,False,False,False,,1.0,2.0,,,,,5.0,6,
the women saw my books.,N,3.0,pl,f,True,Trans,,,True,False,False,False,False,False,,2.0,1.0,,,,,5.0,6,
the women saw our man.,N,3.0,pl,f,True,Trans,,,True,False,False,False,False,False,,2.0,2.0,,,,,5.0,6,
the women saw our men.,N,3.0,pl,f,True,Trans,,,True,False,False,False,False,False,,1.0,1.0,,,,,5.0,6,
the women saw our book.,N,3.0,pl,f,True,Trans,,,True,False,False,False,False,False,,2.0,2.0,,,,,5.0,6,
the women saw our books.,N,3.0,pl,f,True,Trans,,,True,False,False,False,False,False,,1.0,1.0,,,,,5.0,6,
the women saw your man.,N,3.0,pl,f,True,Trans,,,True,False,False,False,False,False,,1.0,2.0,,,,,5.0,6,
the women saw your men.,N,3.0,pl,f,True,Trans,,,True,False,False,False,False,False,,1.0,1.0,,,,,5.0,6,
the women saw your book.,N,3.0,pl,f,True,Trans,,,True,False,False,False,False,False,,1.0,2.0,,,,,5.0,6,
the women saw your books.,N,3.0,pl,f,True,Trans,,,True,False,False,False,False,False,,1.0,1.0,,,,,5.0,6,
the women saw her man.,N,3.0,pl,f,True,Trans,,,True,False,False,False,False,False,,1.0,2.0,,,,,5.0,6,
the women saw her men.,N,3.0,pl,f,True,Trans,,,True,False,False,False,False,False,,2.0,1.0,,,,,5.0,6,
the women saw her book.,N,3.0,pl,f,True,Trans,,,True,False,False,False,False,False,,1.0,2.0,,,,,5.0,6,
the women saw her books.,N,3.0,pl,f,True,Trans,,,True,False,False,False,False,False,,2.0,1.0,,,,,5.0,6,
the women saw his man.,N,3.0,pl,f,True,Trans,,,True,False,False,False,False,False,,0.0,2.0,,,,,5.0,6,
the women saw his men.,N,3.0,pl,f,True,Trans,,,True,False,False,False,False,False,,1.0,1.0,,,,,5.0,6,
the women saw his book.,N,3.0,pl,f,True,Trans,,,True,False,False,False,False,False,,1.0,2.0,,,,,5.0,6,
the women saw his books.,N,3.0,pl,f,True,Trans,,,True,False,False,False,False,False,,2.0,1.0,,,,,5.0,6,
the women saw its man.,N,3.0,pl,f,True,Trans,,,True,False,False,False,False,False,,1.0,2.0,,,,,5.0,6,
the women saw its men.,N,3.0,pl,f,True,Trans,,,True,False,False,False,False,False,,2.0,1.0,,,,,5.0,6,
the women saw its book.,N,3.0,pl,f,True,Trans,,,True,False,False,False,False,False,,0.0,2.0,,,,,5.0,6,
the women saw its books.,N,3.0,pl,f,True,Trans,,,True,False,False,False,False,False,,1.0,1.0,,,,,5.0,6,
the women saw their man.,N,3.0,pl,f,True,Trans,,,True,False,False,False,False,False,,1.0,2.0,,,,,5.0,6,
the women saw their men.,N,3.0,pl,f,True,Trans,,,True,False,False,False,False,False,,0.0,1.0,,,,,5.0,6,
the women saw their book.,N,3.0,pl,f,True,Trans,,,True,False,False,False,False,False,,1.0,2.0,,,,,5.0,6,
the women saw their books.,N,3.0,pl,f,True,Trans,,,True,False,False,False,False,False,,0.0,1.0,,,,,5.0,6,
the men see my woman.,N,3.0,pl,m,True,Trans,,pl,True,False,False,False,False,False,,1.0,2.0,,,,,5.0,6,
the men see my women.,N,3.0,pl,m,True,Trans,,pl,True,False,False,False,False,False,,2.0,1.0,,,,,5.0,6,
the men see my book.,N,3.0,pl,m,True,Trans,,pl,True,False,False,False,False,False,,1.0,2.0,,,,,5.0,6,
the men see my books.,N,3.0,pl,m,True,Trans,,pl,True,False,False,False,False,False,,2.0,1.0,,,,,5.0,6,
the men see our woman.,N,3.0,pl,m,True,Trans,,pl,True,False,False,False,False,False,,2.0,2.0,,,,,5.0,6,
the men see our women.,N,3.0,pl,m,True,Trans,,pl,True,False,False,False,False,False,,1.0,1.0,,,,,5.0,6,
the men see our book.,N,3.0,pl,m,True,Trans,,pl,True,False,False,False,False,False,,2.0,2.0,,,,,5.0,6,
the men see our books.,N,3.0,pl,m,True,Trans,,pl,True,False,False,False,False,False,,1.0,1.0,,,,,5.0,6,
the men see your woman.,N,3.0,pl,m,True,Trans,,pl,True,False,False,False,False,False,,1.0,2.0,,,,,5.0,6,
the men see your women.,N,3.0,pl,m,True,Trans,,pl,True,False,False,False,False,False,,1.0,1.0,,,,,5.0,6,
the men see your book.,N,3.0,pl,m,True,Trans,,pl,True,False,False,False,False,False,,1.0,2.0,,,,,5.0,6,
the men see your books.,N,3.0,pl,m,True,Trans,,pl,True,False,False,False,False,False,,1.0,1.0,,,,,5.0,6,
the men see her woman.,N,3.0,pl,m,True,Trans,,pl,True,False,False,False,False,False,,0.0,2.0,,,,,5.0,6,
the men see her women.,N,3.0,pl,m,True,Trans,,pl,True,False,False,False,False,False,,1.0,1.0,,,,,5.0,6,
the men see her book.,N,3.0,pl,m,True,Trans,,pl,True,False,False,False,False,False,,1.0,2.0,,,,,5.0,6,
the men see her books.,N,3.0,pl,m,True,Trans,,pl,True,False,False,False,False,False,,2.0,1.0,,,,,5.0,6,
the men see his woman.,N,3.0,pl,m,True,Trans,,pl,True,False,False,False,False,False,,1.0,2.0,,,,,5.0,6,
the men see his women.,N,3.0,pl,m,True,Trans,,pl,True,False,False,False,False,False,,2.0,1.0,,,,,5.0,6,
the men see his book.,N,3.0,pl,m,True,Trans,,pl,True,False,False,False,False,False,,1.0,2.0,,,,,5.0,6,
the men see his books.,N,3.0,pl,m,True,Trans,,pl,True,False,False,False,False,False,,2.0,1.0,,,,,5.0,6,
the men see its woman.,N,3.0,pl,m,True,Trans,,pl,True,False,False,False,False,False,,2.0,2.0,,,,,5.0,6,
the men see its women.,N,3.0,pl,m,True,Trans,,pl,True,False,False,False,False,False,,3.0,1.0,,,,,5.0,6,
the men see its book.,N,3.0,pl,m,True,Trans,,pl,True,False,False,False,False,False,,0.0,2.0,,,,,5.0,6,
the men see its books.,N,3.0,pl,m,True,Trans,,pl,True,False,False,False,False,False,,1.0,1.0,,,,,5.0,6,
the men see their woman.,N,3.0,pl,m,True,Trans,,pl,True,False,False,False,False,False,,1.0,2.0,,,,,5.0,6,
the men see their women.,N,3.0,pl,m,True,Trans,,pl,True,False,False,False,False,False,,0.0,1.0,,,,,5.0,6,
the men see their book.,N,3.0,pl,m,True,Trans,,pl,True,False,False,False,False,False,,1.0,2.0,,,,,5.0,6,
the men see their books.,N,3.0,pl,m,True,Trans,,pl,True,False,False,False,False,False,,0.0,1.0,,,,,5.0,6,
the men saw my woman.,N,3.0,pl,m,True,Trans,,,True,False,False,False,False,False,,1.0,2.0,,,,,5.0,6,
the men saw my women.,N,3.0,pl,m,True,Trans,,,True,False,False,False,False,False,,2.0,1.0,,,,,5.0,6,
the men saw my book.,N,3.0,pl,m,True,Trans,,,True,False,False,False,False,False,,1.0,2.0,,,,,5.0,6,
the men saw my books.,N,3.0,pl,m,True,Trans,,,True,False,False,False,False,False,,2.0,1.0,,,,,5.0,6,
the men saw our woman.,N,3.0,pl,m,True,Trans,,,True,False,False,False,False,False,,2.0,2.0,,,,,5.0,6,
the men saw our women.,N,3.0,pl,m,True,Trans,,,True,False,False,False,False,False,,1.0,1.0,,,,,5.0,6,
the men saw our book.,N,3.0,pl,m,True,Trans,,,True,False,False,False,False,False,,2.0,2.0,,,,,5.0,6,
the men saw our books.,N,3.0,pl,m,True,Trans,,,True,False,False,False,False,False,,1.0,1.0,,,,,5.0,6,
the men saw your woman.,N,3.0,pl,m,True,Trans,,,True,False,False,False,False,False,,1.0,2.0,,,,,5.0,6,
the men saw your women.,N,3.0,pl,m,True,Trans,,,True,False,False,False,False,False,,1.0,1.0,,,,,5.0,6,
the men saw your book.,N,3.0,pl,m,True,Trans,,,True,False,False,False,False,False,,1.0,2.0,,,,,5.0,6,
the men saw your books.,N,3.0,pl,m,True,Trans,,,True,False,False,False,False,False,,1.0,1.0,,,,,5.0,6,
the men saw her woman.,N,3.0,pl,m,True,Trans,,,True,False,False,False,False,False,,0.0,2.0,,,,,5.0,6,
the men saw her women.,N,3.0,pl,m,True,Trans,,,True,False,False,False,False,False,,1.0,1.0,,,,,5.0,6,
the men saw her book.,N,3.0,pl,m,True,Trans,,,True,False,False,False,False,False,,1.0,2.0,,,,,5.0,6,
the men saw her books.,N,3.0,pl,m,True,Trans,,,True,False,False,False,False,False,,2.0,1.0,,,,,5.0,6,
the men saw his woman.,N,3.0,pl,m,True,Trans,,,True,False,False,False,False,False,,1.0,2.0,,,,,5.0,6,
the men saw his women.,N,3.0,pl,m,True,Trans,,,True,False,False,False,False,False,,2.0,1.0,,,,,5.0,6,
the men saw his book.,N,3.0,pl,m,True,Trans,,,True,False,False,False,False,False,,1.0,2.0,,,,,5.0,6,
the men saw his books.,N,3.0,pl,m,True,Trans,,,True,False,False,False,False,False,,2.0,1.0,,,,,5.0,6,
the men saw its woman.,N,3.0,pl,m,True,Trans,,,True,False,False,False,False,False,,2.0,2.0,,,,,5.0,6,
the men saw its women.,N,3.0,pl,m,True,Trans,,,True,False,False,False,False,False,,3.0,1.0,,,,,5.0,6,
the men saw its book.,N,3.0,pl,m,True,Trans,,,True,False,False,False,False,False,,0.0,2.0,,,,,5.0,6,
the men saw its books.,N,3.0,pl,m,True,Trans,,,True,False,False,False,False,False,,1.0,1.0,,,,,5.0,6,
the men saw their woman.,N,3.0,pl,m,True,Trans,,,True,False,False,False,False,False,,1.0,2.0,,,,,5.0,6,
the men saw their women.,N,3.0,pl,m,True,Trans,,,True,False,False,False,False,False,,0.0,1.0,,,,,5.0,6,
the men saw their book.,N,3.0,pl,m,True,Trans,,,True,False,False,False,False,False,,1.0,2.0,,,,,5.0,6,
the men saw their books.,N,3.0,pl,m,True,Trans,,,True,False,False,False,False,False,,0.0,1.0,,,,,5.0,6,
every woman sees my man.,N,3.0,sg,f,True,Trans,3.0,sg,True,False,False,False,False,False,,1.0,1.0,,,,False,4.0,6,
every woman sees my men.,N,3.0,sg,f,True,Trans,3.0,sg,True,False,False,False,False,False,,2.0,2.0,,,,False,4.0,6,
every woman sees my book.,N,3.0,sg,f,True,Trans,3.0,sg,True,False,False,False,False,False,,1.0,1.0,,,,False,4.0,6,
every woman sees my books.,N,3.0,sg,f,True,Trans,3.0,sg,True,False,False,False,False,False,,2.0,2.0,,,,False,4.0,6,
every woman sees our man.,N,3.0,sg,f,True,Trans,3.0,sg,True,False,False,False,False,False,,2.0,1.0,,,,False,4.0,6,
every woman sees our men.,N,3.0,sg,f,True,Trans,3.0,sg,True,False,False,False,False,False,,1.0,2.0,,,,False,4.0,6,
every woman sees our book.,N,3.0,sg,f,True,Trans,3.0,sg,True,False,False,False,False,False,,2.0,1.0,,,,False,4.0,6,
every woman sees our books.,N,3.0,sg,f,True,Trans,3.0,sg,True,False,False,False,False,False,,1.0,2.0,,,,False,4.0,6,
every woman sees your man.,N,3.0,sg,f,True,Trans,3.0,sg,True,False,False,False,False,False,,1.0,1.0,,,,False,4.0,6,
every woman sees your men.,N,3.0,sg,f,True,Trans,3.0,sg,True,False,False,False,False,False,,1.0,2.0,,,,False,4.0,6,
every woman sees your book.,N,3.0,sg,f,True,Trans,3.0,sg,True,False,False,False,False,False,,1.0,1.0,,,,False,4.0,6,
every woman sees your books.,N,3.0,sg,f,True,Trans,3.0,sg,True,False,False,False,False,False,,1.0,2.0,,,,False,4.0,6,
every woman sees her man.,N,3.0,sg,f,True,Trans,3.0,sg,True,False,False,False,False,False,,1.0,1.0,,,,True,4.0,6,
every woman sees her men.,N,3.0,sg,f,True,Trans,3.0,sg,True,False,False,False,False,False,,2.0,2.0,,,,True,4.0,6,
every woman sees her book.,N,3.0,sg,f,True,Trans,3.0,sg,True,False,False,False,False,False,,1.0,1.0,,,,True,4.0,6,
every woman sees her books.,N,3.0,sg,f,True,Trans,3.0,sg,True,False,False,False,False,False,,2.0,2.0,,,,True,4.0,6,
every woman sees his man.,N,3.0,sg,f,True,Trans,3.0,sg,True,False,False,False,False,False,,0.0,1.0,,,,False,4.0,6,
every woman sees his men.,N,3.0,sg,f,True,Trans,3.0,sg,True,False,False,False,False,False,,1.0,2.0,,,,False,4.0,6,
every woman sees his book.,N,3.0,sg,f,True,Trans,3.0,sg,True,False,False,False,False,False,,1.0,1.0,,,,False,4.0,6,
every woman sees his books.,N,3.0,sg,f,True,Trans,3.0,sg,True,False,False,False,False,False,,2.0,2.0,,,,False,4.0,6,
every woman sees its man.,N,3.0,sg,f,True,Trans,3.0,sg,True,False,False,False,False,False,,1.0,1.0,,,,False,4.0,6,
every woman sees its men.,N,3.0,sg,f,True,Trans,3.0,sg,True,False,False,False,False,False,,2.0,2.0,,,,False,4.0,6,
every woman sees its book.,N,3.0,sg,f,True,Trans,3.0,sg,True,False,False,False,False,False,,0.0,1.0,,,,False,4.0,6,
every woman sees its books.,N,3.0,sg,f,True,Trans,3.0,sg,True,False,False,False,False,False,,1.0,2.0,,,,False,4.0,6,
every woman sees their man.,N,3.0,sg,f,True,Trans,3.0,sg,True,False,False,False,False,False,,1.0,1.0,,,,False,4.0,6,
every woman sees their men.,N,3.0,sg,f,True,Trans,3.0,sg,True,False,False,False,False,False,,0.0,2.0,,,,False,4.0,6,
every woman sees their book.,N,3.0,sg,f,True,Trans,3.0,sg,True,False,False,False,False,False,,1.0,1.0,,,,False,4.0,6,
every woman sees their books.,N,3.0,sg,f,True,Trans,3.0,sg,True,False,False,False,False,False,,0.0,2.0,,,,False,4.0,6,
every woman saw my man.,N,3.0,sg,f,True,Trans,,,True,False,False,False,False,False,,1.0,1.0,,,,False,5.0,6,
every woman saw my men.,N,3.0,sg,f,True,Trans,,,True,False,False,False,False,False,,2.0,2.0,,,,False,5.0,6,
every woman saw my book.,N,3.0,sg,f,True,Trans,,,True,False,False,False,False,False,,1.0,1.0,,,,False,5.0,6,
every woman saw my books.,N,3.0,sg,f,True,Trans,,,True,False,False,False,False,False,,2.0,2.0,,,,False,5.0,6,
every woman saw our man.,N,3.0,sg,f,True,Trans,,,True,False,False,False,False,False,,2.0,1.0,,,,False,5.0,6,
every woman saw our men.,N,3.0,sg,f,True,Trans,,,True,False,False,False,False,False,,1.0,2.0,,,,False,5.0,6,
every woman saw our book.,N,3.0,sg,f,True,Trans,,,True,False,False,False,False,False,,2.0,1.0,,,,False,5.0,6,
every woman saw our books.,N,3.0,sg,f,True,Trans,,,True,False,False,False,False,False,,1.0,2.0,,,,False,5.0,6,
every woman saw your man.,N,3.0,sg,f,True,Trans,,,True,False,False,False,False,False,,1.0,1.0,,,,False,5.0,6,
every woman saw your men.,N,3.0,sg,f,True,Trans,,,True,False,False,False,False,False,,1.0,2.0,,,,False,5.0,6,
every woman saw your book.,N,3.0,sg,f,True,Trans,,,True,False,False,False,False,False,,1.0,1.0,,,,False,5.0,6,
every woman saw your books.,N,3.0,sg,f,True,Trans,,,True,False,False,False,False,False,,1.0,2.0,,,,False,5.0,6,
every woman saw her man.,N,3.0,sg,f,True,Trans,,,True,False,False,False,False,False,,1.0,1.0,,,,True,5.0,6,
every woman saw her men.,N,3.0,sg,f,True,Trans,,,True,False,False,False,False,False,,2.0,2.0,,,,True,5.0,6,
every woman saw her book.,N,3.0,sg,f,True,Trans,,,True,False,False,False,False,False,,1.0,1.0,,,,True,5.0,6,
every woman saw her books.,N,3.0,sg,f,True,Trans,,,True,False,False,False,False,False,,2.0,2.0,,,,True,5.0,6,
every woman saw his man.,N,3.0,sg,f,True,Trans,,,True,False,False,False,False,False,,0.0,1.0,,,,False,5.0,6,
every woman saw his men.,N,3.0,sg,f,True,Trans,,,True,False,False,False,False,False,,1.0,2.0,,,,False,5.0,6,
every woman saw his book.,N,3.0,sg,f,True,Trans,,,True,False,False,False,False,False,,1.0,1.0,,,,False,5.0,6,
every woman saw his books.,N,3.0,sg,f,True,Trans,,,True,False,False,False,False,False,,2.0,2.0,,,,False,5.0,6,
every woman saw its man.,N,3.0,sg,f,True,Trans,,,True,False,False,False,False,False,,1.0,1.0,,,,False,5.0,6,
every woman saw its men.,N,3.0,sg,f,True,Trans,,,True,False,False,False,False,False,,2.0,2.0,,,,False,5.0,6,
every woman saw its book.,N,3.0,sg,f,True,Trans,,,True,False,False,False,False,False,,0.0,1.0,,,,False,5.0,6,
every woman saw its books.,N,3.0,sg,f,True,Trans,,,True,False,False,False,False,False,,1.0,2.0,,,,False,5.0,6,
every woman saw their man.,N,3.0,sg,f,True,Trans,,,True,False,False,False,False,False,,1.0,1.0,,,,False,5.0,6,
every woman saw their men.,N,3.0,sg,f,True,Trans,,,True,False,False,False,False,False,,0.0,2.0,,,,False,5.0,6,
every woman saw their book.,N,3.0,sg,f,True,Trans,,,True,False,False,False,False,False,,1.0,1.0,,,,False,5.0,6,
every woman saw their books.,N,3.0,sg,f,True,Trans,,,True,False,False,False,False,False,,0.0,2.0,,,,False,5.0,6,
every man sees my woman.,N,3.0,sg,m,True,Trans,3.0,sg,True,False,False,False,False,False,,1.0,1.0,,,,False,5.0,6,
every man sees my women.,N,3.0,sg,m,True,Trans,3.0,sg,True,False,False,False,False,False,,2.0,2.0,,,,False,5.0,6,
every man sees my book.,N,3.0,sg,m,True,Trans,3.0,sg,True,False,False,False,False,False,,1.0,1.0,,,,False,5.0,6,
every man sees my books.,N,3.0,sg,m,True,Trans,3.0,sg,True,False,False,False,False,False,,2.0,2.0,,,,False,5.0,6,
every man sees our woman.,N,3.0,sg,m,True,Trans,3.0,sg,True,False,False,False,False,False,,2.0,1.0,,,,False,5.0,6,
every man sees our women.,N,3.0,sg,m,True,Trans,3.0,sg,True,False,False,False,False,False,,1.0,2.0,,,,False,5.0,6,
every man sees our book.,N,3.0,sg,m,True,Trans,3.0,sg,True,False,False,False,False,False,,2.0,1.0,,,,False,5.0,6,
every man sees our books.,N,3.0,sg,m,True,Trans,3.0,sg,True,False,False,False,False,False,,1.0,2.0,,,,False,5.0,6,
every man sees your woman.,N,3.0,sg,m,True,Trans,3.0,sg,True,False,False,False,False,False,,1.0,1.0,,,,False,5.0,6,
every man sees your women.,N,3.0,sg,m,True,Trans,3.0,sg,True,False,False,False,False,False,,1.0,2.0,,,,False,5.0,6,
every man sees your book.,N,3.0,sg,m,True,Trans,3.0,sg,True,False,False,False,False,False,,1.0,1.0,,,,False,5.0,6,
every man sees your books.,N,3.0,sg,m,True,Trans,3.0,sg,True,False,False,False,False,False,,1.0,2.0,,,,False,5.0,6,
every man sees her woman.,N,3.0,sg,m,True,Trans,3.0,sg,True,False,False,False,False,False,,0.0,1.0,,,,False,5.0,6,
every man sees her women.,N,3.0,sg,m,True,Trans,3.0,sg,True,False,False,False,False,False,,1.0,2.0,,,,False,5.0,6,
every man sees her book.,N,3.0,sg,m,True,Trans,3.0,sg,True,False,False,False,False,False,,1.0,1.0,,,,False,5.0,6,
every man sees her books.,N,3.0,sg,m,True,Trans,3.0,sg,True,False,False,False,False,False,,2.0,2.0,,,,False,5.0,6,
every man sees his woman.,N,3.0,sg,m,True,Trans,3.0,sg,True,False,False,False,False,False,,1.0,1.0,,,,True,5.0,6,
every man sees his women.,N,3.0,sg,m,True,Trans,3.0,sg,True,False,False,False,False,False,,2.0,2.0,,,,True,5.0,6,
every man sees his book.,N,3.0,sg,m,True,Trans,3.0,sg,True,False,False,False,False,False,,1.0,1.0,,,,True,5.0,6,
every man sees his books.,N,3.0,sg,m,True,Trans,3.0,sg,True,False,False,False,False,False,,2.0,2.0,,,,True,5.0,6,
every man sees its woman.,N,3.0,sg,m,True,Trans,3.0,sg,True,False,False,False,False,False,,2.0,1.0,,,,False,5.0,6,
every man sees its women.,N,3.0,sg,m,True,Trans,3.0,sg,True,False,False,False,False,False,,3.0,2.0,,,,False,5.0,6,
every man sees its book.,N,3.0,sg,m,True,Trans,3.0,sg,True,False,False,False,False,False,,0.0,1.0,,,,False,5.0,6,
every man sees its books.,N,3.0,sg,m,True,Trans,3.0,sg,True,False,False,False,False,False,,1.0,2.0,,,,False,5.0,6,
every man sees their woman.,N,3.0,sg,m,True,Trans,3.0,sg,True,False,False,False,False,False,,1.0,1.0,,,,False,5.0,6,
every man sees their women.,N,3.0,sg,m,True,Trans,3.0,sg,True,False,False,False,False,False,,0.0,2.0,,,,False,5.0,6,
every man sees their book.,N,3.0,sg,m,True,Trans,3.0,sg,True,False,False,False,False,False,,1.0,1.0,,,,False,5.0,6,
every man sees their books.,N,3.0,sg,m,True,Trans,3.0,sg,True,False,False,False,False,False,,0.0,2.0,,,,False,5.0,6,
every man saw my woman.,N,3.0,sg,m,True,Trans,,,True,False,False,False,False,False,,1.0,1.0,,,,False,5.0,6,
every man saw my women.,N,3.0,sg,m,True,Trans,,,True,False,False,False,False,False,,2.0,2.0,,,,False,5.0,6,
every man saw my book.,N,3.0,sg,m,True,Trans,,,True,False,False,False,False,False,,1.0,1.0,,,,False,5.0,6,
every man saw my books.,N,3.0,sg,m,True,Trans,,,True,False,False,False,False,False,,2.0,2.0,,,,False,5.0,6,
every man saw our woman.,N,3.0,sg,m,True,Trans,,,True,False,False,False,False,False,,2.0,1.0,,,,False,5.0,6,
every man saw our women.,N,3.0,sg,m,True,Trans,,,True,False,False,False,False,False,,1.0,2.0,,,,False,5.0,6,
every man saw our book.,N,3.0,sg,m,True,Trans,,,True,False,False,False,False,False,,2.0,1.0,,,,False,5.0,6,
every man saw our books.,N,3.0,sg,m,True,Trans,,,True,False,False,False,False,False,,1.0,2.0,,,,False,5.0,6,
every man saw your woman.,N,3.0,sg,m,True,Trans,,,True,False,False,False,False,False,,1.0,1.0,,,,False,5.0,6,
every man saw your women.,N,3.0,sg,m,True,Trans,,,True,False,False,False,False,False,,1.0,2.0,,,,False,5.0,6,
every man saw your book.,N,3.0,sg,m,True,Trans,,,True,False,False,False,False,False,,1.0,1.0,,,,False,5.0,6,
every man saw your books.,N,3.0,sg,m,True,Trans,,,True,False,False,False,False,False,,1.0,2.0,,,,False,5.0,6,
every man saw her woman.,N,3.0,sg,m,True,Trans,,,True,False,False,False,False,False,,0.0,1.0,,,,False,5.0,6,
every man saw her women.,N,3.0,sg,m,True,Trans,,,True,False,False,False,False,False,,1.0,2.0,,,,False,5.0,6,
every man saw her book.,N,3.0,sg,m,True,Trans,,,True,False,False,False,False,False,,1.0,1.0,,,,False,5.0,6,
every man saw her books.,N,3.0,sg,m,True,Trans,,,True,False,False,False,False,False,,2.0,2.0,,,,False,5.0,6,
every man saw his woman.,N,3.0,sg,m,True,Trans,,,True,False,False,False,False,False,,1.0,1.0,,,,True,5.0,6,
every man saw his women.,N,3.0,sg,m,True,Trans,,,True,False,False,False,False,False,,2.0,2.0,,,,True,5.0,6,
every man saw his book.,N,3.0,sg,m,True,Trans,,,True,False,False,False,False,False,,1.0,1.0,,,,True,5.0,6,
every man saw his books.,N,3.0,sg,m,True,Trans,,,True,False,False,False,False,False,,2.0,2.0,,,,True,5.0,6,
every man saw its woman.,N,3.0,sg,m,True,Trans,,,True,False,False,False,False,False,,2.0,1.0,,,,False,5.0,6,
every man saw its women.,N,3.0,sg,m,True,Trans,,,True,False,False,False,False,False,,3.0,2.0,,,,False,5.0,6,
every man saw its book.,N,3.0,sg,m,True,Trans,,,True,False,False,False,False,False,,0.0,1.0,,,,False,5.0,6,
every man saw its books.,N,3.0,sg,m,True,Trans,,,True,False,False,False,False,False,,1.0,2.0,,,,False,5.0,6,
every man saw their woman.,N,3.0,sg,m,True,Trans,,,True,False,False,False,False,False,,1.0,1.0,,,,False,5.0,6,
every man saw their women.,N,3.0,sg,m,True,Trans,,,True,False,False,False,False,False,,0.0,2.0,,,,False,5.0,6,
every man saw their book.,N,3.0,sg,m,True,Trans,,,True,False,False,False,False,False,,1.0,1.0,,,,False,5.0,6,
every man saw their books.,N,3.0,sg,m,True,Trans,,,True,False,False,False,False,False,,0.0,2.0,,,,False,5.0,6,
all women see my man.,N,3.0,pl,f,True,Trans,,pl,True,False,False,False,False,False,,1.0,2.0,,,,False,5.0,6,
all women see my men.,N,3.0,pl,f,True,Trans,,pl,True,False,False,False,False,False,,2.0,1.0,,,,False,5.0,6,
all women see my book.,N,3.0,pl,f,True,Trans,,pl,True,False,False,False,False,False,,1.0,2.0,,,,False,5.0,6,
all women see my books.,N,3.0,pl,f,True,Trans,,pl,True,False,False,False,False,False,,2.0,1.0,,,,False,5.0,6,
all women see our man.,N,3.0,pl,f,True,Trans,,pl,True,False,False,False,False,False,,2.0,2.0,,,,False,5.0,6,
all women see our men.,N,3.0,pl,f,True,Trans,,pl,True,False,False,False,False,False,,1.0,1.0,,,,False,5.0,6,
all women see our book.,N,3.0,pl,f,True,Trans,,pl,True,False,False,False,False,False,,2.0,2.0,,,,False,5.0,6,
all women see our books.,N,3.0,pl,f,True,Trans,,pl,True,False,False,False,False,False,,1.0,1.0,,,,False,5.0,6,
all women see your man.,N,3.0,pl,f,True,Trans,,pl,True,False,False,False,False,False,,1.0,2.0,,,,False,5.0,6,
all women see your men.,N,3.0,pl,f,True,Trans,,pl,True,False,False,False,False,False,,1.0,1.0,,,,False,5.0,6,
all women see your book.,N,3.0,pl,f,True,Trans,,pl,True,False,False,False,False,False,,1.0,2.0,,,,False,5.0,6,
all women see your books.,N,3.0,pl,f,True,Trans,,pl,True,False,False,False,False,False,,1.0,1.0,,,,False,5.0,6,
all women see her man.,N,3.0,pl,f,True,Trans,,pl,True,False,False,False,False,False,,1.0,2.0,,,,False,5.0,6,
all women see her men.,N,3.0,pl,f,True,Trans,,pl,True,False,False,False,False,False,,2.0,1.0,,,,False,5.0,6,
all women see her book.,N,3.0,pl,f,True,Trans,,pl,True,False,False,False,False,False,,1.0,2.0,,,,False,5.0,6,
all women see her books.,N,3.0,pl,f,True,Trans,,pl,True,False,False,False,False,False,,2.0,1.0,,,,False,5.0,6,
all women see his man.,N,3.0,pl,f,True,Trans,,pl,True,False,False,False,False,False,,0.0,2.0,,,,False,5.0,6,
all women see his men.,N,3.0,pl,f,True,Trans,,pl,True,False,False,False,False,False,,1.0,1.0,,,,False,5.0,6,
all women see his book.,N,3.0,pl,f,True,Trans,,pl,True,False,False,False,False,False,,1.0,2.0,,,,False,5.0,6,
all women see his books.,N,3.0,pl,f,True,Trans,,pl,True,False,False,False,False,False,,2.0,1.0,,,,False,5.0,6,
all women see its man.,N,3.0,pl,f,True,Trans,,pl,True,False,False,False,False,False,,1.0,2.0,,,,False,5.0,6,
all women see its men.,N,3.0,pl,f,True,Trans,,pl,True,False,False,False,False,False,,2.0,1.0,,,,False,5.0,6,
all women see its book.,N,3.0,pl,f,True,Trans,,pl,True,False,False,False,False,False,,0.0,2.0,,,,False,5.0,6,
all women see its books.,N,3.0,pl,f,True,Trans,,pl,True,False,False,False,False,False,,1.0,1.0,,,,False,5.0,6,
all women see their man.,N,3.0,pl,f,True,Trans,,pl,True,False,False,False,False,False,,1.0,2.0,,,,True,5.0,6,
all women see their men.,N,3.0,pl,f,True,Trans,,pl,True,False,False,False,False,False,,0.0,1.0,,,,True,5.0,6,
all women see their book.,N,3.0,pl,f,True,Trans,,pl,True,False,False,False,False,False,,1.0,2.0,,,,True,5.0,6,
all women see their books.,N,3.0,pl,f,True,Trans,,pl,True,False,False,False,False,False,,0.0,1.0,,,,True,5.0,6,
all women saw my man.,N,3.0,pl,f,True,Trans,,,True,False,False,False,False,False,,1.0,2.0,,,,False,5.0,6,
all women saw my men.,N,3.0,pl,f,True,Trans,,,True,False,False,False,False,False,,2.0,1.0,,,,False,5.0,6,
all women saw my book.,N,3.0,pl,f,True,Trans,,,True,False,False,False,False,False,,1.0,2.0,,,,False,5.0,6,
all women saw my books.,N,3.0,pl,f,True,Trans,,,True,False,False,False,False,False,,2.0,1.0,,,,False,5.0,6,
all women saw our man.,N,3.0,pl,f,True,Trans,,,True,False,False,False,False,False,,2.0,2.0,,,,False,5.0,6,
all women saw our men.,N,3.0,pl,f,True,Trans,,,True,False,False,False,False,False,,1.0,1.0,,,,False,5.0,6,
all women saw our book.,N,3.0,pl,f,True,Trans,,,True,False,False,False,False,False,,2.0,2.0,,,,False,5.0,6,
all women saw our books.,N,3.0,pl,f,True,Trans,,,True,False,False,False,False,False,,1.0,1.0,,,,False,5.0,6,
all women saw your man.,N,3.0,pl,f,True,Trans,,,True,False,False,False,False,False,,1.0,2.0,,,,False,5.0,6,
all women saw your men.,N,3.0,pl,f,True,Trans,,,True,False,False,False,False,False,,1.0,1.0,,,,False,5.0,6,
all women saw your book.,N,3.0,pl,f,True,Trans,,,True,False,False,False,False,False,,1.0,2.0,,,,False,5.0,6,
all women saw your books.,N,3.0,pl,f,True,Trans,,,True,False,False,False,False,False,,1.0,1.0,,,,False,5.0,6,
all women saw her man.,N,3.0,pl,f,True,Trans,,,True,False,False,False,False,False,,1.0,2.0,,,,False,5.0,6,
all women saw her men.,N,3.0,pl,f,True,Trans,,,True,False,False,False,False,False,,2.0,1.0,,,,False,5.0,6,
all women saw her book.,N,3.0,pl,f,True,Trans,,,True,False,False,False,False,False,,1.0,2.0,,,,False,5.0,6,
all women saw her books.,N,3.0,pl,f,True,Trans,,,True,False,False,False,False,False,,2.0,1.0,,,,False,5.0,6,
all women saw his man.,N,3.0,pl,f,True,Trans,,,True,False,False,False,False,False,,0.0,2.0,,,,False,5.0,6,
all women saw his men.,N,3.0,pl,f,True,Trans,,,True,False,False,False,False,False,,1.0,1.0,,,,False,5.0,6,
all women saw his book.,N,3.0,pl,f,True,Trans,,,True,False,False,False,False,False,,1.0,2.0,,,,False,5.0,6,
all women saw his books.,N,3.0,pl,f,True,Trans,,,True,False,False,False,False,False,,2.0,1.0,,,,False,5.0,6,
all women saw its man.,N,3.0,pl,f,True,Trans,,,True,False,False,False,False,False,,1.0,2.0,,,,False,5.0,6,
all women saw its men.,N,3.0,pl,f,True,Trans,,,True,False,False,False,False,False,,2.0,1.0,,,,False,5.0,6,
all women saw its book.,N,3.0,pl,f,True,Trans,,,True,False,False,False,False,False,,0.0,2.0,,,,False,5.0,6,
all women saw its books.,N,3.0,pl,f,True,Trans,,,True,False,False,False,False,False,,1.0,1.0,,,,False,5.0,6,
all women saw their man.,N,3.0,pl,f,True,Trans,,,True,False,False,False,False,False,,1.0,2.0,,,,True,5.0,6,
all women saw their men.,N,3.0,pl,f,True,Trans,,,True,False,False,False,False,False,,0.0,1.0,,,,True,5.0,6,
all women saw their book.,N,3.0,pl,f,True,Trans,,,True,False,False,False,False,False,,1.0,2.0,,,,True,5.0,6,
all women saw their books.,N,3.0,pl,f,True,Trans,,,True,False,False,False,False,False,,0.0,1.0,,,,True,5.0,6,
all men see my woman.,N,3.0,pl,m,True,Trans,,pl,True,False,False,False,False,False,,1.0,2.0,,,,False,5.0,6,
all men see my women.,N,3.0,pl,m,True,Trans,,pl,True,False,False,False,False,False,,2.0,1.0,,,,False,5.0,6,
all men see my book.,N,3.0,pl,m,True,Trans,,pl,True,False,False,False,False,False,,1.0,2.0,,,,False,5.0,6,
all men see my books.,N,3.0,pl,m,True,Trans,,pl,True,False,False,False,False,False,,2.0,1.0,,,,False,5.0,6,
all men see our woman.,N,3.0,pl,m,True,Trans,,pl,True,False,False,False,False,False,,2.0,2.0,,,,False,5.0,6,
all men see our women.,N,3.0,pl,m,True,Trans,,pl,True,False,False,False,False,False,,1.0,1.0,,,,False,5.0,6,
all men see our book.,N,3.0,pl,m,True,Trans,,pl,True,False,False,False,False,False,,2.0,2.0,,,,False,5.0,6,
all men see our books.,N,3.0,pl,m,True,Trans,,pl,True,False,False,False,False,False,,1.0,1.0,,,,False,5.0,6,
all men see your woman.,N,3.0,pl,m,True,Trans,,pl,True,False,False,False,False,False,,1.0,2.0,,,,False,5.0,6,
all men see your women.,N,3.0,pl,m,True,Trans,,pl,True,False,False,False,False,False,,1.0,1.0,,,,False,5.0,6,
all men see your book.,N,3.0,pl,m,True,Trans,,pl,True,False,False,False,False,False,,1.0,2.0,,,,False,5.0,6,
all men see your books.,N,3.0,pl,m,True,Trans,,pl,True,False,False,False,False,False,,1.0,1.0,,,,False,5.0,6,
all men see her woman.,N,3.0,pl,m,True,Trans,,pl,True,False,False,False,False,False,,0.0,2.0,,,,False,5.0,6,
all men see her women.,N,3.0,pl,m,True,Trans,,pl,True,False,False,False,False,False,,1.0,1.0,,,,False,5.0,6,
all men see her book.,N,3.0,pl,m,True,Trans,,pl,True,False,False,False,False,False,,1.0,2.0,,,,False,5.0,6,
all men see her books.,N,3.0,pl,m,True,Trans,,pl,True,False,False,False,False,False,,2.0,1.0,,,,False,5.0,6,
all men see his woman.,N,3.0,pl,m,True,Trans,,pl,True,False,False,False,False,False,,1.0,2.0,,,,False,5.0,6,
all men see his women.,N,3.0,pl,m,True,Trans,,pl,True,False,False,False,False,False,,2.0,1.0,,,,False,5.0,6,
all men see his book.,N,3.0,pl,m,True,Trans,,pl,True,False,False,False,False,False,,1.0,2.0,,,,False,5.0,6,
all men see his books.,N,3.0,pl,m,True,Trans,,pl,True,False,False,False,False,False,,2.0,1.0,,,,False,5.0,6,
all men see its woman.,N,3.0,pl,m,True,Trans,,pl,True,False,False,False,False,False,,2.0,2.0,,,,False,5.0,6,
all men see its women.,N,3.0,pl,m,True,Trans,,pl,True,False,False,False,False,False,,3.0,1.0,,,,False,5.0,6,
all men see its book.,N,3.0,pl,m,True,Trans,,pl,True,False,False,False,False,False,,0.0,2.0,,,,False,5.0,6,
all men see its books.,N,3.0,pl,m,True,Trans,,pl,True,False,False,False,False,False,,1.0,1.0,,,,False,5.0,6,
all men see their woman.,N,3.0,pl,m,True,Trans,,pl,True,False,False,False,False,False,,1.0,2.0,,,,True,5.0,6,
all men see their women.,N,3.0,pl,m,True,Trans,,pl,True,False,False,False,False,False,,0.0,1.0,,,,True,5.0,6,
all men see their book.,N,3.0,pl,m,True,Trans,,pl,True,False,False,False,False,False,,1.0,2.0,,,,True,5.0,6,
all men see their books.,N,3.0,pl,m,True,Trans,,pl,True,False,False,False,False,False,,0.0,1.0,,,,True,5.0,6,
all men saw my woman.,N,3.0,pl,m,True,Trans,,,True,False,False,False,False,False,,1.0,2.0,,,,False,5.0,6,
all men saw my women.,N,3.0,pl,m,True,Trans,,,True,False,False,False,False,False,,2.0,1.0,,,,False,5.0,6,
all men saw my book.,N,3.0,pl,m,True,Trans,,,True,False,False,False,False,False,,1.0,2.0,,,,False,5.0,6,
all men saw my books.,N,3.0,pl,m,True,Trans,,,True,False,False,False,False,False,,2.0,1.0,,,,False,5.0,6,
all men saw our woman.,N,3.0,pl,m,True,Trans,,,True,False,False,False,False,False,,2.0,2.0,,,,False,5.0,6,
all men saw our women.,N,3.0,pl,m,True,Trans,,,True,False,False,False,False,False,,1.0,1.0,,,,False,5.0,6,
all men saw our book.,N,3.0,pl,m,True,Trans,,,True,False,False,False,False,False,,2.0,2.0,,,,False,5.0,6,
all men saw our books.,N,3.0,pl,m,True,Trans,,,True,False,False,False,False,False,,1.0,1.0,,,,False,5.0,6,
all men saw your woman.,N,3.0,pl,m,True,Trans,,,True,False,False,False,False,False,,1.0,2.0,,,,False,5.0,6,
all men saw your women.,N,3.0,pl,m,True,Trans,,,True,False,False,False,False,False,,1.0,1.0,,,,False,5.0,6,
all men saw your book.,N,3.0,pl,m,True,Trans,,,True,False,False,False,False,False,,1.0,2.0,,,,False,5.0,6,
all men saw your books.,N,3.0,pl,m,True,Trans,,,True,False,False,False,False,False,,1.0,1.0,,,,False,5.0,6,
all men saw her woman.,N,3.0,pl,m,True,Trans,,,True,False,False,False,False,False,,0.0,2.0,,,,False,5.0,6,
all men saw her women.,N,3.0,pl,m,True,Trans,,,True,False,False,False,False,False,,1.0,1.0,,,,False,5.0,6,
all men saw her book.,N,3.0,pl,m,True,Trans,,,True,False,False,False,False,False,,1.0,2.0,,,,False,5.0,6,
all men saw her books.,N,3.0,pl,m,True,Trans,,,True,False,False,False,False,False,,2.0,1.0,,,,False,5.0,6,
all men saw his woman.,N,3.0,pl,m,True,Trans,,,True,False,False,False,False,False,,1.0,2.0,,,,False,5.0,6,
all men saw his women.,N,3.0,pl,m,True,Trans,,,True,False,False,False,False,False,,2.0,1.0,,,,False,5.0,6,
all men saw his book.,N,3.0,pl,m,True,Trans,,,True,False,False,False,False,False,,1.0,2.0,,,,False,5.0,6,
all men saw his books.,N,3.0,pl,m,True,Trans,,,True,False,False,False,False,False,,2.0,1.0,,,,False,5.0,6,
all men saw its woman.,N,3.0,pl,m,True,Trans,,,True,False,False,False,False,False,,2.0,2.0,,,,False,5.0,6,
all men saw its women.,N,3.0,pl,m,True,Trans,,,True,False,False,False,False,False,,3.0,1.0,,,,False,5.0,6,
all men saw its book.,N,3.0,pl,m,True,Trans,,,True,False,False,False,False,False,,0.0,2.0,,,,False,5.0,6,
all men saw its books.,N,3.0,pl,m,True,Trans,,,True,False,False,False,False,False,,1.0,1.0,,,,False,5.0,6,
all men saw their woman.,N,3.0,pl,m,True,Trans,,,True,False,False,False,False,False,,1.0,2.0,,,,True,5.0,6,
all men saw their women.,N,3.0,pl,m,True,Trans,,,True,False,False,False,False,False,,0.0,1.0,,,,True,5.0,6,
all men saw their book.,N,3.0,pl,m,True,Trans,,,True,False,False,False,False,False,,1.0,2.0,,,,True,5.0,6,
all men saw their books.,N,3.0,pl,m,True,Trans,,,True,False,False,False,False,False,,0.0,1.0,,,,True,5.0,6,
I see my woman.,PRO,1.0,sg,,True,Trans,1.0,sg,True,False,False,False,False,False,,1.0,1.0,,,,,6.0,5,
I see my man.,PRO,1.0,sg,,True,Trans,1.0,sg,True,False,False,False,False,False,,1.0,1.0,,,,,6.0,5,
I see my women.,PRO,1.0,sg,,True,Trans,1.0,sg,True,False,False,False,False,False,,2.0,2.0,,,,,6.0,5,
I see my men.,PRO,1.0,sg,,True,Trans,1.0,sg,True,False,False,False,False,False,,2.0,2.0,,,,,6.0,5,
I see my book.,PRO,1.0,sg,,True,Trans,1.0,sg,True,False,False,False,False,False,,1.0,2.0,,,,,6.0,5,
I see my books.,PRO,1.0,sg,,True,Trans,1.0,sg,True,False,False,False,False,False,,2.0,3.0,,,,,6.0,5,
I see our woman.,PRO,1.0,sg,,True,Trans,1.0,sg,True,False,False,False,False,False,,2.0,1.0,,,,,6.0,5,
I see our man.,PRO,1.0,sg,,True,Trans,1.0,sg,True,False,False,False,False,False,,2.0,1.0,,,,,6.0,5,
I see our women.,PRO,1.0,sg,,True,Trans,1.0,sg,True,False,False,False,False,False,,1.0,2.0,,,,,6.0,5,
I see our men.,PRO,1.0,sg,,True,Trans,1.0,sg,True,False,False,False,False,False,,1.0,2.0,,,,,6.0,5,
I see our book.,PRO,1.0,sg,,True,Trans,1.0,sg,True,False,False,False,False,False,,2.0,2.0,,,,,6.0,5,
I see our books.,PRO,1.0,sg,,True,Trans,1.0,sg,True,False,False,False,False,False,,1.0,3.0,,,,,6.0,5,
I see your woman.,PRO,1.0,sg,,True,Trans,1.0,sg,True,False,False,False,False,False,,1.0,1.0,,,,,6.0,5,
I see your man.,PRO,1.0,sg,,True,Trans,1.0,sg,True,False,False,False,False,False,,1.0,1.0,,,,,6.0,5,
I see your women.,PRO,1.0,sg,,True,Trans,1.0,sg,True,False,False,False,False,False,,1.0,2.0,,,,,6.0,5,
I see your men.,PRO,1.0,sg,,True,Trans,1.0,sg,True,False,False,False,False,False,,1.0,2.0,,,,,6.0,5,
I see your book.,PRO,1.0,sg,,True,Trans,1.0,sg,True,False,False,False,False,False,,1.0,2.0,,,,,6.0,5,
I see your books.,PRO,1.0,sg,,True,Trans,1.0,sg,True,False,False,False,False,False,,1.0,3.0,,,,,6.0,5,
I see her woman.,PRO,1.0,sg,,True,Trans,1.0,sg,True,False,False,False,False,False,,0.0,1.0,,,,,6.0,5,
I see her man.,PRO,1.0,sg,,True,Trans,1.0,sg,True,False,False,False,False,False,,1.0,1.0,,,,,6.0,5,
I see her women.,PRO,1.0,sg,,True,Trans,1.0,sg,True,False,False,False,False,False,,1.0,2.0,,,,,6.0,5,
I see her men.,PRO,1.0,sg,,True,Trans,1.0,sg,True,False,False,False,False,False,,2.0,2.0,,,,,6.0,5,
I see her book.,PRO,1.0,sg,,True,Trans,1.0,sg,True,False,False,False,False,False,,1.0,2.0,,,,,6.0,5,
I see her books.,PRO,1.0,sg,,True,Trans,1.0,sg,True,False,False,False,False,False,,2.0,3.0,,,,,6.0,5,
I see his woman.,PRO,1.0,sg,,True,Trans,1.0,sg,True,False,False,False,False,False,,1.0,1.0,,,,,6.0,5,
I see his man.,PRO,1.0,sg,,True,Trans,1.0,sg,True,False,False,False,False,False,,0.0,1.0,,,,,6.0,5,
I see his women.,PRO,1.0,sg,,True,Trans,1.0,sg,True,False,False,False,False,False,,2.0,2.0,,,,,6.0,5,
I see his men.,PRO,1.0,sg,,True,Trans,1.0,sg,True,False,False,False,False,False,,1.0,2.0,,,,,6.0,5,
I see his book.,PRO,1.0,sg,,True,Trans,1.0,sg,True,False,False,False,False,False,,1.0,2.0,,,,,6.0,5,
I see his books.,PRO,1.0,sg,,True,Trans,1.0,sg,True,False,False,False,False,False,,2.0,3.0,,,,,6.0,5,
I see its woman.,PRO,1.0,sg,,True,Trans,1.0,sg,True,False,False,False,False,False,,2.0,1.0,,,,,6.0,5,
I see its man.,PRO,1.0,sg,,True,Trans,1.0,sg,True,False,False,False,False,False,,1.0,1.0,,,,,6.0,5,
I see its women.,PRO,1.0,sg,,True,Trans,1.0,sg,True,False,False,False,False,False,,3.0,2.0,,,,,6.0,5,
I see its men.,PRO,1.0,sg,,True,Trans,1.0,sg,True,False,False,False,False,False,,2.0,2.0,,,,,6.0,5,
I see its book.,PRO,1.0,sg,,True,Trans,1.0,sg,True,False,False,False,False,False,,0.0,2.0,,,,,6.0,5,
I see its books.,PRO,1.0,sg,,True,Trans,1.0,sg,True,False,False,False,False,False,,1.0,3.0,,,,,6.0,5,
I see their woman.,PRO,1.0,sg,,True,Trans,1.0,sg,True,False,False,False,False,False,,1.0,1.0,,,,,6.0,5,
I see their man.,PRO,1.0,sg,,True,Trans,1.0,sg,True,False,False,False,False,False,,1.0,1.0,,,,,6.0,5,
I see their women.,PRO,1.0,sg,,True,Trans,1.0,sg,True,False,False,False,False,False,,0.0,2.0,,,,,6.0,5,
I see their men.,PRO,1.0,sg,,True,Trans,1.0,sg,True,False,False,False,False,False,,0.0,2.0,,,,,6.0,5,
I see their book.,PRO,1.0,sg,,True,Trans,1.0,sg,True,False,False,False,False,False,,1.0,2.0,,,,,6.0,5,
I see their books.,PRO,1.0,sg,,True,Trans,1.0,sg,True,False,False,False,False,False,,0.0,3.0,,,,,6.0,5,
I saw my woman.,PRO,1.0,sg,,True,Trans,,,True,False,False,False,False,False,,1.0,1.0,,,,,6.0,5,
I saw my man.,PRO,1.0,sg,,True,Trans,,,True,False,False,False,False,False,,1.0,1.0,,,,,6.0,5,
I saw my women.,PRO,1.0,sg,,True,Trans,,,True,False,False,False,False,False,,2.0,2.0,,,,,6.0,5,
I saw my men.,PRO,1.0,sg,,True,Trans,,,True,False,False,False,False,False,,2.0,2.0,,,,,6.0,5,
I saw my book.,PRO,1.0,sg,,True,Trans,,,True,False,False,False,False,False,,1.0,2.0,,,,,6.0,5,
I saw my books.,PRO,1.0,sg,,True,Trans,,,True,False,False,False,False,False,,2.0,3.0,,,,,6.0,5,
I saw our woman.,PRO,1.0,sg,,True,Trans,,,True,False,False,False,False,False,,2.0,1.0,,,,,6.0,5,
I saw our man.,PRO,1.0,sg,,True,Trans,,,True,False,False,False,False,False,,2.0,1.0,,,,,6.0,5,
I saw our women.,PRO,1.0,sg,,True,Trans,,,True,False,False,False,False,False,,1.0,2.0,,,,,6.0,5,
I saw our men.,PRO,1.0,sg,,True,Trans,,,True,False,False,False,False,False,,1.0,2.0,,,,,6.0,5,
I saw our book.,PRO,1.0,sg,,True,Trans,,,True,False,False,False,False,False,,2.0,2.0,,,,,6.0,5,
I saw our books.,PRO,1.0,sg,,True,Trans,,,True,False,False,False,False,False,,1.0,3.0,,,,,6.0,5,
I saw your woman.,PRO,1.0,sg,,True,Trans,,,True,False,False,False,False,False,,1.0,1.0,,,,,6.0,5,
I saw your man.,PRO,1.0,sg,,True,Trans,,,True,False,False,False,False,False,,1.0,1.0,,,,,6.0,5,
I saw your women.,PRO,1.0,sg,,True,Trans,,,True,False,False,False,False,False,,1.0,2.0,,,,,6.0,5,
I saw your men.,PRO,1.0,sg,,True,Trans,,,True,False,False,False,False,False,,1.0,2.0,,,,,6.0,5,
I saw your book.,PRO,1.0,sg,,True,Trans,,,True,False,False,False,False,False,,1.0,2.0,,,,,6.0,5,
I saw your books.,PRO,1.0,sg,,True,Trans,,,True,False,False,False,False,False,,1.0,3.0,,,,,6.0,5,
I saw her woman.,PRO,1.0,sg,,True,Trans,,,True,False,False,False,False,False,,0.0,1.0,,,,,6.0,5,
I saw her man.,PRO,1.0,sg,,True,Trans,,,True,False,False,False,False,False,,1.0,1.0,,,,,6.0,5,
I saw her women.,PRO,1.0,sg,,True,Trans,,,True,False,False,False,False,False,,1.0,2.0,,,,,6.0,5,
I saw her men.,PRO,1.0,sg,,True,Trans,,,True,False,False,False,False,False,,2.0,2.0,,,,,6.0,5,
I saw her book.,PRO,1.0,sg,,True,Trans,,,True,False,False,False,False,False,,1.0,2.0,,,,,6.0,5,
I saw her books.,PRO,1.0,sg,,True,Trans,,,True,False,False,False,False,False,,2.0,3.0,,,,,6.0,5,
I saw his woman.,PRO,1.0,sg,,True,Trans,,,True,False,False,False,False,False,,1.0,1.0,,,,,6.0,5,
I saw his man.,PRO,1.0,sg,,True,Trans,,,True,False,False,False,False,False,,0.0,1.0,,,,,6.0,5,
I saw his women.,PRO,1.0,sg,,True,Trans,,,True,False,False,False,False,False,,2.0,2.0,,,,,6.0,5,
I saw his men.,PRO,1.0,sg,,True,Trans,,,True,False,False,False,False,False,,1.0,2.0,,,,,6.0,5,
I saw his book.,PRO,1.0,sg,,True,Trans,,,True,False,False,False,False,False,,1.0,2.0,,,,,6.0,5,
I saw his books.,PRO,1.0,sg,,True,Trans,,,True,False,False,False,False,False,,2.0,3.0,,,,,6.0,5,
I saw its woman.,PRO,1.0,sg,,True,Trans,,,True,False,False,False,False,False,,2.0,1.0,,,,,6.0,5,
I saw its man.,PRO,1.0,sg,,True,Trans,,,True,False,False,False,False,False,,1.0,1.0,,,,,6.0,5,
I saw its women.,PRO,1.0,sg,,True,Trans,,,True,False,False,False,False,False,,3.0,2.0,,,,,6.0,5,
I saw its men.,PRO,1.0,sg,,True,Trans,,,True,False,False,False,False,False,,2.0,2.0,,,,,6.0,5,
I saw its book.,PRO,1.0,sg,,True,Trans,,,True,False,False,False,False,False,,0.0,2.0,,,,,6.0,5,
I saw its books.,PRO,1.0,sg,,True,Trans,,,True,False,False,False,False,False,,1.0,3.0,,,,,6.0,5,
I saw their woman.,PRO,1.0,sg,,True,Trans,,,True,False,False,False,False,False,,1.0,1.0,,,,,6.0,5,
I saw their man.,PRO,1.0,sg,,True,Trans,,,True,False,False,False,False,False,,1.0,1.0,,,,,6.0,5,
I saw their women.,PRO,1.0,sg,,True,Trans,,,True,False,False,False,False,False,,0.0,2.0,,,,,6.0,5,
I saw their men.,PRO,1.0,sg,,True,Trans,,,True,False,False,False,False,False,,0.0,2.0,,,,,6.0,5,
I saw their book.,PRO,1.0,sg,,True,Trans,,,True,False,False,False,False,False,,1.0,2.0,,,,,6.0,5,
I saw their books.,PRO,1.0,sg,,True,Trans,,,True,False,False,False,False,False,,0.0,3.0,,,,,6.0,5,
you see my woman.,PRO,2.0,,,True,Trans,,pl,True,False,False,False,False,False,,1.0,1.0,,,,,6.0,5,
you see my man.,PRO,2.0,,,True,Trans,,pl,True,False,False,False,False,False,,1.0,1.0,,,,,6.0,5,
you see my women.,PRO,2.0,,,True,Trans,,pl,True,False,False,False,False,False,,2.0,1.0,,,,,6.0,5,
you see my men.,PRO,2.0,,,True,Trans,,pl,True,False,False,False,False,False,,2.0,1.0,,,,,6.0,5,
you see my book.,PRO,2.0,,,True,Trans,,pl,True,False,False,False,False,False,,1.0,2.0,,,,,6.0,5,
you see my books.,PRO,2.0,,,True,Trans,,pl,True,False,False,False,False,False,,2.0,2.0,,,,,6.0,5,
you see our woman.,PRO,2.0,,,True,Trans,,pl,True,False,False,False,False,False,,2.0,1.0,,,,,6.0,5,
you see our man.,PRO,2.0,,,True,Trans,,pl,True,False,False,False,False,False,,2.0,1.0,,,,,6.0,5,
you see our women.,PRO,2.0,,,True,Trans,,pl,True,False,False,False,False,False,,1.0,1.0,,,,,6.0,5,
you see our men.,PRO,2.0,,,True,Trans,,pl,True,False,False,False,False,False,,1.0,1.0,,,,,6.0,5,
you see our book.,PRO,2.0,,,True,Trans,,pl,True,False,False,False,False,False,,2.0,2.0,,,,,6.0,5,
you see our books.,PRO,2.0,,,True,Trans,,pl,True,False,False,False,False,False,,1.0,2.0,,,,,6.0,5,
you see your woman.,PRO,2.0,,,True,Trans,,pl,True,False,False,False,False,False,,1.0,1.0,,,,,6.0,5,
you see your man.,PRO,2.0,,,True,Trans,,pl,True,False,False,False,False,False,,1.0,1.0,,,,,6.0,5,
you see your women.,PRO,2.0,,,True,Trans,,pl,True,False,False,False,False,False,,1.0,1.0,,,,,6.0,5,
you see your men.,PRO,2.0,,,True,Trans,,pl,True,False,False,False,False,False,,1.0,1.0,,,,,6.0,5,
you see your book.,PRO,2.0,,,True,Trans,,pl,True,False,False,False,False,False,,1.0,2.0,,,,,6.0,5,
you see your books.,PRO,2.0,,,True,Trans,,pl,True,False,False,False,False,False,,1.0,2.0,,,,,6.0,5,
you see her woman.,PRO,2.0,,,True,Trans,,pl,True,False,False,False,False,False,,0.0,1.0,,,,,6.0,5,
you see her man.,PRO,2.0,,,True,Trans,,pl,True,False,False,False,False,False,,1.0,1.0,,,,,6.0,5,
you see her women.,PRO,2.0,,,True,Trans,,pl,True,False,False,False,False,False,,1.0,1.0,,,,,6.0,5,
you see her men.,PRO,2.0,,,True,Trans,,pl,True,False,False,False,False,False,,2.0,1.0,,,,,6.0,5,
you see her book.,PRO,2.0,,,True,Trans,,pl,True,False,False,False,False,False,,1.0,2.0,,,,,6.0,5,
you see her books.,PRO,2.0,,,True,Trans,,pl,True,False,False,False,False,False,,2.0,2.0,,,,,6.0,5,
you see his woman.,PRO,2.0,,,True,Trans,,pl,True,False,False,False,False,False,,1.0,1.0,,,,,6.0,5,
you see his man.,PRO,2.0,,,True,Trans,,pl,True,False,False,False,False,False,,0.0,1.0,,,,,6.0,5,
you see his women.,PRO,2.0,,,True,Trans,,pl,True,False,False,False,False,False,,2.0,1.0,,,,,6.0,5,
you see his men.,PRO,2.0,,,True,Trans,,pl,True,False,False,False,False,False,,1.0,1.0,,,,,6.0,5,
you see his book.,PRO,2.0,,,True,Trans,,pl,True,False,False,False,False,False,,1.0,2.0,,,,,6.0,5,
you see his books.,PRO,2.0,,,True,Trans,,pl,True,False,False,False,False,False,,2.0,2.0,,,,,6.0,5,
you see its woman.,PRO,2.0,,,True,Trans,,pl,True,False,False,False,False,False,,2.0,1.0,,,,,6.0,5,
you see its man.,PRO,2.0,,,True,Trans,,pl,True,False,False,False,False,False,,1.0,1.0,,,,,6.0,5,
you see its women.,PRO,2.0,,,True,Trans,,pl,True,False,False,False,False,False,,3.0,1.0,,,,,6.0,5,
you see its men.,PRO,2.0,,,True,Trans,,pl,True,False,False,False,False,False,,2.0,1.0,,,,,6.0,5,
you see its book.,PRO,2.0,,,True,Trans,,pl,True,False,False,False,False,False,,0.0,2.0,,,,,6.0,5,
you see its books.,PRO,2.0,,,True,Trans,,pl,True,False,False,False,False,False,,1.0,2.0,,,,,6.0,5,
you see their woman.,PRO,2.0,,,True,Trans,,pl,True,False,False,False,False,False,,1.0,1.0,,,,,6.0,5,
you see their man.,PRO,2.0,,,True,Trans,,pl,True,False,False,False,False,False,,1.0,1.0,,,,,6.0,5,
you see their women.,PRO,2.0,,,True,Trans,,pl,True,False,False,False,False,False,,0.0,1.0,,,,,6.0,5,
you see their men.,PRO,2.0,,,True,Trans,,pl,True,False,False,False,False,False,,0.0,1.0,,,,,6.0,5,
you see their book.,PRO,2.0,,,True,Trans,,pl,True,False,False,False,False,False,,1.0,2.0,,,,,6.0,5,
you see their books.,PRO,2.0,,,True,Trans,,pl,True,False,False,False,False,False,,0.0,2.0,,,,,6.0,5,
you saw my woman.,PRO,2.0,,,True,Trans,,,True,False,False,False,False,False,,1.0,1.0,,,,,6.0,5,
you saw my man.,PRO,2.0,,,True,Trans,,,True,False,False,False,False,False,,1.0,1.0,,,,,6.0,5,
you saw my women.,PRO,2.0,,,True,Trans,,,True,False,False,False,False,False,,2.0,1.0,,,,,6.0,5,
you saw my men.,PRO,2.0,,,True,Trans,,,True,False,False,False,False,False,,2.0,1.0,,,,,6.0,5,
you saw my book.,PRO,2.0,,,True,Trans,,,True,False,False,False,False,False,,1.0,2.0,,,,,6.0,5,
you saw my books.,PRO,2.0,,,True,Trans,,,True,False,False,False,False,False,,2.0,2.0,,,,,6.0,5,
you saw our woman.,PRO,2.0,,,True,Trans,,,True,False,False,False,False,False,,2.0,1.0,,,,,6.0,5,
you saw our man.,PRO,2.0,,,True,Trans,,,True,False,False,False,False,False,,2.0,1.0,,,,,6.0,5,
you saw our women.,PRO,2.0,,,True,Trans,,,True,False,False,False,False,False,,1.0,1.0,,,,,6.0,5,
you saw our men.,PRO,2.0,,,True,Trans,,,True,False,False,False,False,False,,1.0,1.0,,,,,6.0,5,
you saw our book.,PRO,2.0,,,True,Trans,,,True,False,False,False,False,False,,2.0,2.0,,,,,6.0,5,
you saw our books.,PRO,2.0,,,True,Trans,,,True,False,False,False,False,False,,1.0,2.0,,,,,6.0,5,
you saw your woman.,PRO,2.0,,,True,Trans,,,True,False,False,False,False,False,,1.0,1.0,,,,,6.0,5,
you saw your man.,PRO,2.0,,,True,Trans,,,True,False,False,False,False,False,,1.0,1.0,,,,,6.0,5,
you saw your women.,PRO,2.0,,,True,Trans,,,True,False,False,False,False,False,,1.0,1.0,,,,,6.0,5,
you saw your men.,PRO,2.0,,,True,Trans,,,True,False,False,False,False,False,,1.0,1.0,,,,,6.0,5,
you saw your book.,PRO,2.0,,,True,Trans,,,True,False,False,False,False,False,,1.0,2.0,,,,,6.0,5,
you saw your books.,PRO,2.0,,,True,Trans,,,True,False,False,False,False,False,,1.0,2.0,,,,,6.0,5,
you saw her woman.,PRO,2.0,,,True,Trans,,,True,False,False,False,False,False,,0.0,1.0,,,,,6.0,5,
you saw her man.,PRO,2.0,,,True,Trans,,,True,False,False,False,False,False,,1.0,1.0,,,,,6.0,5,
you saw her women.,PRO,2.0,,,True,Trans,,,True,False,False,False,False,False,,1.0,1.0,,,,,6.0,5,
you saw her men.,PRO,2.0,,,True,Trans,,,True,False,False,False,False,False,,2.0,1.0,,,,,6.0,5,
you saw her book.,PRO,2.0,,,True,Trans,,,True,False,False,False,False,False,,1.0,2.0,,,,,6.0,5,
you saw her books.,PRO,2.0,,,True,Trans,,,True,False,False,False,False,False,,2.0,2.0,,,,,6.0,5,
you saw his woman.,PRO,2.0,,,True,Trans,,,True,False,False,False,False,False,,1.0,1.0,,,,,6.0,5,
you saw his man.,PRO,2.0,,,True,Trans,,,True,False,False,False,False,False,,0.0,1.0,,,,,6.0,5,
you saw his women.,PRO,2.0,,,True,Trans,,,True,False,False,False,False,False,,2.0,1.0,,,,,6.0,5,
you saw his men.,PRO,2.0,,,True,Trans,,,True,False,False,False,False,False,,1.0,1.0,,,,,6.0,5,
you saw his book.,PRO,2.0,,,True,Trans,,,True,False,False,False,False,False,,1.0,2.0,,,,,6.0,5,
you saw his books.,PRO,2.0,,,True,Trans,,,True,False,False,False,False,False,,2.0,2.0,,,,,6.0,5,
you saw its woman.,PRO,2.0,,,True,Trans,,,True,False,False,False,False,False,,2.0,1.0,,,,,6.0,5,
you saw its man.,PRO,2.0,,,True,Trans,,,True,False,False,False,False,False,,1.0,1.0,,,,,6.0,5,
you saw its women.,PRO,2.0,,,True,Trans,,,True,False,False,False,False,False,,3.0,1.0,,,,,6.0,5,
you saw its men.,PRO,2.0,,,True,Trans,,,True,False,False,False,False,False,,2.0,1.0,,,,,6.0,5,
you saw its book.,PRO,2.0,,,True,Trans,,,True,False,False,False,False,False,,0.0,2.0,,,,,6.0,5,
you saw its books.,PRO,2.0,,,True,Trans,,,True,False,False,False,False,False,,1.0,2.0,,,,,6.0,5,
you saw their woman.,PRO,2.0,,,True,Trans,,,True,False,False,False,False,False,,1.0,1.0,,,,,6.0,5,
you saw their man.,PRO,2.0,,,True,Trans,,,True,False,False,False,False,False,,1.0,1.0,,,,,6.0,5,
you saw their women.,PRO,2.0,,,True,Trans,,,True,False,False,False,False,False,,0.0,1.0,,,,,6.0,5,
you saw their men.,PRO,2.0,,,True,Trans,,,True,False,False,False,False,False,,0.0,1.0,,,,,6.0,5,
you saw their book.,PRO,2.0,,,True,Trans,,,True,False,False,False,False,False,,1.0,2.0,,,,,6.0,5,
you saw their books.,PRO,2.0,,,True,Trans,,,True,False,False,False,False,False,,0.0,2.0,,,,,6.0,5,
he sees my woman.,PRO,3.0,sg,m,True,Trans,3.0,sg,True,False,False,False,False,False,,1.0,1.0,,,,,5.0,5,
he sees my man.,PRO,3.0,sg,m,True,Trans,3.0,sg,True,False,False,False,False,False,,1.0,0.0,,,,,5.0,5,
he sees my women.,PRO,3.0,sg,m,True,Trans,3.0,sg,True,False,False,False,False,False,,2.0,2.0,,,,,5.0,5,
he sees my men.,PRO,3.0,sg,m,True,Trans,3.0,sg,True,False,False,False,False,False,,2.0,1.0,,,,,5.0,5,
he sees my book.,PRO,3.0,sg,m,True,Trans,3.0,sg,True,False,False,False,False,False,,1.0,1.0,,,,,5.0,5,
he sees my books.,PRO,3.0,sg,m,True,Trans,3.0,sg,True,False,False,False,False,False,,2.0,2.0,,,,,5.0,5,
he sees our woman.,PRO,3.0,sg,m,True,Trans,3.0,sg,True,False,False,False,False,False,,2.0,1.0,,,,,5.0,5,
he sees our man.,PRO,3.0,sg,m,True,Trans,3.0,sg,True,False,False,False,False,False,,2.0,0.0,,,,,5.0,5,
he sees our women.,PRO,3.0,sg,m,True,Trans,3.0,sg,True,False,False,False,False,False,,1.0,2.0,,,,,5.0,5,
he sees our men.,PRO,3.0,sg,m,True,Trans,3.0,sg,True,False,False,False,False,False,,1.0,1.0,,,,,5.0,5,
he sees our book.,PRO,3.0,sg,m,True,Trans,3.0,sg,True,False,False,False,False,False,,2.0,1.0,,,,,5.0,5,
he sees our books.,PRO,3.0,sg,m,True,Trans,3.0,sg,True,False,False,False,False,False,,1.0,2.0,,,,,5.0,5,
he sees your woman.,PRO,3.0,sg,m,True,Trans,3.0,sg,True,False,False,False,False,False,,1.0,1.0,,,,,5.0,5,
he sees your man.,PRO,3.0,sg,m,True,Trans,3.0,sg,True,False,False,False,False,False,,1.0,0.0,,,,,5.0,5,
he sees your women.,PRO,3.0,sg,m,True,Trans,3.0,sg,True,False,False,False,False,False,,1.0,2.0,,,,,5.0,5,
he sees your men.,PRO,3.0,sg,m,True,Trans,3.0,sg,True,False,False,False,False,False,,1.0,1.0,,,,,5.0,5,
he sees your book.,PRO,3.0,sg,m,True,Trans,3.0,sg,True,False,False,False,False,False,,1.0,1.0,,,,,5.0,5,
he sees your books.,PRO,3.0,sg,m,True,Trans,3.0,sg,True,False,False,False,False,False,,1.0,2.0,,,,,5.0,5,
he sees her woman.,PRO,3.0,sg,m,True,Trans,3.0,sg,True,False,False,False,False,False,,0.0,1.0,,,,,5.0,5,
he sees her man.,PRO,3.0,sg,m,True,Trans,3.0,sg,True,False,False,False,False,False,,1.0,0.0,,,,,5.0,5,
he sees her women.,PRO,3.0,sg,m,True,Trans,3.0,sg,True,False,False,False,False,False,,1.0,2.0,,,,,5.0,5,
he sees her men.,PRO,3.0,sg,m,True,Trans,3.0,sg,True,False,False,False,False,False,,2.0,1.0,,,,,5.0,5,
he sees her book.,PRO,3.0,sg,m,True,Trans,3.0,sg,True,False,False,False,False,False,,1.0,1.0,,,,,5.0,5,
he sees her books.,PRO,3.0,sg,m,True,Trans,3.0,sg,True,False,False,False,False,False,,2.0,2.0,,,,,5.0,5,
he sees his woman.,PRO,3.0,sg,m,True,Trans,3.0,sg,True,False,False,False,False,False,,1.0,1.0,,,,,5.0,5,
he sees his man.,PRO,3.0,sg,m,True,Trans,3.0,sg,True,False,False,False,False,False,,0.0,0.0,,,,,5.0,5,
he sees his women.,PRO,3.0,sg,m,True,Trans,3.0,sg,True,False,False,False,False,False,,2.0,2.0,,,,,5.0,5,
he sees his men.,PRO,3.0,sg,m,True,Trans,3.0,sg,True,False,False,False,False,False,,1.0,1.0,,,,,5.0,5,
he sees his book.,PRO,3.0,sg,m,True,Trans,3.0,sg,True,False,False,False,False,False,,1.0,1.0,,,,,5.0,5,
he sees his books.,PRO,3.0,sg,m,True,Trans,3.0,sg,True,False,False,False,False,False,,2.0,2.0,,,,,5.0,5,
he sees its woman.,PRO,3.0,sg,m,True,Trans,3.0,sg,True,False,False,False,False,False,,2.0,1.0,,,,,5.0,5,
he sees its man.,PRO,3.0,sg,m,True,Trans,3.0,sg,True,False,False,False,False,False,,1.0,0.0,,,,,5.0,5,
he sees its women.,PRO,3.0,sg,m,True,Trans,3.0,sg,True,False,False,False,False,False,,3.0,2.0,,,,,5.0,5,
he sees its men.,PRO,3.0,sg,m,True,Trans,3.0,sg,True,False,False,False,False,False,,2.0,1.0,,,,,5.0,5,
he sees its book.,PRO,3.0,sg,m,True,Trans,3.0,sg,True,False,False,False,False,False,,0.0,1.0,,,,,5.0,5,
he sees its books.,PRO,3.0,sg,m,True,Trans,3.0,sg,True,False,False,False,False,False,,1.0,2.0,,,,,5.0,5,
he sees their woman.,PRO,3.0,sg,m,True,Trans,3.0,sg,True,False,False,False,False,False,,1.0,1.0,,,,,5.0,5,
he sees their man.,PRO,3.0,sg,m,True,Trans,3.0,sg,True,False,False,False,False,False,,1.0,0.0,,,,,5.0,5,
he sees their women.,PRO,3.0,sg,m,True,Trans,3.0,sg,True,False,False,False,False,False,,0.0,2.0,,,,,5.0,5,
he sees their men.,PRO,3.0,sg,m,True,Trans,3.0,sg,True,False,False,False,False,False,,0.0,1.0,,,,,5.0,5,
he sees their book.,PRO,3.0,sg,m,True,Trans,3.0,sg,True,False,False,False,False,False,,1.0,1.0,,,,,5.0,5,
he sees their books.,PRO,3.0,sg,m,True,Trans,3.0,sg,True,False,False,False,False,False,,0.0,2.0,,,,,5.0,5,
he saw my woman.,PRO,3.0,sg,m,True,Trans,,,True,False,False,False,False,False,,1.0,1.0,,,,,6.0,5,
he saw my man.,PRO,3.0,sg,m,True,Trans,,,True,False,False,False,False,False,,1.0,0.0,,,,,6.0,5,
he saw my women.,PRO,3.0,sg,m,True,Trans,,,True,False,False,False,False,False,,2.0,2.0,,,,,6.0,5,
he saw my men.,PRO,3.0,sg,m,True,Trans,,,True,False,False,False,False,False,,2.0,1.0,,,,,6.0,5,
he saw my book.,PRO,3.0,sg,m,True,Trans,,,True,False,False,False,False,False,,1.0,1.0,,,,,6.0,5,
he saw my books.,PRO,3.0,sg,m,True,Trans,,,True,False,False,False,False,False,,2.0,2.0,,,,,6.0,5,
he saw our woman.,PRO,3.0,sg,m,True,Trans,,,True,False,False,False,False,False,,2.0,1.0,,,,,6.0,5,
he saw our man.,PRO,3.0,sg,m,True,Trans,,,True,False,False,False,False,False,,2.0,0.0,,,,,6.0,5,
he saw our women.,PRO,3.0,sg,m,True,Trans,,,True,False,False,False,False,False,,1.0,2.0,,,,,6.0,5,
he saw our men.,PRO,3.0,sg,m,True,Trans,,,True,False,False,False,False,False,,1.0,1.0,,,,,6.0,5,
he saw our book.,PRO,3.0,sg,m,True,Trans,,,True,False,False,False,False,False,,2.0,1.0,,,,,6.0,5,
he saw our books.,PRO,3.0,sg,m,True,Trans,,,True,False,False,False,False,False,,1.0,2.0,,,,,6.0,5,
he saw your woman.,PRO,3.0,sg,m,True,Trans,,,True,False,False,False,False,False,,1.0,1.0,,,,,6.0,5,
he saw your man.,PRO,3.0,sg,m,True,Trans,,,True,False,False,False,False,False,,1.0,0.0,,,,,6.0,5,
he saw your women.,PRO,3.0,sg,m,True,Trans,,,True,False,False,False,False,False,,1.0,2.0,,,,,6.0,5,
he saw your men.,PRO,3.0,sg,m,True,Trans,,,True,False,False,False,False,False,,1.0,1.0,,,,,6.0,5,
he saw your book.,PRO,3.0,sg,m,True,Trans,,,True,False,False,False,False,False,,1.0,1.0,,,,,6.0,5,
he saw your books.,PRO,3.0,sg,m,True,Trans,,,True,False,False,False,False,False,,1.0,2.0,,,,,6.0,5,
he saw her woman.,PRO,3.0,sg,m,True,Trans,,,True,False,False,False,False,False,,0.0,1.0,,,,,6.0,5,
he saw her man.,PRO,3.0,sg,m,True,Trans,,,True,False,False,False,False,False,,1.0,0.0,,,,,6.0,5,
he saw her women.,PRO,3.0,sg,m,True,Trans,,,True,False,False,False,False,False,,1.0,2.0,,,,,6.0,5,
he saw her men.,PRO,3.0,sg,m,True,Trans,,,True,False,False,False,False,False,,2.0,1.0,,,,,6.0,5,
he saw her book.,PRO,3.0,sg,m,True,Trans,,,True,False,False,False,False,False,,1.0,1.0,,,,,6.0,5,
he saw her books.,PRO,3.0,sg,m,True,Trans,,,True,False,False,False,False,False,,2.0,2.0,,,,,6.0,5,
he saw his woman.,PRO,3.0,sg,m,True,Trans,,,True,False,False,False,False,False,,1.0,1.0,,,,,6.0,5,
he saw his man.,PRO,3.0,sg,m,True,Trans,,,True,False,False,False,False,False,,0.0,0.0,,,,,6.0,5,
he saw his women.,PRO,3.0,sg,m,True,Trans,,,True,False,False,False,False,False,,2.0,2.0,,,,,6.0,5,
he saw his men.,PRO,3.0,sg,m,True,Trans,,,True,False,False,False,False,False,,1.0,1.0,,,,,6.0,5,
he saw his book.,PRO,3.0,sg,m,True,Trans,,,True,False,False,False,False,False,,1.0,1.0,,,,,6.0,5,
he saw his books.,PRO,3.0,sg,m,True,Trans,,,True,False,False,False,False,False,,2.0,2.0,,,,,6.0,5,
he saw its woman.,PRO,3.0,sg,m,True,Trans,,,True,False,False,False,False,False,,2.0,1.0,,,,,6.0,5,
he saw its man.,PRO,3.0,sg,m,True,Trans,,,True,False,False,False,False,False,,1.0,0.0,,,,,6.0,5,
he saw its women.,PRO,3.0,sg,m,True,Trans,,,True,False,False,False,False,False,,3.0,2.0,,,,,6.0,5,
he saw its men.,PRO,3.0,sg,m,True,Trans,,,True,False,False,False,False,False,,2.0,1.0,,,,,6.0,5,
he saw its book.,PRO,3.0,sg,m,True,Trans,,,True,False,False,False,False,False,,0.0,1.0,,,,,6.0,5,
he saw its books.,PRO,3.0,sg,m,True,Trans,,,True,False,False,False,False,False,,1.0,2.0,,,,,6.0,5,
he saw their woman.,PRO,3.0,sg,m,True,Trans,,,True,False,False,False,False,False,,1.0,1.0,,,,,6.0,5,
he saw their man.,PRO,3.0,sg,m,True,Trans,,,True,False,False,False,False,False,,1.0,0.0,,,,,6.0,5,
he saw their women.,PRO,3.0,sg,m,True,Trans,,,True,False,False,False,False,False,,0.0,2.0,,,,,6.0,5,
he saw their men.,PRO,3.0,sg,m,True,Trans,,,True,False,False,False,False,False,,0.0,1.0,,,,,6.0,5,
he saw their book.,PRO,3.0,sg,m,True,Trans,,,True,False,False,False,False,False,,1.0,1.0,,,,,6.0,5,
he saw their books.,PRO,3.0,sg,m,True,Trans,,,True,False,False,False,False,False,,0.0,2.0,,,,,6.0,5,
she sees my woman.,PRO,3.0,sg,f,True,Trans,3.0,sg,True,False,False,False,False,False,,1.0,0.0,,,,,5.0,5,
she sees my man.,PRO,3.0,sg,f,True,Trans,3.0,sg,True,False,False,False,False,False,,1.0,1.0,,,,,5.0,5,
she sees my women.,PRO,3.0,sg,f,True,Trans,3.0,sg,True,False,False,False,False,False,,2.0,1.0,,,,,5.0,5,
she sees my men.,PRO,3.0,sg,f,True,Trans,3.0,sg,True,False,False,False,False,False,,2.0,2.0,,,,,5.0,5,
she sees my book.,PRO,3.0,sg,f,True,Trans,3.0,sg,True,False,False,False,False,False,,1.0,1.0,,,,,5.0,5,
she sees my books.,PRO,3.0,sg,f,True,Trans,3.0,sg,True,False,False,False,False,False,,2.0,2.0,,,,,5.0,5,
she sees our woman.,PRO,3.0,sg,f,True,Trans,3.0,sg,True,False,False,False,False,False,,2.0,0.0,,,,,5.0,5,
she sees our man.,PRO,3.0,sg,f,True,Trans,3.0,sg,True,False,False,False,False,False,,2.0,1.0,,,,,5.0,5,
she sees our women.,PRO,3.0,sg,f,True,Trans,3.0,sg,True,False,False,False,False,False,,1.0,1.0,,,,,5.0,5,
she sees our men.,PRO,3.0,sg,f,True,Trans,3.0,sg,True,False,False,False,False,False,,1.0,2.0,,,,,5.0,5,
she sees our book.,PRO,3.0,sg,f,True,Trans,3.0,sg,True,False,False,False,False,False,,2.0,1.0,,,,,5.0,5,
she sees our books.,PRO,3.0,sg,f,True,Trans,3.0,sg,True,False,False,False,False,False,,1.0,2.0,,,,,5.0,5,
she sees your woman.,PRO,3.0,sg,f,True,Trans,3.0,sg,True,False,False,False,False,False,,1.0,0.0,,,,,5.0,5,
she sees your man.,PRO,3.0,sg,f,True,Trans,3.0,sg,True,False,False,False,False,False,,1.0,1.0,,,,,5.0,5,
she sees your women.,PRO,3.0,sg,f,True,Trans,3.0,sg,True,False,False,False,False,False,,1.0,1.0,,,,,5.0,5,
she sees your men.,PRO,3.0,sg,f,True,Trans,3.0,sg,True,False,False,False,False,False,,1.0,2.0,,,,,5.0,5,
she sees your book.,PRO,3.0,sg,f,True,Trans,3.0,sg,True,False,False,False,False,False,,1.0,1.0,,,,,5.0,5,
she sees your books.,PRO,3.0,sg,f,True,Trans,3.0,sg,True,False,False,False,False,False,,1.0,2.0,,,,,5.0,5,
she sees her woman.,PRO,3.0,sg,f,True,Trans,3.0,sg,True,False,False,False,False,False,,0.0,0.0,,,,,5.0,5,
she sees her man.,PRO,3.0,sg,f,True,Trans,3.0,sg,True,False,False,False,False,False,,1.0,1.0,,,,,5.0,5,
she sees her women.,PRO,3.0,sg,f,True,Trans,3.0,sg,True,False,False,False,False,False,,1.0,1.0,,,,,5.0,5,
she sees her men.,PRO,3.0,sg,f,True,Trans,3.0,sg,True,False,False,False,False,False,,2.0,2.0,,,,,5.0,5,
she sees her book.,PRO,3.0,sg,f,True,Trans,3.0,sg,True,False,False,False,False,False,,1.0,1.0,,,,,5.0,5,
she sees her books.,PRO,3.0,sg,f,True,Trans,3.0,sg,True,False,False,False,False,False,,2.0,2.0,,,,,5.0,5,
she sees his woman.,PRO,3.0,sg,f,True,Trans,3.0,sg,True,False,False,False,False,False,,1.0,0.0,,,,,5.0,5,
she sees his man.,PRO,3.0,sg,f,True,Trans,3.0,sg,True,False,False,False,False,False,,0.0,1.0,,,,,5.0,5,
she sees his women.,PRO,3.0,sg,f,True,Trans,3.0,sg,True,False,False,False,False,False,,2.0,1.0,,,,,5.0,5,
she sees his men.,PRO,3.0,sg,f,True,Trans,3.0,sg,True,False,False,False,False,False,,1.0,2.0,,,,,5.0,5,
she sees his book.,PRO,3.0,sg,f,True,Trans,3.0,sg,True,False,False,False,False,False,,1.0,1.0,,,,,5.0,5,
she sees his books.,PRO,3.0,sg,f,True,Trans,3.0,sg,True,False,False,False,False,False,,2.0,2.0,,,,,5.0,5,
she sees its woman.,PRO,3.0,sg,f,True,Trans,3.0,sg,True,False,False,False,False,False,,2.0,0.0,,,,,5.0,5,
she sees its man.,PRO,3.0,sg,f,True,Trans,3.0,sg,True,False,False,False,False,False,,1.0,1.0,,,,,5.0,5,
she sees its women.,PRO,3.0,sg,f,True,Trans,3.0,sg,True,False,False,False,False,False,,3.0,1.0,,,,,5.0,5,
she sees its men.,PRO,3.0,sg,f,True,Trans,3.0,sg,True,False,False,False,False,False,,2.0,2.0,,,,,5.0,5,
she sees its book.,PRO,3.0,sg,f,True,Trans,3.0,sg,True,False,False,False,False,False,,0.0,1.0,,,,,5.0,5,
she sees its books.,PRO,3.0,sg,f,True,Trans,3.0,sg,True,False,False,False,False,False,,1.0,2.0,,,,,5.0,5,
she sees their woman.,PRO,3.0,sg,f,True,Trans,3.0,sg,True,False,False,False,False,False,,1.0,0.0,,,,,5.0,5,
she sees their man.,PRO,3.0,sg,f,True,Trans,3.0,sg,True,False,False,False,False,False,,1.0,1.0,,,,,5.0,5,
she sees their women.,PRO,3.0,sg,f,True,Trans,3.0,sg,True,False,False,False,False,False,,0.0,1.0,,,,,5.0,5,
she sees their men.,PRO,3.0,sg,f,True,Trans,3.0,sg,True,False,False,False,False,False,,0.0,2.0,,,,,5.0,5,
she sees their book.,PRO,3.0,sg,f,True,Trans,3.0,sg,True,False,False,False,False,False,,1.0,1.0,,,,,5.0,5,
she sees their books.,PRO,3.0,sg,f,True,Trans,3.0,sg,True,False,False,False,False,False,,0.0,2.0,,,,,5.0,5,
she saw my woman.,PRO,3.0,sg,f,True,Trans,,,True,False,False,False,False,False,,1.0,0.0,,,,,5.0,5,
she saw my man.,PRO,3.0,sg,f,True,Trans,,,True,False,False,False,False,False,,1.0,1.0,,,,,5.0,5,
she saw my women.,PRO,3.0,sg,f,True,Trans,,,True,False,False,False,False,False,,2.0,1.0,,,,,5.0,5,
she saw my men.,PRO,3.0,sg,f,True,Trans,,,True,False,False,False,False,False,,2.0,2.0,,,,,5.0,5,
she saw my book.,PRO,3.0,sg,f,True,Trans,,,True,False,False,False,False,False,,1.0,1.0,,,,,5.0,5,
she saw my books.,PRO,3.0,sg,f,True,Trans,,,True,False,False,False,False,False,,2.0,2.0,,,,,5.0,5,
she saw our woman.,PRO,3.0,sg,f,True,Trans,,,True,False,False,False,False,False,,2.0,0.0,,,,,5.0,5,
she saw our man.,PRO,3.0,sg,f,True,Trans,,,True,False,False,False,False,False,,2.0,1.0,,,,,5.0,5,
she saw our women.,PRO,3.0,sg,f,True,Trans,,,True,False,False,False,False,False,,1.0,1.0,,,,,5.0,5,
she saw our men.,PRO,3.0,sg,f,True,Trans,,,True,False,False,False,False,False,,1.0,2.0,,,,,5.0,5,
she saw our book.,PRO,3.0,sg,f,True,Trans,,,True,False,False,False,False,False,,2.0,1.0,,,,,5.0,5,
she saw our books.,PRO,3.0,sg,f,True,Trans,,,True,False,False,False,False,False,,1.0,2.0,,,,,5.0,5,
she saw your woman.,PRO,3.0,sg,f,True,Trans,,,True,False,False,False,False,False,,1.0,0.0,,,,,5.0,5,
she saw your man.,PRO,3.0,sg,f,True,Trans,,,True,False,False,False,False,False,,1.0,1.0,,,,,5.0,5,
she saw your women.,PRO,3.0,sg,f,True,Trans,,,True,False,False,False,False,False,,1.0,1.0,,,,,5.0,5,
she saw your men.,PRO,3.0,sg,f,True,Trans,,,True,False,False,False,False,False,,1.0,2.0,,,,,5.0,5,
she saw your book.,PRO,3.0,sg,f,True,Trans,,,True,False,False,False,False,False,,1.0,1.0,,,,,5.0,5,
she saw your books.,PRO,3.0,sg,f,True,Trans,,,True,False,False,False,False,False,,1.0,2.0,,,,,5.0,5,
she saw her woman.,PRO,3.0,sg,f,True,Trans,,,True,False,False,False,False,False,,0.0,0.0,,,,,5.0,5,
she saw her man.,PRO,3.0,sg,f,True,Trans,,,True,False,False,False,False,False,,1.0,1.0,,,,,5.0,5,
she saw her women.,PRO,3.0,sg,f,True,Trans,,,True,False,False,False,False,False,,1.0,1.0,,,,,5.0,5,
she saw her men.,PRO,3.0,sg,f,True,Trans,,,True,False,False,False,False,False,,2.0,2.0,,,,,5.0,5,
she saw her book.,PRO,3.0,sg,f,True,Trans,,,True,False,False,False,False,False,,1.0,1.0,,,,,5.0,5,
she saw her books.,PRO,3.0,sg,f,True,Trans,,,True,False,False,False,False,False,,2.0,2.0,,,,,5.0,5,
she saw his woman.,PRO,3.0,sg,f,True,Trans,,,True,False,False,False,False,False,,1.0,0.0,,,,,5.0,5,
she saw his man.,PRO,3.0,sg,f,True,Trans,,,True,False,False,False,False,False,,0.0,1.0,,,,,5.0,5,
she saw his women.,PRO,3.0,sg,f,True,Trans,,,True,False,False,False,False,False,,2.0,1.0,,,,,5.0,5,
she saw his men.,PRO,3.0,sg,f,True,Trans,,,True,False,False,False,False,False,,1.0,2.0,,,,,5.0,5,
she saw his book.,PRO,3.0,sg,f,True,Trans,,,True,False,False,False,False,False,,1.0,1.0,,,,,5.0,5,
she saw his books.,PRO,3.0,sg,f,True,Trans,,,True,False,False,False,False,False,,2.0,2.0,,,,,5.0,5,
she saw its woman.,PRO,3.0,sg,f,True,Trans,,,True,False,False,False,False,False,,2.0,0.0,,,,,5.0,5,
she saw its man.,PRO,3.0,sg,f,True,Trans,,,True,False,False,False,False,False,,1.0,1.0,,,,,5.0,5,
she saw its women.,PRO,3.0,sg,f,True,Trans,,,True,False,False,False,False,False,,3.0,1.0,,,,,5.0,5,
she saw its men.,PRO,3.0,sg,f,True,Trans,,,True,False,False,False,False,False,,2.0,2.0,,,,,5.0,5,
she saw its book.,PRO,3.0,sg,f,True,Trans,,,True,False,False,False,False,False,,0.0,1.0,,,,,5.0,5,
she saw its books.,PRO,3.0,sg,f,True,Trans,,,True,False,False,False,False,False,,1.0,2.0,,,,,5.0,5,
she saw their woman.,PRO,3.0,sg,f,True,Trans,,,True,False,False,False,False,False,,1.0,0.0,,,,,5.0,5,
she saw their man.,PRO,3.0,sg,f,True,Trans,,,True,False,False,False,False,False,,1.0,1.0,,,,,5.0,5,
she saw their women.,PRO,3.0,sg,f,True,Trans,,,True,False,False,False,False,False,,0.0,1.0,,,,,5.0,5,
she saw their men.,PRO,3.0,sg,f,True,Trans,,,True,False,False,False,False,False,,0.0,2.0,,,,,5.0,5,
she saw their book.,PRO,3.0,sg,f,True,Trans,,,True,False,False,False,False,False,,1.0,1.0,,,,,5.0,5,
she saw their books.,PRO,3.0,sg,f,True,Trans,,,True,False,False,False,False,False,,0.0,2.0,,,,,5.0,5,
we see my woman.,PRO,1.0,pl,,True,Trans,,pl,True,False,False,False,False,False,,1.0,2.0,,,,,6.0,5,
we see my man.,PRO,1.0,pl,,True,Trans,,pl,True,False,False,False,False,False,,1.0,2.0,,,,,6.0,5,
we see my women.,PRO,1.0,pl,,True,Trans,,pl,True,False,False,False,False,False,,2.0,1.0,,,,,6.0,5,
we see my men.,PRO,1.0,pl,,True,Trans,,pl,True,False,False,False,False,False,,2.0,1.0,,,,,6.0,5,
we see my book.,PRO,1.0,pl,,True,Trans,,pl,True,False,False,False,False,False,,1.0,3.0,,,,,6.0,5,
we see my books.,PRO,1.0,pl,,True,Trans,,pl,True,False,False,False,False,False,,2.0,2.0,,,,,6.0,5,
we see our woman.,PRO,1.0,pl,,True,Trans,,pl,True,False,False,False,False,False,,2.0,2.0,,,,,6.0,5,
we see our man.,PRO,1.0,pl,,True,Trans,,pl,True,False,False,False,False,False,,2.0,2.0,,,,,6.0,5,
we see our women.,PRO,1.0,pl,,True,Trans,,pl,True,False,False,False,False,False,,1.0,1.0,,,,,6.0,5,
we see our men.,PRO,1.0,pl,,True,Trans,,pl,True,False,False,False,False,False,,1.0,1.0,,,,,6.0,5,
we see our book.,PRO,1.0,pl,,True,Trans,,pl,True,False,False,False,False,False,,2.0,3.0,,,,,6.0,5,
we see our books.,PRO,1.0,pl,,True,Trans,,pl,True,False,False,False,False,False,,1.0,2.0,,,,,6.0,5,
we see your woman.,PRO,1.0,pl,,True,Trans,,pl,True,False,False,False,False,False,,1.0,2.0,,,,,6.0,5,
we see your man.,PRO,1.0,pl,,True,Trans,,pl,True,False,False,False,False,False,,1.0,2.0,,,,,6.0,5,
we see your women.,PRO,1.0,pl,,True,Trans,,pl,True,False,False,False,False,False,,1.0,1.0,,,,,6.0,5,
we see your men.,PRO,1.0,pl,,True,Trans,,pl,True,False,False,False,False,False,,1.0,1.0,,,,,6.0,5,
we see your book.,PRO,1.0,pl,,True,Trans,,pl,True,False,False,False,False,False,,1.0,3.0,,,,,6.0,5,
we see your books.,PRO,1.0,pl,,True,Trans,,pl,True,False,False,False,False,False,,1.0,2.0,,,,,6.0,5,
we see her woman.,PRO,1.0,pl,,True,Trans,,pl,True,False,False,False,False,False,,0.0,2.0,,,,,6.0,5,
we see her man.,PRO,1.0,pl,,True,Trans,,pl,True,False,False,False,False,False,,1.0,2.0,,,,,6.0,5,
we see her women.,PRO,1.0,pl,,True,Trans,,pl,True,False,False,False,False,False,,1.0,1.0,,,,,6.0,5,
we see her men.,PRO,1.0,pl,,True,Trans,,pl,True,False,False,False,False,False,,2.0,1.0,,,,,6.0,5,
we see her book.,PRO,1.0,pl,,True,Trans,,pl,True,False,False,False,False,False,,1.0,3.0,,,,,6.0,5,
we see her books.,PRO,1.0,pl,,True,Trans,,pl,True,False,False,False,False,False,,2.0,2.0,,,,,6.0,5,
we see his woman.,PRO,1.0,pl,,True,Trans,,pl,True,False,False,False,False,False,,1.0,2.0,,,,,6.0,5,
we see his man.,PRO,1.0,pl,,True,Trans,,pl,True,False,False,False,False,False,,0.0,2.0,,,,,6.0,5,
we see his women.,PRO,1.0,pl,,True,Trans,,pl,True,False,False,False,False,False,,2.0,1.0,,,,,6.0,5,
we see his men.,PRO,1.0,pl,,True,Trans,,pl,True,False,False,False,False,False,,1.0,1.0,,,,,6.0,5,
we see his book.,PRO,1.0,pl,,True,Trans,,pl,True,False,False,False,False,False,,1.0,3.0,,,,,6.0,5,
we see his books.,PRO,1.0,pl,,True,Trans,,pl,True,False,False,False,False,False,,2.0,2.0,,,,,6.0,5,
we see its woman.,PRO,1.0,pl,,True,Trans,,pl,True,False,False,False,False,False,,2.0,2.0,,,,,6.0,5,
we see its man.,PRO,1.0,pl,,True,Trans,,pl,True,False,False,False,False,False,,1.0,2.0,,,,,6.0,5,
we see its women.,PRO,1.0,pl,,True,Trans,,pl,True,False,False,False,False,False,,3.0,1.0,,,,,6.0,5,
we see its men.,PRO,1.0,pl,,True,Trans,,pl,True,False,False,False,False,False,,2.0,1.0,,,,,6.0,5,
we see its book.,PRO,1.0,pl,,True,Trans,,pl,True,False,False,False,False,False,,0.0,3.0,,,,,6.0,5,
we see its books.,PRO,1.0,pl,,True,Trans,,pl,True,False,False,False,False,False,,1.0,2.0,,,,,6.0,5,
we see their woman.,PRO,1.0,pl,,True,Trans,,pl,True,False,False,False,False,False,,1.0,2.0,,,,,6.0,5,
we see their man.,PRO,1.0,pl,,True,Trans,,pl,True,False,False,False,False,False,,1.0,2.0,,,,,6.0,5,
we see their women.,PRO,1.0,pl,,True,Trans,,pl,True,False,False,False,False,False,,0.0,1.0,,,,,6.0,5,
we see their men.,PRO,1.0,pl,,True,Trans,,pl,True,False,False,False,False,False,,0.0,1.0,,,,,6.0,5,
we see their book.,PRO,1.0,pl,,True,Trans,,pl,True,False,False,False,False,False,,1.0,3.0,,,,,6.0,5,
we see their books.,PRO,1.0,pl,,True,Trans,,pl,True,False,False,False,False,False,,0.0,2.0,,,,,6.0,5,
we saw my woman.,PRO,1.0,pl,,True,Trans,,,True,False,False,False,False,False,,1.0,2.0,,,,,5.0,5,
we saw my man.,PRO,1.0,pl,,True,Trans,,,True,False,False,False,False,False,,1.0,2.0,,,,,5.0,5,
we saw my women.,PRO,1.0,pl,,True,Trans,,,True,False,False,False,False,False,,2.0,1.0,,,,,5.0,5,
we saw my men.,PRO,1.0,pl,,True,Trans,,,True,False,False,False,False,False,,2.0,1.0,,,,,5.0,5,
we saw my book.,PRO,1.0,pl,,True,Trans,,,True,False,False,False,False,False,,1.0,3.0,,,,,5.0,5,
we saw my books.,PRO,1.0,pl,,True,Trans,,,True,False,False,False,False,False,,2.0,2.0,,,,,5.0,5,
we saw our woman.,PRO,1.0,pl,,True,Trans,,,True,False,False,False,False,False,,2.0,2.0,,,,,5.0,5,
we saw our man.,PRO,1.0,pl,,True,Trans,,,True,False,False,False,False,False,,2.0,2.0,,,,,5.0,5,
we saw our women.,PRO,1.0,pl,,True,Trans,,,True,False,False,False,False,False,,1.0,1.0,,,,,5.0,5,
we saw our men.,PRO,1.0,pl,,True,Trans,,,True,False,False,False,False,False,,1.0,1.0,,,,,5.0,5,
we saw our book.,PRO,1.0,pl,,True,Trans,,,True,False,False,False,False,False,,2.0,3.0,,,,,5.0,5,
we saw our books.,PRO,1.0,pl,,True,Trans,,,True,False,False,False,False,False,,1.0,2.0,,,,,5.0,5,
we saw your woman.,PRO,1.0,pl,,True,Trans,,,True,False,False,False,False,False,,1.0,2.0,,,,,5.0,5,
we saw your man.,PRO,1.0,pl,,True,Trans,,,True,False,False,False,False,False,,1.0,2.0,,,,,5.0,5,
we saw your women.,PRO,1.0,pl,,True,Trans,,,True,False,False,False,False,False,,1.0,1.0,,,,,5.0,5,
we saw your men.,PRO,1.0,pl,,True,Trans,,,True,False,False,False,False,False,,1.0,1.0,,,,,5.0,5,
we saw your book.,PRO,1.0,pl,,True,Trans,,,True,False,False,False,False,False,,1.0,3.0,,,,,5.0,5,
we saw your books.,PRO,1.0,pl,,True,Trans,,,True,False,False,False,False,False,,1.0,2.0,,,,,5.0,5,
we saw her woman.,PRO,1.0,pl,,True,Trans,,,True,False,False,False,False,False,,0.0,2.0,,,,,5.0,5,
we saw her man.,PRO,1.0,pl,,True,Trans,,,True,False,False,False,False,False,,1.0,2.0,,,,,5.0,5,
we saw her women.,PRO,1.0,pl,,True,Trans,,,True,False,False,False,False,False,,1.0,1.0,,,,,5.0,5,
we saw her men.,PRO,1.0,pl,,True,Trans,,,True,False,False,False,False,False,,2.0,1.0,,,,,5.0,5,
we saw her book.,PRO,1.0,pl,,True,Trans,,,True,False,False,False,False,False,,1.0,3.0,,,,,5.0,5,
we saw her books.,PRO,1.0,pl,,True,Trans,,,True,False,False,False,False,False,,2.0,2.0,,,,,5.0,5,
we saw his woman.,PRO,1.0,pl,,True,Trans,,,True,False,False,False,False,False,,1.0,2.0,,,,,5.0,5,
we saw his man.,PRO,1.0,pl,,True,Trans,,,True,False,False,False,False,False,,0.0,2.0,,,,,5.0,5,
we saw his women.,PRO,1.0,pl,,True,Trans,,,True,False,False,False,False,False,,2.0,1.0,,,,,5.0,5,
we saw his men.,PRO,1.0,pl,,True,Trans,,,True,False,False,False,False,False,,1.0,1.0,,,,,5.0,5,
we saw his book.,PRO,1.0,pl,,True,Trans,,,True,False,False,False,False,False,,1.0,3.0,,,,,5.0,5,
we saw his books.,PRO,1.0,pl,,True,Trans,,,True,False,False,False,False,False,,2.0,2.0,,,,,5.0,5,
we saw its woman.,PRO,1.0,pl,,True,Trans,,,True,False,False,False,False,False,,2.0,2.0,,,,,5.0,5,
we saw its man.,PRO,1.0,pl,,True,Trans,,,True,False,False,False,False,False,,1.0,2.0,,,,,5.0,5,
we saw its women.,PRO,1.0,pl,,True,Trans,,,True,False,False,False,False,False,,3.0,1.0,,,,,5.0,5,
we saw its men.,PRO,1.0,pl,,True,Trans,,,True,False,False,False,False,False,,2.0,1.0,,,,,5.0,5,
we saw its book.,PRO,1.0,pl,,True,Trans,,,True,False,False,False,False,False,,0.0,3.0,,,,,5.0,5,
we saw its books.,PRO,1.0,pl,,True,Trans,,,True,False,False,False,False,False,,1.0,2.0,,,,,5.0,5,
we saw their woman.,PRO,1.0,pl,,True,Trans,,,True,False,False,False,False,False,,1.0,2.0,,,,,5.0,5,
we saw their man.,PRO,1.0,pl,,True,Trans,,,True,False,False,False,False,False,,1.0,2.0,,,,,5.0,5,
we saw their women.,PRO,1.0,pl,,True,Trans,,,True,False,False,False,False,False,,0.0,1.0,,,,,5.0,5,
we saw their men.,PRO,1.0,pl,,True,Trans,,,True,False,False,False,False,False,,0.0,1.0,,,,,5.0,5,
we saw their book.,PRO,1.0,pl,,True,Trans,,,True,False,False,False,False,False,,1.0,3.0,,,,,5.0,5,
we saw their books.,PRO,1.0,pl,,True,Trans,,,True,False,False,False,False,False,,0.0,2.0,,,,,5.0,5,
they see my woman.,PRO,3.0,pl,,True,Trans,,pl,True,False,False,False,False,False,,1.0,1.0,,,,,6.0,5,
they see my man.,PRO,3.0,pl,,True,Trans,,pl,True,False,False,False,False,False,,1.0,1.0,,,,,6.0,5,
they see my women.,PRO,3.0,pl,,True,Trans,,pl,True,False,False,False,False,False,,2.0,0.0,,,,,6.0,5,
they see my men.,PRO,3.0,pl,,True,Trans,,pl,True,False,False,False,False,False,,2.0,0.0,,,,,6.0,5,
they see my book.,PRO,3.0,pl,,True,Trans,,pl,True,False,False,False,False,False,,1.0,2.0,,,,,6.0,5,
they see my books.,PRO,3.0,pl,,True,Trans,,pl,True,False,False,False,False,False,,2.0,1.0,,,,,6.0,5,
they see our woman.,PRO,3.0,pl,,True,Trans,,pl,True,False,False,False,False,False,,2.0,1.0,,,,,6.0,5,
they see our man.,PRO,3.0,pl,,True,Trans,,pl,True,False,False,False,False,False,,2.0,1.0,,,,,6.0,5,
they see our women.,PRO,3.0,pl,,True,Trans,,pl,True,False,False,False,False,False,,1.0,0.0,,,,,6.0,5,
they see our men.,PRO,3.0,pl,,True,Trans,,pl,True,False,False,False,False,False,,1.0,0.0,,,,,6.0,5,
they see our book.,PRO,3.0,pl,,True,Trans,,pl,True,False,False,False,False,False,,2.0,2.0,,,,,6.0,5,
they see our books.,PRO,3.0,pl,,True,Trans,,pl,True,False,False,False,False,False,,1.0,1.0,,,,,6.0,5,
they see your woman.,PRO,3.0,pl,,True,Trans,,pl,True,False,False,False,False,False,,1.0,1.0,,,,,6.0,5,
they see your man.,PRO,3.0,pl,,True,Trans,,pl,True,False,False,False,False,False,,1.0,1.0,,,,,6.0,5,
they see your women.,PRO,3.0,pl,,True,Trans,,pl,True,False,False,False,False,False,,1.0,0.0,,,,,6.0,5,
they see your men.,PRO,3.0,pl,,True,Trans,,pl,True,False,False,False,False,False,,1.0,0.0,,,,,6.0,5,
they see your book.,PRO,3.0,pl,,True,Trans,,pl,True,False,False,False,False,False,,1.0,2.0,,,,,6.0,5,
they see your books.,PRO,3.0,pl,,True,Trans,,pl,True,False,False,False,False,False,,1.0,1.0,,,,,6.0,5,
they see her woman.,PRO,3.0,pl,,True,Trans,,pl,True,False,False,False,False,False,,0.0,1.0,,,,,6.0,5,
they see her man.,PRO,3.0,pl,,True,Trans,,pl,True,False,False,False,False,False,,1.0,1.0,,,,,6.0,5,
they see her women.,PRO,3.0,pl,,True,Trans,,pl,True,False,False,False,False,False,,1.0,0.0,,,,,6.0,5,
they see her men.,PRO,3.0,pl,,True,Trans,,pl,True,False,False,False,False,False,,2.0,0.0,,,,,6.0,5,
they see her book.,PRO,3.0,pl,,True,Trans,,pl,True,False,False,False,False,False,,1.0,2.0,,,,,6.0,5,
they see her books.,PRO,3.0,pl,,True,Trans,,pl,True,False,False,False,False,False,,2.0,1.0,,,,,6.0,5,
they see his woman.,PRO,3.0,pl,,True,Trans,,pl,True,False,False,False,False,False,,1.0,1.0,,,,,6.0,5,
they see his man.,PRO,3.0,pl,,True,Trans,,pl,True,False,False,False,False,False,,0.0,1.0,,,,,6.0,5,
they see his women.,PRO,3.0,pl,,True,Trans,,pl,True,False,False,False,False,False,,2.0,0.0,,,,,6.0,5,
they see his men.,PRO,3.0,pl,,True,Trans,,pl,True,False,False,False,False,False,,1.0,0.0,,,,,6.0,5,
they see his book.,PRO,3.0,pl,,True,Trans,,pl,True,False,False,False,False,False,,1.0,2.0,,,,,6.0,5,
they see his books.,PRO,3.0,pl,,True,Trans,,pl,True,False,False,False,False,False,,2.0,1.0,,,,,6.0,5,
they see its woman.,PRO,3.0,pl,,True,Trans,,pl,True,False,False,False,False,False,,2.0,1.0,,,,,6.0,5,
they see its man.,PRO,3.0,pl,,True,Trans,,pl,True,False,False,False,False,False,,1.0,1.0,,,,,6.0,5,
they see its women.,PRO,3.0,pl,,True,Trans,,pl,True,False,False,False,False,False,,3.0,0.0,,,,,6.0,5,
they see its men.,PRO,3.0,pl,,True,Trans,,pl,True,False,False,False,False,False,,2.0,0.0,,,,,6.0,5,
they see its book.,PRO,3.0,pl,,True,Trans,,pl,True,False,False,False,False,False,,0.0,2.0,,,,,6.0,5,
they see its books.,PRO,3.0,pl,,True,Trans,,pl,True,False,False,False,False,False,,1.0,1.0,,,,,6.0,5,
they see their woman.,PRO,3.0,pl,,True,Trans,,pl,True,False,False,False,False,False,,1.0,1.0,,,,,6.0,5,
they see their man.,PRO,3.0,pl,,True,Trans,,pl,True,False,False,False,False,False,,1.0,1.0,,,,,6.0,5,
they see their women.,PRO,3.0,pl,,True,Trans,,pl,True,False,False,False,False,False,,0.0,0.0,,,,,6.0,5,
they see their men.,PRO,3.0,pl,,True,Trans,,pl,True,False,False,False,False,False,,0.0,0.0,,,,,6.0,5,
they see their book.,PRO,3.0,pl,,True,Trans,,pl,True,False,False,False,False,False,,1.0,2.0,,,,,6.0,5,
they see their books.,PRO,3.0,pl,,True,Trans,,pl,True,False,False,False,False,False,,0.0,1.0,,,,,6.0,5,
they saw my woman.,PRO,3.0,pl,,True,Trans,,,True,False,False,False,False,False,,1.0,1.0,,,,,5.0,5,
they saw my man.,PRO,3.0,pl,,True,Trans,,,True,False,False,False,False,False,,1.0,1.0,,,,,5.0,5,
they saw my women.,PRO,3.0,pl,,True,Trans,,,True,False,False,False,False,False,,2.0,0.0,,,,,5.0,5,
they saw my men.,PRO,3.0,pl,,True,Trans,,,True,False,False,False,False,False,,2.0,0.0,,,,,5.0,5,
they saw my book.,PRO,3.0,pl,,True,Trans,,,True,False,False,False,False,False,,1.0,2.0,,,,,5.0,5,
they saw my books.,PRO,3.0,pl,,True,Trans,,,True,False,False,False,False,False,,2.0,1.0,,,,,5.0,5,
they saw our woman.,PRO,3.0,pl,,True,Trans,,,True,False,False,False,False,False,,2.0,1.0,,,,,5.0,5,
they saw our man.,PRO,3.0,pl,,True,Trans,,,True,False,False,False,False,False,,2.0,1.0,,,,,5.0,5,
they saw our women.,PRO,3.0,pl,,True,Trans,,,True,False,False,False,False,False,,1.0,0.0,,,,,5.0,5,
they saw our men.,PRO,3.0,pl,,True,Trans,,,True,False,False,False,False,False,,1.0,0.0,,,,,5.0,5,
they saw our book.,PRO,3.0,pl,,True,Trans,,,True,False,False,False,False,False,,2.0,2.0,,,,,5.0,5,
they saw our books.,PRO,3.0,pl,,True,Trans,,,True,False,False,False,False,False,,1.0,1.0,,,,,5.0,5,
they saw your woman.,PRO,3.0,pl,,True,Trans,,,True,False,False,False,False,False,,1.0,1.0,,,,,5.0,5,
they saw your man.,PRO,3.0,pl,,True,Trans,,,True,False,False,False,False,False,,1.0,1.0,,,,,5.0,5,
they saw your women.,PRO,3.0,pl,,True,Trans,,,True,False,False,False,False,False,,1.0,0.0,,,,,5.0,5,
they saw your men.,PRO,3.0,pl,,True,Trans,,,True,False,False,False,False,False,,1.0,0.0,,,,,5.0,5,
they saw your book.,PRO,3.0,pl,,True,Trans,,,True,False,False,False,False,False,,1.0,2.0,,,,,5.0,5,
they saw your books.,PRO,3.0,pl,,True,Trans,,,True,False,False,False,False,False,,1.0,1.0,,,,,5.0,5,
they saw her woman.,PRO,3.0,pl,,True,Trans,,,True,False,False,False,False,False,,0.0,1.0,,,,,5.0,5,
they saw her man.,PRO,3.0,pl,,True,Trans,,,True,False,False,False,False,False,,1.0,1.0,,,,,5.0,5,
they saw her women.,PRO,3.0,pl,,True,Trans,,,True,False,False,False,False,False,,1.0,0.0,,,,,5.0,5,
they saw her men.,PRO,3.0,pl,,True,Trans,,,True,False,False,False,False,False,,2.0,0.0,,,,,5.0,5,
they saw her book.,PRO,3.0,pl,,True,Trans,,,True,False,False,False,False,False,,1.0,2.0,,,,,5.0,5,
they saw her books.,PRO,3.0,pl,,True,Trans,,,True,False,False,False,False,False,,2.0,1.0,,,,,5.0,5,
they saw his woman.,PRO,3.0,pl,,True,Trans,,,True,False,False,False,False,False,,1.0,1.0,,,,,5.0,5,
they saw his man.,PRO,3.0,pl,,True,Trans,,,True,False,False,False,False,False,,0.0,1.0,,,,,5.0,5,
they saw his women.,PRO,3.0,pl,,True,Trans,,,True,False,False,False,False,False,,2.0,0.0,,,,,5.0,5,
they saw his men.,PRO,3.0,pl,,True,Trans,,,True,False,False,False,False,False,,1.0,0.0,,,,,5.0,5,
they saw his book.,PRO,3.0,pl,,True,Trans,,,True,False,False,False,False,False,,1.0,2.0,,,,,5.0,5,
they saw his books.,PRO,3.0,pl,,True,Trans,,,True,False,False,False,False,False,,2.0,1.0,,,,,5.0,5,
they saw its woman.,PRO,3.0,pl,,True,Trans,,,True,False,False,False,False,False,,2.0,1.0,,,,,5.0,5,
they saw its man.,PRO,3.0,pl,,True,Trans,,,True,False,False,False,False,False,,1.0,1.0,,,,,5.0,5,
they saw its women.,PRO,3.0,pl,,True,Trans,,,True,False,False,False,False,False,,3.0,0.0,,,,,5.0,5,
they saw its men.,PRO,3.0,pl,,True,Trans,,,True,False,False,False,False,False,,2.0,0.0,,,,,5.0,5,
they saw its book.,PRO,3.0,pl,,True,Trans,,,True,False,False,False,False,False,,0.0,2.0,,,,,5.0,5,
they saw its books.,PRO,3.0,pl,,True,Trans,,,True,False,False,False,False,False,,1.0,1.0,,,,,5.0,5,
they saw their woman.,PRO,3.0,pl,,True,Trans,,,True,False,False,False,False,False,,1.0,1.0,,,,,5.0,5,
they saw their man.,PRO,3.0,pl,,True,Trans,,,True,False,False,False,False,False,,1.0,1.0,,,,,5.0,5,
they saw their women.,PRO,3.0,pl,,True,Trans,,,True,False,False,False,False,False,,0.0,0.0,,,,,5.0,5,
they saw their men.,PRO,3.0,pl,,True,Trans,,,True,False,False,False,False,False,,0.0,0.0,,,,,5.0,5,
they saw their book.,PRO,3.0,pl,,True,Trans,,,True,False,False,False,False,False,,1.0,2.0,,,,,5.0,5,
they saw their books.,PRO,3.0,pl,,True,Trans,,,True,False,False,False,False,False,,0.0,1.0,,,,,5.0,5,
my woman sees Mary.,N,3.0,sg,f,True,Trans,3.0,sg,True,False,False,False,False,False,1.0,,0.0,,,,,4.0,5,
my woman sees John.,N,3.0,sg,f,True,Trans,3.0,sg,True,False,False,False,False,False,1.0,,1.0,,,,,4.0,5,
my woman sees the man.,N,3.0,sg,f,True,Trans,3.0,sg,True,False,False,False,False,False,1.0,,1.0,,,,,4.0,6,
my woman sees the men.,N,3.0,sg,f,True,Trans,3.0,sg,True,False,False,False,False,False,1.0,,2.0,,,,,4.0,6,
my woman sees the book.,N,3.0,sg,f,True,Trans,3.0,sg,True,False,False,False,False,False,1.0,,1.0,,,,,4.0,6,
my woman sees the books.,N,3.0,sg,f,True,Trans,3.0,sg,True,False,False,False,False,False,1.0,,2.0,,,,,4.0,6,
my woman sees every man.,N,3.0,sg,f,True,Trans,3.0,sg,True,False,False,False,False,False,1.0,,1.0,,,,,4.0,6,
my woman sees all men.,N,3.0,sg,f,True,Trans,3.0,sg,True,False,False,False,False,False,1.0,,2.0,,,,,4.0,6,
my woman sees me.,N,3.0,sg,f,True,Trans,3.0,sg,True,False,False,False,False,False,1.0,,1.0,,,,,4.0,5,
my woman sees you.,N,3.0,sg,f,True,Trans,3.0,sg,True,False,False,False,False,False,1.0,,1.0,,,,,4.0,5,
my woman sees him.,N,3.0,sg,f,True,Trans,3.0,sg,True,False,False,False,False,False,1.0,,1.0,,,,,4.0,5,
my woman sees her.,N,3.0,sg,f,True,Trans,3.0,sg,True,False,False,False,False,False,1.0,,0.0,,,,,4.0,5,
my woman sees it.,N,3.0,sg,f,True,Trans,3.0,sg,True,False,False,False,False,False,1.0,,1.0,,,,,4.0,5,
my woman sees us.,N,3.0,sg,f,True,Trans,3.0,sg,True,False,False,False,False,False,1.0,,2.0,,,,,4.0,5,
my woman sees them.,N,3.0,sg,f,True,Trans,3.0,sg,True,False,False,False,False,False,1.0,,1.0,,,,,4.0,5,
my woman saw Mary.,N,3.0,sg,f,True,Trans,,,True,False,False,False,False,False,1.0,,0.0,,,,,5.0,5,
my woman saw John.,N,3.0,sg,f,True,Trans,,,True,False,False,False,False,False,1.0,,1.0,,,,,5.0,5,
my woman saw the man.,N,3.0,sg,f,True,Trans,,,True,False,False,False,False,False,1.0,,1.0,,,,,5.0,6,
my woman saw the men.,N,3.0,sg,f,True,Trans,,,True,False,False,False,False,False,1.0,,2.0,,,,,5.0,6,
my woman saw the book.,N,3.0,sg,f,True,Trans,,,True,False,False,False,False,False,1.0,,1.0,,,,,5.0,6,
my woman saw the books.,N,3.0,sg,f,True,Trans,,,True,False,False,False,False,False,1.0,,2.0,,,,,5.0,6,
my woman saw every man.,N,3.0,sg,f,True,Trans,,,True,False,False,False,False,False,1.0,,1.0,,,,,5.0,6,
my woman saw all men.,N,3.0,sg,f,True,Trans,,,True,False,False,False,False,False,1.0,,2.0,,,,,5.0,6,
my woman saw me.,N,3.0,sg,f,True,Trans,,,True,False,False,False,False,False,1.0,,1.0,,,,,5.0,5,
my woman saw you.,N,3.0,sg,f,True,Trans,,,True,False,False,False,False,False,1.0,,1.0,,,,,5.0,5,
my woman saw him.,N,3.0,sg,f,True,Trans,,,True,False,False,False,False,False,1.0,,1.0,,,,,5.0,5,
my woman saw her.,N,3.0,sg,f,True,Trans,,,True,False,False,False,False,False,1.0,,0.0,,,,,5.0,5,
my woman saw it.,N,3.0,sg,f,True,Trans,,,True,False,False,False,False,False,1.0,,1.0,,,,,5.0,5,
my woman saw us.,N,3.0,sg,f,True,Trans,,,True,False,False,False,False,False,1.0,,2.0,,,,,5.0,5,
my woman saw them.,N,3.0,sg,f,True,Trans,,,True,False,False,False,False,False,1.0,,1.0,,,,,5.0,5,
my man sees Mary.,N,3.0,sg,m,True,Trans,3.0,sg,True,False,False,False,False,False,1.0,,1.0,,,,,5.0,5,
my man sees John.,N,3.0,sg,m,True,Trans,3.0,sg,True,False,False,False,False,False,1.0,,0.0,,,,,5.0,5,
my man sees the woman.,N,3.0,sg,m,True,Trans,3.0,sg,True,False,False,False,False,False,1.0,,1.0,,,,,5.0,6,
my man sees the women.,N,3.0,sg,m,True,Trans,3.0,sg,True,False,False,False,False,False,1.0,,2.0,,,,,5.0,6,
my man sees the book.,N,3.0,sg,m,True,Trans,3.0,sg,True,False,False,False,False,False,1.0,,1.0,,,,,5.0,6,
my man sees the books.,N,3.0,sg,m,True,Trans,3.0,sg,True,False,False,False,False,False,1.0,,2.0,,,,,5.0,6,
my man sees every woman.,N,3.0,sg,m,True,Trans,3.0,sg,True,False,False,False,False,False,1.0,,1.0,,,,,5.0,6,
my man sees all women.,N,3.0,sg,m,True,Trans,3.0,sg,True,False,False,False,False,False,1.0,,2.0,,,,,5.0,6,
my man sees me.,N,3.0,sg,m,True,Trans,3.0,sg,True,False,False,False,False,False,1.0,,1.0,,,,,5.0,5,
my man sees you.,N,3.0,sg,m,True,Trans,3.0,sg,True,False,False,False,False,False,1.0,,1.0,,,,,5.0,5,
my man sees him.,N,3.0,sg,m,True,Trans,3.0,sg,True,False,False,False,False,False,1.0,,0.0,,,,,5.0,5,
my man sees her.,N,3.0,sg,m,True,Trans,3.0,sg,True,False,False,False,False,False,1.0,,1.0,,,,,5.0,5,
my man sees it.,N,3.0,sg,m,True,Trans,3.0,sg,True,False,False,False,False,False,1.0,,1.0,,,,,5.0,5,
my man sees us.,N,3.0,sg,m,True,Trans,3.0,sg,True,False,False,False,False,False,1.0,,2.0,,,,,5.0,5,
my man sees them.,N,3.0,sg,m,True,Trans,3.0,sg,True,False,False,False,False,False,1.0,,1.0,,,,,5.0,5,
my man saw Mary.,N,3.0,sg,m,True,Trans,,,True,False,False,False,False,False,1.0,,1.0,,,,,5.0,5,
my man saw John.,N,3.0,sg,m,True,Trans,,,True,False,False,False,False,False,1.0,,0.0,,,,,5.0,5,
my man saw the woman.,N,3.0,sg,m,True,Trans,,,True,False,False,False,False,False,1.0,,1.0,,,,,5.0,6,
my man saw the women.,N,3.0,sg,m,True,Trans,,,True,False,False,False,False,False,1.0,,2.0,,,,,5.0,6,
my man saw the book.,N,3.0,sg,m,True,Trans,,,True,False,False,False,False,False,1.0,,1.0,,,,,5.0,6,
my man saw the books.,N,3.0,sg,m,True,Trans,,,True,False,False,False,False,False,1.0,,2.0,,,,,5.0,6,
my man saw every woman.,N,3.0,sg,m,True,Trans,,,True,False,False,False,False,False,1.0,,1.0,,,,,5.0,6,
my man saw all women.,N,3.0,sg,m,True,Trans,,,True,False,False,False,False,False,1.0,,2.0,,,,,5.0,6,
my man saw me.,N,3.0,sg,m,True,Trans,,,True,False,False,False,False,False,1.0,,1.0,,,,,5.0,5,
my man saw you.,N,3.0,sg,m,True,Trans,,,True,False,False,False,False,False,1.0,,1.0,,,,,5.0,5,
my man saw him.,N,3.0,sg,m,True,Trans,,,True,False,False,False,False,False,1.0,,0.0,,,,,5.0,5,
my man saw her.,N,3.0,sg,m,True,Trans,,,True,False,False,False,False,False,1.0,,1.0,,,,,5.0,5,
my man saw it.,N,3.0,sg,m,True,Trans,,,True,False,False,False,False,False,1.0,,1.0,,,,,5.0,5,
my man saw us.,N,3.0,sg,m,True,Trans,,,True,False,False,False,False,False,1.0,,2.0,,,,,5.0,5,
my man saw them.,N,3.0,sg,m,True,Trans,,,True,False,False,False,False,False,1.0,,1.0,,,,,5.0,5,
my women see Mary.,N,3.0,pl,f,True,Trans,,pl,True,False,False,False,False,False,2.0,,1.0,,,,,5.0,5,
my women see John.,N,3.0,pl,f,True,Trans,,pl,True,False,False,False,False,False,2.0,,2.0,,,,,5.0,5,
my women see the man.,N,3.0,pl,f,True,Trans,,pl,True,False,False,False,False,False,2.0,,2.0,,,,,5.0,6,
my women see the men.,N,3.0,pl,f,True,Trans,,pl,True,False,False,False,False,False,2.0,,1.0,,,,,5.0,6,
my women see the book.,N,3.0,pl,f,True,Trans,,pl,True,False,False,False,False,False,2.0,,2.0,,,,,5.0,6,
my women see the books.,N,3.0,pl,f,True,Trans,,pl,True,False,False,False,False,False,2.0,,1.0,,,,,5.0,6,
my women see every man.,N,3.0,pl,f,True,Trans,,pl,True,False,False,False,False,False,2.0,,2.0,,,,,5.0,6,
my women see all men.,N,3.0,pl,f,True,Trans,,pl,True,False,False,False,False,False,2.0,,1.0,,,,,5.0,6,
my women see me.,N,3.0,pl,f,True,Trans,,pl,True,False,False,False,False,False,2.0,,2.0,,,,,5.0,5,
my women see you.,N,3.0,pl,f,True,Trans,,pl,True,False,False,False,False,False,2.0,,1.0,,,,,5.0,5,
my women see him.,N,3.0,pl,f,True,Trans,,pl,True,False,False,False,False,False,2.0,,2.0,,,,,5.0,5,
my women see her.,N,3.0,pl,f,True,Trans,,pl,True,False,False,False,False,False,2.0,,1.0,,,,,5.0,5,
my women see it.,N,3.0,pl,f,True,Trans,,pl,True,False,False,False,False,False,2.0,,2.0,,,,,5.0,5,
my women see us.,N,3.0,pl,f,True,Trans,,pl,True,False,False,False,False,False,2.0,,1.0,,,,,5.0,5,
my women see them.,N,3.0,pl,f,True,Trans,,pl,True,False,False,False,False,False,2.0,,0.0,,,,,5.0,5,
my women saw Mary.,N,3.0,pl,f,True,Trans,,,True,False,False,False,False,False,2.0,,1.0,,,,,5.0,5,
my women saw John.,N,3.0,pl,f,True,Trans,,,True,False,False,False,False,False,2.0,,2.0,,,,,5.0,5,
my women saw the man.,N,3.0,pl,f,True,Trans,,,True,False,False,False,False,False,2.0,,2.0,,,,,5.0,6,
my women saw the men.,N,3.0,pl,f,True,Trans,,,True,False,False,False,False,False,2.0,,1.0,,,,,5.0,6,
my women saw the book.,N,3.0,pl,f,True,Trans,,,True,False,False,False,False,False,2.0,,2.0,,,,,5.0,6,
my women saw the books.,N,3.0,pl,f,True,Trans,,,True,False,False,False,False,False,2.0,,1.0,,,,,5.0,6,
my women saw every man.,N,3.0,pl,f,True,Trans,,,True,False,False,False,False,False,2.0,,2.0,,,,,5.0,6,
my women saw all men.,N,3.0,pl,f,True,Trans,,,True,False,False,False,False,False,2.0,,1.0,,,,,5.0,6,
my women saw me.,N,3.0,pl,f,True,Trans,,,True,False,False,False,False,False,2.0,,2.0,,,,,5.0,5,
my women saw you.,N,3.0,pl,f,True,Trans,,,True,False,False,False,False,False,2.0,,1.0,,,,,5.0,5,
my women saw him.,N,3.0,pl,f,True,Trans,,,True,False,False,False,False,False,2.0,,2.0,,,,,5.0,5,
my women saw her.,N,3.0,pl,f,True,Trans,,,True,False,False,False,False,False,2.0,,1.0,,,,,5.0,5,
my women saw it.,N,3.0,pl,f,True,Trans,,,True,False,False,False,False,False,2.0,,2.0,,,,,5.0,5,
my women saw us.,N,3.0,pl,f,True,Trans,,,True,False,False,False,False,False,2.0,,1.0,,,,,5.0,5,
my women saw them.,N,3.0,pl,f,True,Trans,,,True,False,False,False,False,False,2.0,,0.0,,,,,5.0,5,
my men see Mary.,N,3.0,pl,m,True,Trans,,pl,True,False,False,False,False,False,2.0,,2.0,,,,,5.0,5,
my men see John.,N,3.0,pl,m,True,Trans,,pl,True,False,False,False,False,False,2.0,,1.0,,,,,5.0,5,
my men see the woman.,N,3.0,pl,m,True,Trans,,pl,True,False,False,False,False,False,2.0,,2.0,,,,,5.0,6,
my men see the women.,N,3.0,pl,m,True,Trans,,pl,True,False,False,False,False,False,2.0,,1.0,,,,,5.0,6,
my men see the book.,N,3.0,pl,m,True,Trans,,pl,True,False,False,False,False,False,2.0,,2.0,,,,,5.0,6,
my men see the books.,N,3.0,pl,m,True,Trans,,pl,True,False,False,False,False,False,2.0,,1.0,,,,,5.0,6,
my men see every woman.,N,3.0,pl,m,True,Trans,,pl,True,False,False,False,False,False,2.0,,2.0,,,,,5.0,6,
my men see all women.,N,3.0,pl,m,True,Trans,,pl,True,False,False,False,False,False,2.0,,1.0,,,,,5.0,6,
my men see me.,N,3.0,pl,m,True,Trans,,pl,True,False,False,False,False,False,2.0,,2.0,,,,,5.0,5,
my men see you.,N,3.0,pl,m,True,Trans,,pl,True,False,False,False,False,False,2.0,,1.0,,,,,5.0,5,
my men see him.,N,3.0,pl,m,True,Trans,,pl,True,False,False,False,False,False,2.0,,1.0,,,,,5.0,5,
my men see her.,N,3.0,pl,m,True,Trans,,pl,True,False,False,False,False,False,2.0,,2.0,,,,,5.0,5,
my men see it.,N,3.0,pl,m,True,Trans,,pl,True,False,False,False,False,False,2.0,,2.0,,,,,5.0,5,
my men see us.,N,3.0,pl,m,True,Trans,,pl,True,False,False,False,False,False,2.0,,1.0,,,,,5.0,5,
my men see them.,N,3.0,pl,m,True,Trans,,pl,True,False,False,False,False,False,2.0,,0.0,,,,,5.0,5,
my men saw Mary.,N,3.0,pl,m,True,Trans,,,True,False,False,False,False,False,2.0,,2.0,,,,,5.0,5,
my men saw John.,N,3.0,pl,m,True,Trans,,,True,False,False,False,False,False,2.0,,1.0,,,,,5.0,5,
my men saw the woman.,N,3.0,pl,m,True,Trans,,,True,False,False,False,False,False,2.0,,2.0,,,,,5.0,6,
my men saw the women.,N,3.0,pl,m,True,Trans,,,True,False,False,False,False,False,2.0,,1.0,,,,,5.0,6,
my men saw the book.,N,3.0,pl,m,True,Trans,,,True,False,False,False,False,False,2.0,,2.0,,,,,5.0,6,
my men saw the books.,N,3.0,pl,m,True,Trans,,,True,False,False,False,False,False,2.0,,1.0,,,,,5.0,6,
my men saw every woman.,N,3.0,pl,m,True,Trans,,,True,False,False,False,False,False,2.0,,2.0,,,,,5.0,6,
my men saw all women.,N,3.0,pl,m,True,Trans,,,True,False,False,False,False,False,2.0,,1.0,,,,,5.0,6,
my men saw me.,N,3.0,pl,m,True,Trans,,,True,False,False,False,False,False,2.0,,2.0,,,,,5.0,5,
my men saw you.,N,3.0,pl,m,True,Trans,,,True,False,False,False,False,False,2.0,,1.0,,,,,5.0,5,
my men saw him.,N,3.0,pl,m,True,Trans,,,True,False,False,False,False,False,2.0,,1.0,,,,,5.0,5,
my men saw her.,N,3.0,pl,m,True,Trans,,,True,False,False,False,False,False,2.0,,2.0,,,,,5.0,5,
my men saw it.,N,3.0,pl,m,True,Trans,,,True,False,False,False,False,False,2.0,,2.0,,,,,5.0,5,
my men saw us.,N,3.0,pl,m,True,Trans,,,True,False,False,False,False,False,2.0,,1.0,,,,,5.0,5,
my men saw them.,N,3.0,pl,m,True,Trans,,,True,False,False,False,False,False,2.0,,0.0,,,,,5.0,5,
our woman sees Mary.,N,3.0,sg,f,True,Trans,3.0,sg,True,False,False,False,False,False,2.0,,0.0,,,,,4.0,5,
our woman sees John.,N,3.0,sg,f,True,Trans,3.0,sg,True,False,False,False,False,False,2.0,,1.0,,,,,4.0,5,
our woman sees the man.,N,3.0,sg,f,True,Trans,3.0,sg,True,False,False,False,False,False,2.0,,1.0,,,,,4.0,6,
our woman sees the men.,N,3.0,sg,f,True,Trans,3.0,sg,True,False,False,False,False,False,2.0,,2.0,,,,,4.0,6,
our woman sees the book.,N,3.0,sg,f,True,Trans,3.0,sg,True,False,False,False,False,False,2.0,,1.0,,,,,4.0,6,
our woman sees the books.,N,3.0,sg,f,True,Trans,3.0,sg,True,False,False,False,False,False,2.0,,2.0,,,,,4.0,6,
our woman sees every man.,N,3.0,sg,f,True,Trans,3.0,sg,True,False,False,False,False,False,2.0,,1.0,,,,,4.0,6,
our woman sees all men.,N,3.0,sg,f,True,Trans,3.0,sg,True,False,False,False,False,False,2.0,,2.0,,,,,4.0,6,
our woman sees me.,N,3.0,sg,f,True,Trans,3.0,sg,True,False,False,False,False,False,2.0,,1.0,,,,,4.0,5,
our woman sees you.,N,3.0,sg,f,True,Trans,3.0,sg,True,False,False,False,False,False,2.0,,1.0,,,,,4.0,5,
our woman sees him.,N,3.0,sg,f,True,Trans,3.0,sg,True,False,False,False,False,False,2.0,,1.0,,,,,4.0,5,
our woman sees her.,N,3.0,sg,f,True,Trans,3.0,sg,True,False,False,False,False,False,2.0,,0.0,,,,,4.0,5,
our woman sees it.,N,3.0,sg,f,True,Trans,3.0,sg,True,False,False,False,False,False,2.0,,1.0,,,,,4.0,5,
our woman sees us.,N,3.0,sg,f,True,Trans,3.0,sg,True,False,False,False,False,False,2.0,,2.0,,,,,4.0,5,
our woman sees them.,N,3.0,sg,f,True,Trans,3.0,sg,True,False,False,False,False,False,2.0,,1.0,,,,,4.0,5,
our woman saw Mary.,N,3.0,sg,f,True,Trans,,,True,False,False,False,False,False,2.0,,0.0,,,,,5.0,5,
our woman saw John.,N,3.0,sg,f,True,Trans,,,True,False,False,False,False,False,2.0,,1.0,,,,,5.0,5,
our woman saw the man.,N,3.0,sg,f,True,Trans,,,True,False,False,False,False,False,2.0,,1.0,,,,,5.0,6,
our woman saw the men.,N,3.0,sg,f,True,Trans,,,True,False,False,False,False,False,2.0,,2.0,,,,,5.0,6,
our woman saw the book.,N,3.0,sg,f,True,Trans,,,True,False,False,False,False,False,2.0,,1.0,,,,,5.0,6,
our woman saw the books.,N,3.0,sg,f,True,Trans,,,True,False,False,False,False,False,2.0,,2.0,,,,,5.0,6,
our woman saw every man.,N,3.0,sg,f,True,Trans,,,True,False,False,False,False,False,2.0,,1.0,,,,,5.0,6,
our woman saw all men.,N,3.0,sg,f,True,Trans,,,True,False,False,False,False,False,2.0,,2.0,,,,,5.0,6,
our woman saw me.,N,3.0,sg,f,True,Trans,,,True,False,False,False,False,False,2.0,,1.0,,,,,5.0,5,
our woman saw you.,N,3.0,sg,f,True,Trans,,,True,False,False,False,False,False,2.0,,1.0,,,,,5.0,5,
our woman saw him.,N,3.0,sg,f,True,Trans,,,True,False,False,False,False,False,2.0,,1.0,,,,,5.0,5,
our woman saw her.,N,3.0,sg,f,True,Trans,,,True,False,False,False,False,False,2.0,,0.0,,,,,5.0,5,
our woman saw it.,N,3.0,sg,f,True,Trans,,,True,False,False,False,False,False,2.0,,1.0,,,,,5.0,5,
our woman saw us.,N,3.0,sg,f,True,Trans,,,True,False,False,False,False,False,2.0,,2.0,,,,,5.0,5,
our woman saw them.,N,3.0,sg,f,True,Trans,,,True,False,False,False,False,False,2.0,,1.0,,,,,5.0,5,
our man sees Mary.,N,3.0,sg,m,True,Trans,3.0,sg,True,False,False,False,False,False,2.0,,1.0,,,,,5.0,5,
our man sees John.,N,3.0,sg,m,True,Trans,3.0,sg,True,False,False,False,False,False,2.0,,0.0,,,,,5.0,5,
our man sees the woman.,N,3.0,sg,m,True,Trans,3.0,sg,True,False,False,False,False,False,2.0,,1.0,,,,,5.0,6,
our man sees the women.,N,3.0,sg,m,True,Trans,3.0,sg,True,False,False,False,False,False,2.0,,2.0,,,,,5.0,6,
our man sees the book.,N,3.0,sg,m,True,Trans,3.0,sg,True,False,False,False,False,False,2.0,,1.0,,,,,5.0,6,
our man sees the books.,N,3.0,sg,m,True,Trans,3.0,sg,True,False,False,False,False,False,2.0,,2.0,,,,,5.0,6,
our man sees every woman.,N,3.0,sg,m,True,Trans,3.0,sg,True,False,False,False,False,False,2.0,,1.0,,,,,5.0,6,
our man sees all women.,N,3.0,sg,m,True,Trans,3.0,sg,True,False,False,False,False,False,2.0,,2.0,,,,,5.0,6,
our man sees me.,N,3.0,sg,m,True,Trans,3.0,sg,True,False,False,False,False,False,2.0,,1.0,,,,,5.0,5,
our man sees you.,N,3.0,sg,m,True,Trans,3.0,sg,True,False,False,False,False,False,2.0,,1.0,,,,,5.0,5,
our man sees him.,N,3.0,sg,m,True,Trans,3.0,sg,True,False,False,False,False,False,2.0,,0.0,,,,,5.0,5,
our man sees her.,N,3.0,sg,m,True,Trans,3.0,sg,True,False,False,False,False,False,2.0,,1.0,,,,,5.0,5,
our man sees it.,N,3.0,sg,m,True,Trans,3.0,sg,True,False,False,False,False,False,2.0,,1.0,,,,,5.0,5,
our man sees us.,N,3.0,sg,m,True,Trans,3.0,sg,True,False,False,False,False,False,2.0,,2.0,,,,,5.0,5,
our man sees them.,N,3.0,sg,m,True,Trans,3.0,sg,True,False,False,False,False,False,2.0,,1.0,,,,,5.0,5,
our man saw Mary.,N,3.0,sg,m,True,Trans,,,True,False,False,False,False,False,2.0,,1.0,,,,,5.0,5,
our man saw John.,N,3.0,sg,m,True,Trans,,,True,False,False,False,False,False,2.0,,0.0,,,,,5.0,5,
our man saw the woman.,N,3.0,sg,m,True,Trans,,,True,False,False,False,False,False,2.0,,1.0,,,,,5.0,6,
our man saw the women.,N,3.0,sg,m,True,Trans,,,True,False,False,False,False,False,2.0,,2.0,,,,,5.0,6,
our man saw the book.,N,3.0,sg,m,True,Trans,,,True,False,False,False,False,False,2.0,,1.0,,,,,5.0,6,
our man saw the books.,N,3.0,sg,m,True,Trans,,,True,False,False,False,False,False,2.0,,2.0,,,,,5.0,6,
our man saw every woman.,N,3.0,sg,m,True,Trans,,,True,False,False,False,False,False,2.0,,1.0,,,,,5.0,6,
our man saw all women.,N,3.0,sg,m,True,Trans,,,True,False,False,False,False,False,2.0,,2.0,,,,,5.0,6,
our man saw me.,N,3.0,sg,m,True,Trans,,,True,False,False,False,False,False,2.0,,1.0,,,,,5.0,5,
our man saw you.,N,3.0,sg,m,True,Trans,,,True,False,False,False,False,False,2.0,,1.0,,,,,5.0,5,
our man saw him.,N,3.0,sg,m,True,Trans,,,True,False,False,False,False,False,2.0,,0.0,,,,,5.0,5,
our man saw her.,N,3.0,sg,m,True,Trans,,,True,False,False,False,False,False,2.0,,1.0,,,,,5.0,5,
our man saw it.,N,3.0,sg,m,True,Trans,,,True,False,False,False,False,False,2.0,,1.0,,,,,5.0,5,
our man saw us.,N,3.0,sg,m,True,Trans,,,True,False,False,False,False,False,2.0,,2.0,,,,,5.0,5,
our man saw them.,N,3.0,sg,m,True,Trans,,,True,False,False,False,False,False,2.0,,1.0,,,,,5.0,5,
our women see Mary.,N,3.0,pl,f,True,Trans,,pl,True,False,False,False,False,False,1.0,,1.0,,,,,5.0,5,
our women see John.,N,3.0,pl,f,True,Trans,,pl,True,False,False,False,False,False,1.0,,2.0,,,,,5.0,5,
our women see the man.,N,3.0,pl,f,True,Trans,,pl,True,False,False,False,False,False,1.0,,2.0,,,,,5.0,6,
our women see the men.,N,3.0,pl,f,True,Trans,,pl,True,False,False,False,False,False,1.0,,1.0,,,,,5.0,6,
our women see the book.,N,3.0,pl,f,True,Trans,,pl,True,False,False,False,False,False,1.0,,2.0,,,,,5.0,6,
our women see the books.,N,3.0,pl,f,True,Trans,,pl,True,False,False,False,False,False,1.0,,1.0,,,,,5.0,6,
our women see every man.,N,3.0,pl,f,True,Trans,,pl,True,False,False,False,False,False,1.0,,2.0,,,,,5.0,6,
our women see all men.,N,3.0,pl,f,True,Trans,,pl,True,False,False,False,False,False,1.0,,1.0,,,,,5.0,6,
our women see me.,N,3.0,pl,f,True,Trans,,pl,True,False,False,False,False,False,1.0,,2.0,,,,,5.0,5,
our women see you.,N,3.0,pl,f,True,Trans,,pl,True,False,False,False,False,False,1.0,,1.0,,,,,5.0,5,
our women see him.,N,3.0,pl,f,True,Trans,,pl,True,False,False,False,False,False,1.0,,2.0,,,,,5.0,5,
our women see her.,N,3.0,pl,f,True,Trans,,pl,True,False,False,False,False,False,1.0,,1.0,,,,,5.0,5,
our women see it.,N,3.0,pl,f,True,Trans,,pl,True,False,False,False,False,False,1.0,,2.0,,,,,5.0,5,
our women see us.,N,3.0,pl,f,True,Trans,,pl,True,False,False,False,False,False,1.0,,1.0,,,,,5.0,5,
our women see them.,N,3.0,pl,f,True,Trans,,pl,True,False,False,False,False,False,1.0,,0.0,,,,,5.0,5,
our women saw Mary.,N,3.0,pl,f,True,Trans,,,True,False,False,False,False,False,1.0,,1.0,,,,,5.0,5,
our women saw John.,N,3.0,pl,f,True,Trans,,,True,False,False,False,False,False,1.0,,2.0,,,,,5.0,5,
our women saw the man.,N,3.0,pl,f,True,Trans,,,True,False,False,False,False,False,1.0,,2.0,,,,,5.0,6,
our women saw the men.,N,3.0,pl,f,True,Trans,,,True,False,False,False,False,False,1.0,,1.0,,,,,5.0,6,
our women saw the book.,N,3.0,pl,f,True,Trans,,,True,False,False,False,False,False,1.0,,2.0,,,,,5.0,6,
our women saw the books.,N,3.0,pl,f,True,Trans,,,True,False,False,False,False,False,1.0,,1.0,,,,,5.0,6,
our women saw every man.,N,3.0,pl,f,True,Trans,,,True,False,False,False,False,False,1.0,,2.0,,,,,5.0,6,
our women saw all men.,N,3.0,pl,f,True,Trans,,,True,False,False,False,False,False,1.0,,1.0,,,,,5.0,6,
our women saw me.,N,3.0,pl,f,True,Trans,,,True,False,False,False,False,False,1.0,,2.0,,,,,5.0,5,
our women saw you.,N,3.0,pl,f,True,Trans,,,True,False,False,False,False,False,1.0,,1.0,,,,,5.0,5,
our women saw him.,N,3.0,pl,f,True,Trans,,,True,False,False,False,False,False,1.0,,2.0,,,,,5.0,5,
our women saw her.,N,3.0,pl,f,True,Trans,,,True,False,False,False,False,False,1.0,,1.0,,,,,5.0,5,
our women saw it.,N,3.0,pl,f,True,Trans,,,True,False,False,False,False,False,1.0,,2.0,,,,,5.0,5,
our women saw us.,N,3.0,pl,f,True,Trans,,,True,False,False,False,False,False,1.0,,1.0,,,,,5.0,5,
our women saw them.,N,3.0,pl,f,True,Trans,,,True,False,False,False,False,False,1.0,,0.0,,,,,5.0,5,
our men see Mary.,N,3.0,pl,m,True,Trans,,pl,True,False,False,False,False,False,1.0,,2.0,,,,,5.0,5,
our men see John.,N,3.0,pl,m,True,Trans,,pl,True,False,False,False,False,False,1.0,,1.0,,,,,5.0,5,
our men see the woman.,N,3.0,pl,m,True,Trans,,pl,True,False,False,False,False,False,1.0,,2.0,,,,,5.0,6,
our men see the women.,N,3.0,pl,m,True,Trans,,pl,True,False,False,False,False,False,1.0,,1.0,,,,,5.0,6,
our men see the book.,N,3.0,pl,m,True,Trans,,pl,True,False,False,False,False,False,1.0,,2.0,,,,,5.0,6,
our men see the books.,N,3.0,pl,m,True,Trans,,pl,True,False,False,False,False,False,1.0,,1.0,,,,,5.0,6,
our men see every woman.,N,3.0,pl,m,True,Trans,,pl,True,False,False,False,False,False,1.0,,2.0,,,,,5.0,6,
our men see all women.,N,3.0,pl,m,True,Trans,,pl,True,False,False,False,False,False,1.0,,1.0,,,,,5.0,6,
our men see me.,N,3.0,pl,m,True,Trans,,pl,True,False,False,False,False,False,1.0,,2.0,,,,,5.0,5,
our men see you.,N,3.0,pl,m,True,Trans,,pl,True,False,False,False,False,False,1.0,,1.0,,,,,5.0,5,
our men see him.,N,3.0,pl,m,True,Trans,,pl,True,False,False,False,False,False,1.0,,1.0,,,,,5.0,5,
our men see her.,N,3.0,pl,m,True,Trans,,pl,True,False,False,False,False,False,1.0,,2.0,,,,,5.0,5,
our men see it.,N,3.0,pl,m,True,Trans,,pl,True,False,False,False,False,False,1.0,,2.0,,,,,5.0,5,
our men see us.,N,3.0,pl,m,True,Trans,,pl,True,False,False,False,False,False,1.0,,1.0,,,,,5.0,5,
our men see them.,N,3.0,pl,m,True,Trans,,pl,True,False,False,False,False,False,1.0,,0.0,,,,,5.0,5,
our men saw Mary.,N,3.0,pl,m,True,Trans,,,True,False,False,False,False,False,1.0,,2.0,,,,,5.0,5,
our men saw John.,N,3.0,pl,m,True,Trans,,,True,False,False,False,False,False,1.0,,1.0,,,,,5.0,5,
our men saw the woman.,N,3.0,pl,m,True,Trans,,,True,False,False,False,False,False,1.0,,2.0,,,,,5.0,6,
our men saw the women.,N,3.0,pl,m,True,Trans,,,True,False,False,False,False,False,1.0,,1.0,,,,,5.0,6,
our men saw the book.,N,3.0,pl,m,True,Trans,,,True,False,False,False,False,False,1.0,,2.0,,,,,5.0,6,
our men saw the books.,N,3.0,pl,m,True,Trans,,,True,False,False,False,False,False,1.0,,1.0,,,,,5.0,6,
our men saw every woman.,N,3.0,pl,m,True,Trans,,,True,False,False,False,False,False,1.0,,2.0,,,,,5.0,6,
our men saw all women.,N,3.0,pl,m,True,Trans,,,True,False,False,False,False,False,1.0,,1.0,,,,,5.0,6,
our men saw me.,N,3.0,pl,m,True,Trans,,,True,False,False,False,False,False,1.0,,2.0,,,,,5.0,5,
our men saw you.,N,3.0,pl,m,True,Trans,,,True,False,False,False,False,False,1.0,,1.0,,,,,5.0,5,
our men saw him.,N,3.0,pl,m,True,Trans,,,True,False,False,False,False,False,1.0,,1.0,,,,,5.0,5,
our men saw her.,N,3.0,pl,m,True,Trans,,,True,False,False,False,False,False,1.0,,2.0,,,,,5.0,5,
our men saw it.,N,3.0,pl,m,True,Trans,,,True,False,False,False,False,False,1.0,,2.0,,,,,5.0,5,
our men saw us.,N,3.0,pl,m,True,Trans,,,True,False,False,False,False,False,1.0,,1.0,,,,,5.0,5,
our men saw them.,N,3.0,pl,m,True,Trans,,,True,False,False,False,False,False,1.0,,0.0,,,,,5.0,5,
your woman sees Mary.,N,3.0,sg,f,True,Trans,3.0,sg,True,False,False,False,False,False,1.0,,0.0,,,,,4.0,5,
your woman sees John.,N,3.0,sg,f,True,Trans,3.0,sg,True,False,False,False,False,False,1.0,,1.0,,,,,4.0,5,
your woman sees the man.,N,3.0,sg,f,True,Trans,3.0,sg,True,False,False,False,False,False,1.0,,1.0,,,,,4.0,6,
your woman sees the men.,N,3.0,sg,f,True,Trans,3.0,sg,True,False,False,False,False,False,1.0,,2.0,,,,,4.0,6,
your woman sees the book.,N,3.0,sg,f,True,Trans,3.0,sg,True,False,False,False,False,False,1.0,,1.0,,,,,4.0,6,
your woman sees the books.,N,3.0,sg,f,True,Trans,3.0,sg,True,False,False,False,False,False,1.0,,2.0,,,,,4.0,6,
your woman sees every man.,N,3.0,sg,f,True,Trans,3.0,sg,True,False,False,False,False,False,1.0,,1.0,,,,,4.0,6,
your woman sees all men.,N,3.0,sg,f,True,Trans,3.0,sg,True,False,False,False,False,False,1.0,,2.0,,,,,4.0,6,
your woman sees me.,N,3.0,sg,f,True,Trans,3.0,sg,True,False,False,False,False,False,1.0,,1.0,,,,,4.0,5,
your woman sees you.,N,3.0,sg,f,True,Trans,3.0,sg,True,False,False,False,False,False,1.0,,1.0,,,,,4.0,5,
your woman sees him.,N,3.0,sg,f,True,Trans,3.0,sg,True,False,False,False,False,False,1.0,,1.0,,,,,4.0,5,
your woman sees her.,N,3.0,sg,f,True,Trans,3.0,sg,True,False,False,False,False,False,1.0,,0.0,,,,,4.0,5,
your woman sees it.,N,3.0,sg,f,True,Trans,3.0,sg,True,False,False,False,False,False,1.0,,1.0,,,,,4.0,5,
your woman sees us.,N,3.0,sg,f,True,Trans,3.0,sg,True,False,False,False,False,False,1.0,,2.0,,,,,4.0,5,
your woman sees them.,N,3.0,sg,f,True,Trans,3.0,sg,True,False,False,False,False,False,1.0,,1.0,,,,,4.0,5,
your woman saw Mary.,N,3.0,sg,f,True,Trans,,,True,False,False,False,False,False,1.0,,0.0,,,,,5.0,5,
your woman saw John.,N,3.0,sg,f,True,Trans,,,True,False,False,False,False,False,1.0,,1.0,,,,,5.0,5,
your woman saw the man.,N,3.0,sg,f,True,Trans,,,True,False,False,False,False,False,1.0,,1.0,,,,,5.0,6,
your woman saw the men.,N,3.0,sg,f,True,Trans,,,True,False,False,False,False,False,1.0,,2.0,,,,,5.0,6,
your woman saw the book.,N,3.0,sg,f,True,Trans,,,True,False,False,False,False,False,1.0,,1.0,,,,,5.0,6,
your woman saw the books.,N,3.0,sg,f,True,Trans,,,True,False,False,False,False,False,1.0,,2.0,,,,,5.0,6,
your woman saw every man.,N,3.0,sg,f,True,Trans,,,True,False,False,False,False,False,1.0,,1.0,,,,,5.0,6,
your woman saw all men.,N,3.0,sg,f,True,Trans,,,True,False,False,False,False,False,1.0,,2.0,,,,,5.0,6,
your woman saw me.,N,3.0,sg,f,True,Trans,,,True,False,False,False,False,False,1.0,,1.0,,,,,5.0,5,
your woman saw you.,N,3.0,sg,f,True,Trans,,,True,False,False,False,False,False,1.0,,1.0,,,,,5.0,5,
your woman saw him.,N,3.0,sg,f,True,Trans,,,True,False,False,False,False,False,1.0,,1.0,,,,,5.0,5,
your woman saw her.,N,3.0,sg,f,True,Trans,,,True,False,False,False,False,False,1.0,,0.0,,,,,5.0,5,
your woman saw it.,N,3.0,sg,f,True,Trans,,,True,False,False,False,False,False,1.0,,1.0,,,,,5.0,5,
your woman saw us.,N,3.0,sg,f,True,Trans,,,True,False,False,False,False,False,1.0,,2.0,,,,,5.0,5,
your woman saw them.,N,3.0,sg,f,True,Trans,,,True,False,False,False,False,False,1.0,,1.0,,,,,5.0,5,
your man sees Mary.,N,3.0,sg,m,True,Trans,3.0,sg,True,False,False,False,False,False,1.0,,1.0,,,,,5.0,5,
your man sees John.,N,3.0,sg,m,True,Trans,3.0,sg,True,False,False,False,False,False,1.0,,0.0,,,,,5.0,5,
your man sees the woman.,N,3.0,sg,m,True,Trans,3.0,sg,True,False,False,False,False,False,1.0,,1.0,,,,,5.0,6,
your man sees the women.,N,3.0,sg,m,True,Trans,3.0,sg,True,False,False,False,False,False,1.0,,2.0,,,,,5.0,6,
your man sees the book.,N,3.0,sg,m,True,Trans,3.0,sg,True,False,False,False,False,False,1.0,,1.0,,,,,5.0,6,
your man sees the books.,N,3.0,sg,m,True,Trans,3.0,sg,True,False,False,False,False,False,1.0,,2.0,,,,,5.0,6,
your man sees every woman.,N,3.0,sg,m,True,Trans,3.0,sg,True,False,False,False,False,False,1.0,,1.0,,,,,5.0,6,
your man sees all women.,N,3.0,sg,m,True,Trans,3.0,sg,True,False,False,False,False,False,1.0,,2.0,,,,,5.0,6,
your man sees me.,N,3.0,sg,m,True,Trans,3.0,sg,True,False,False,False,False,False,1.0,,1.0,,,,,5.0,5,
your man sees you.,N,3.0,sg,m,True,Trans,3.0,sg,True,False,False,False,False,False,1.0,,1.0,,,,,5.0,5,
your man sees him.,N,3.0,sg,m,True,Trans,3.0,sg,True,False,False,False,False,False,1.0,,0.0,,,,,5.0,5,
your man sees her.,N,3.0,sg,m,True,Trans,3.0,sg,True,False,False,False,False,False,1.0,,1.0,,,,,5.0,5,
your man sees it.,N,3.0,sg,m,True,Trans,3.0,sg,True,False,False,False,False,False,1.0,,1.0,,,,,5.0,5,
your man sees us.,N,3.0,sg,m,True,Trans,3.0,sg,True,False,False,False,False,False,1.0,,2.0,,,,,5.0,5,
your man sees them.,N,3.0,sg,m,True,Trans,3.0,sg,True,False,False,False,False,False,1.0,,1.0,,,,,5.0,5,
your man saw Mary.,N,3.0,sg,m,True,Trans,,,True,False,False,False,False,False,1.0,,1.0,,,,,5.0,5,
your man saw John.,N,3.0,sg,m,True,Trans,,,True,False,False,False,False,False,1.0,,0.0,,,,,5.0,5,
your man saw the woman.,N,3.0,sg,m,True,Trans,,,True,False,False,False,False,False,1.0,,1.0,,,,,5.0,6,
your man saw the women.,N,3.0,sg,m,True,Trans,,,True,False,False,False,False,False,1.0,,2.0,,,,,5.0,6,
your man saw the book.,N,3.0,sg,m,True,Trans,,,True,False,False,False,False,False,1.0,,1.0,,,,,5.0,6,
your man saw the books.,N,3.0,sg,m,True,Trans,,,True,False,False,False,False,False,1.0,,2.0,,,,,5.0,6,
your man saw every woman.,N,3.0,sg,m,True,Trans,,,True,False,False,False,False,False,1.0,,1.0,,,,,5.0,6,
your man saw all women.,N,3.0,sg,m,True,Trans,,,True,False,False,False,False,False,1.0,,2.0,,,,,5.0,6,
your man saw me.,N,3.0,sg,m,True,Trans,,,True,False,False,False,False,False,1.0,,1.0,,,,,5.0,5,
your man saw you.,N,3.0,sg,m,True,Trans,,,True,False,False,False,False,False,1.0,,1.0,,,,,5.0,5,
your man saw him.,N,3.0,sg,m,True,Trans,,,True,False,False,False,False,False,1.0,,0.0,,,,,5.0,5,
your man saw her.,N,3.0,sg,m,True,Trans,,,True,False,False,False,False,False,1.0,,1.0,,,,,5.0,5,
your man saw it.,N,3.0,sg,m,True,Trans,,,True,False,False,False,False,False,1.0,,1.0,,,,,5.0,5,
your man saw us.,N,3.0,sg,m,True,Trans,,,True,False,False,False,False,False,1.0,,2.0,,,,,5.0,5,
your man saw them.,N,3.0,sg,m,True,Trans,,,True,False,False,False,False,False,1.0,,1.0,,,,,5.0,5,
your women see Mary.,N,3.0,pl,f,True,Trans,,pl,True,False,False,False,False,False,1.0,,1.0,,,,,5.0,5,
your women see John.,N,3.0,pl,f,True,Trans,,pl,True,False,False,False,False,False,1.0,,2.0,,,,,5.0,5,
your women see the man.,N,3.0,pl,f,True,Trans,,pl,True,False,False,False,False,False,1.0,,2.0,,,,,5.0,6,
your women see the men.,N,3.0,pl,f,True,Trans,,pl,True,False,False,False,False,False,1.0,,1.0,,,,,5.0,6,
your women see the book.,N,3.0,pl,f,True,Trans,,pl,True,False,False,False,False,False,1.0,,2.0,,,,,5.0,6,
your women see the books.,N,3.0,pl,f,True,Trans,,pl,True,False,False,False,False,False,1.0,,1.0,,,,,5.0,6,
your women see every man.,N,3.0,pl,f,True,Trans,,pl,True,False,False,False,False,False,1.0,,2.0,,,,,5.0,6,
your women see all men.,N,3.0,pl,f,True,Trans,,pl,True,False,False,False,False,False,1.0,,1.0,,,,,5.0,6,
your women see me.,N,3.0,pl,f,True,Trans,,pl,True,False,False,False,False,False,1.0,,2.0,,,,,5.0,5,
your women see you.,N,3.0,pl,f,True,Trans,,pl,True,False,False,False,False,False,1.0,,1.0,,,,,5.0,5,
your women see him.,N,3.0,pl,f,True,Trans,,pl,True,False,False,False,False,False,1.0,,2.0,,,,,5.0,5,
your women see her.,N,3.0,pl,f,True,Trans,,pl,True,False,False,False,False,False,1.0,,1.0,,,,,5.0,5,
your women see it.,N,3.0,pl,f,True,Trans,,pl,True,False,False,False,False,False,1.0,,2.0,,,,,5.0,5,
your women see us.,N,3.0,pl,f,True,Trans,,pl,True,False,False,False,False,False,1.0,,1.0,,,,,5.0,5,
your women see them.,N,3.0,pl,f,True,Trans,,pl,True,False,False,False,False,False,1.0,,0.0,,,,,5.0,5,
your women saw Mary.,N,3.0,pl,f,True,Trans,,,True,False,False,False,False,False,1.0,,1.0,,,,,5.0,5,
your women saw John.,N,3.0,pl,f,True,Trans,,,True,False,False,False,False,False,1.0,,2.0,,,,,5.0,5,
your women saw the man.,N,3.0,pl,f,True,Trans,,,True,False,False,False,False,False,1.0,,2.0,,,,,5.0,6,
your women saw the men.,N,3.0,pl,f,True,Trans,,,True,False,False,False,False,False,1.0,,1.0,,,,,5.0,6,
your women saw the book.,N,3.0,pl,f,True,Trans,,,True,False,False,False,False,False,1.0,,2.0,,,,,5.0,6,
your women saw the books.,N,3.0,pl,f,True,Trans,,,True,False,False,False,False,False,1.0,,1.0,,,,,5.0,6,
your women saw every man.,N,3.0,pl,f,True,Trans,,,True,False,False,False,False,False,1.0,,2.0,,,,,5.0,6,
your women saw all men.,N,3.0,pl,f,True,Trans,,,True,False,False,False,False,False,1.0,,1.0,,,,,5.0,6,
your women saw me.,N,3.0,pl,f,True,Trans,,,True,False,False,False,False,False,1.0,,2.0,,,,,5.0,5,
your women saw you.,N,3.0,pl,f,True,Trans,,,True,False,False,False,False,False,1.0,,1.0,,,,,5.0,5,
your women saw him.,N,3.0,pl,f,True,Trans,,,True,False,False,False,False,False,1.0,,2.0,,,,,5.0,5,
your women saw her.,N,3.0,pl,f,True,Trans,,,True,False,False,False,False,False,1.0,,1.0,,,,,5.0,5,
your women saw it.,N,3.0,pl,f,True,Trans,,,True,False,False,False,False,False,1.0,,2.0,,,,,5.0,5,
your women saw us.,N,3.0,pl,f,True,Trans,,,True,False,False,False,False,False,1.0,,1.0,,,,,5.0,5,
your women saw them.,N,3.0,pl,f,True,Trans,,,True,False,False,False,False,False,1.0,,0.0,,,,,5.0,5,
your men see Mary.,N,3.0,pl,m,True,Trans,,pl,True,False,False,False,False,False,1.0,,2.0,,,,,5.0,5,
your men see John.,N,3.0,pl,m,True,Trans,,pl,True,False,False,False,False,False,1.0,,1.0,,,,,5.0,5,
your men see the woman.,N,3.0,pl,m,True,Trans,,pl,True,False,False,False,False,False,1.0,,2.0,,,,,5.0,6,
your men see the women.,N,3.0,pl,m,True,Trans,,pl,True,False,False,False,False,False,1.0,,1.0,,,,,5.0,6,
your men see the book.,N,3.0,pl,m,True,Trans,,pl,True,False,False,False,False,False,1.0,,2.0,,,,,5.0,6,
your men see the books.,N,3.0,pl,m,True,Trans,,pl,True,False,False,False,False,False,1.0,,1.0,,,,,5.0,6,
your men see every woman.,N,3.0,pl,m,True,Trans,,pl,True,False,False,False,False,False,1.0,,2.0,,,,,5.0,6,
your men see all women.,N,3.0,pl,m,True,Trans,,pl,True,False,False,False,False,False,1.0,,1.0,,,,,5.0,6,
your men see me.,N,3.0,pl,m,True,Trans,,pl,True,False,False,False,False,False,1.0,,2.0,,,,,5.0,5,
your men see you.,N,3.0,pl,m,True,Trans,,pl,True,False,False,False,False,False,1.0,,1.0,,,,,5.0,5,
your men see him.,N,3.0,pl,m,True,Trans,,pl,True,False,False,False,False,False,1.0,,1.0,,,,,5.0,5,
your men see her.,N,3.0,pl,m,True,Trans,,pl,True,False,False,False,False,False,1.0,,2.0,,,,,5.0,5,
your men see it.,N,3.0,pl,m,True,Trans,,pl,True,False,False,False,False,False,1.0,,2.0,,,,,5.0,5,
your men see us.,N,3.0,pl,m,True,Trans,,pl,True,False,False,False,False,False,1.0,,1.0,,,,,5.0,5,
your men see them.,N,3.0,pl,m,True,Trans,,pl,True,False,False,False,False,False,1.0,,0.0,,,,,5.0,5,
your men saw Mary.,N,3.0,pl,m,True,Trans,,,True,False,False,False,False,False,1.0,,2.0,,,,,5.0,5,
your men saw John.,N,3.0,pl,m,True,Trans,,,True,False,False,False,False,False,1.0,,1.0,,,,,5.0,5,
your men saw the woman.,N,3.0,pl,m,True,Trans,,,True,False,False,False,False,False,1.0,,2.0,,,,,5.0,6,
your men saw the women.,N,3.0,pl,m,True,Trans,,,True,False,False,False,False,False,1.0,,1.0,,,,,5.0,6,
your men saw the book.,N,3.0,pl,m,True,Trans,,,True,False,False,False,False,False,1.0,,2.0,,,,,5.0,6,
your men saw the books.,N,3.0,pl,m,True,Trans,,,True,False,False,False,False,False,1.0,,1.0,,,,,5.0,6,
your men saw every woman.,N,3.0,pl,m,True,Trans,,,True,False,False,False,False,False,1.0,,2.0,,,,,5.0,6,
your men saw all women.,N,3.0,pl,m,True,Trans,,,True,False,False,False,False,False,1.0,,1.0,,,,,5.0,6,
your men saw me.,N,3.0,pl,m,True,Trans,,,True,False,False,False,False,False,1.0,,2.0,,,,,5.0,5,
your men saw you.,N,3.0,pl,m,True,Trans,,,True,False,False,False,False,False,1.0,,1.0,,,,,5.0,5,
your men saw him.,N,3.0,pl,m,True,Trans,,,True,False,False,False,False,False,1.0,,1.0,,,,,5.0,5,
your men saw her.,N,3.0,pl,m,True,Trans,,,True,False,False,False,False,False,1.0,,2.0,,,,,5.0,5,
your men saw it.,N,3.0,pl,m,True,Trans,,,True,False,False,False,False,False,1.0,,2.0,,,,,5.0,5,
your men saw us.,N,3.0,pl,m,True,Trans,,,True,False,False,False,False,False,1.0,,1.0,,,,,5.0,5,
your men saw them.,N,3.0,pl,m,True,Trans,,,True,False,False,False,False,False,1.0,,0.0,,,,,5.0,5,
her woman sees Mary.,N,3.0,sg,f,True,Trans,3.0,sg,True,False,False,False,False,False,0.0,,0.0,,,,,4.0,5,
her woman sees John.,N,3.0,sg,f,True,Trans,3.0,sg,True,False,False,False,False,False,0.0,,1.0,,,,,4.0,5,
her woman sees the man.,N,3.0,sg,f,True,Trans,3.0,sg,True,False,False,False,False,False,0.0,,1.0,,,,,4.0,6,
her woman sees the men.,N,3.0,sg,f,True,Trans,3.0,sg,True,False,False,False,False,False,0.0,,2.0,,,,,4.0,6,
her woman sees the book.,N,3.0,sg,f,True,Trans,3.0,sg,True,False,False,False,False,False,0.0,,1.0,,,,,4.0,6,
her woman sees the books.,N,3.0,sg,f,True,Trans,3.0,sg,True,False,False,False,False,False,0.0,,2.0,,,,,4.0,6,
her woman sees every man.,N,3.0,sg,f,True,Trans,3.0,sg,True,False,False,False,False,False,0.0,,1.0,,,,,4.0,6,
her woman sees all men.,N,3.0,sg,f,True,Trans,3.0,sg,True,False,False,False,False,False,0.0,,2.0,,,,,4.0,6,
her woman sees me.,N,3.0,sg,f,True,Trans,3.0,sg,True,False,False,False,False,False,0.0,,1.0,,,,,4.0,5,
her woman sees you.,N,3.0,sg,f,True,Trans,3.0,sg,True,False,False,False,False,False,0.0,,1.0,,,,,4.0,5,
her woman sees him.,N,3.0,sg,f,True,Trans,3.0,sg,True,False,False,False,False,False,0.0,,1.0,,,,,4.0,5,
her woman sees her.,N,3.0,sg,f,True,Trans,3.0,sg,True,False,False,False,False,False,0.0,,0.0,,,,,4.0,5,
her woman sees it.,N,3.0,sg,f,True,Trans,3.0,sg,True,False,False,False,False,False,0.0,,1.0,,,,,4.0,5,
her woman sees us.,N,3.0,sg,f,True,Trans,3.0,sg,True,False,False,False,False,False,0.0,,2.0,,,,,4.0,5,
her woman sees them.,N,3.0,sg,f,True,Trans,3.0,sg,True,False,False,False,False,False,0.0,,1.0,,,,,4.0,5,
her woman saw Mary.,N,3.0,sg,f,True,Trans,,,True,False,False,False,False,False,0.0,,0.0,,,,,5.0,5,
her woman saw John.,N,3.0,sg,f,True,Trans,,,True,False,False,False,False,False,0.0,,1.0,,,,,5.0,5,
her woman saw the man.,N,3.0,sg,f,True,Trans,,,True,False,False,False,False,False,0.0,,1.0,,,,,5.0,6,
her woman saw the men.,N,3.0,sg,f,True,Trans,,,True,False,False,False,False,False,0.0,,2.0,,,,,5.0,6,
her woman saw the book.,N,3.0,sg,f,True,Trans,,,True,False,False,False,False,False,0.0,,1.0,,,,,5.0,6,
her woman saw the books.,N,3.0,sg,f,True,Trans,,,True,False,False,False,False,False,0.0,,2.0,,,,,5.0,6,
her woman saw every man.,N,3.0,sg,f,True,Trans,,,True,False,False,False,False,False,0.0,,1.0,,,,,5.0,6,
her woman saw all men.,N,3.0,sg,f,True,Trans,,,True,False,False,False,False,False,0.0,,2.0,,,,,5.0,6,
her woman saw me.,N,3.0,sg,f,True,Trans,,,True,False,False,False,False,False,0.0,,1.0,,,,,5.0,5,
her woman saw you.,N,3.0,sg,f,True,Trans,,,True,False,False,False,False,False,0.0,,1.0,,,,,5.0,5,
her woman saw him.,N,3.0,sg,f,True,Trans,,,True,False,False,False,False,False,0.0,,1.0,,,,,5.0,5,
her woman saw her.,N,3.0,sg,f,True,Trans,,,True,False,False,False,False,False,0.0,,0.0,,,,,5.0,5,
her woman saw it.,N,3.0,sg,f,True,Trans,,,True,False,False,False,False,False,0.0,,1.0,,,,,5.0,5,
her woman saw us.,N,3.0,sg,f,True,Trans,,,True,False,False,False,False,False,0.0,,2.0,,,,,5.0,5,
her woman saw them.,N,3.0,sg,f,True,Trans,,,True,False,False,False,False,False,0.0,,1.0,,,,,5.0,5,
her man sees Mary.,N,3.0,sg,m,True,Trans,3.0,sg,True,False,False,False,False,False,1.0,,1.0,,,,,5.0,5,
her man sees John.,N,3.0,sg,m,True,Trans,3.0,sg,True,False,False,False,False,False,1.0,,0.0,,,,,5.0,5,
her man sees the woman.,N,3.0,sg,m,True,Trans,3.0,sg,True,False,False,False,False,False,1.0,,1.0,,,,,5.0,6,
her man sees the women.,N,3.0,sg,m,True,Trans,3.0,sg,True,False,False,False,False,False,1.0,,2.0,,,,,5.0,6,
her man sees the book.,N,3.0,sg,m,True,Trans,3.0,sg,True,False,False,False,False,False,1.0,,1.0,,,,,5.0,6,
her man sees the books.,N,3.0,sg,m,True,Trans,3.0,sg,True,False,False,False,False,False,1.0,,2.0,,,,,5.0,6,
her man sees every woman.,N,3.0,sg,m,True,Trans,3.0,sg,True,False,False,False,False,False,1.0,,1.0,,,,,5.0,6,
her man sees all women.,N,3.0,sg,m,True,Trans,3.0,sg,True,False,False,False,False,False,1.0,,2.0,,,,,5.0,6,
her man sees me.,N,3.0,sg,m,True,Trans,3.0,sg,True,False,False,False,False,False,1.0,,1.0,,,,,5.0,5,
her man sees you.,N,3.0,sg,m,True,Trans,3.0,sg,True,False,False,False,False,False,1.0,,1.0,,,,,5.0,5,
her man sees him.,N,3.0,sg,m,True,Trans,3.0,sg,True,False,False,False,False,False,1.0,,0.0,,,,,5.0,5,
her man sees her.,N,3.0,sg,m,True,Trans,3.0,sg,True,False,False,False,False,False,1.0,,1.0,,,,,5.0,5,
her man sees it.,N,3.0,sg,m,True,Trans,3.0,sg,True,False,False,False,False,False,1.0,,1.0,,,,,5.0,5,
her man sees us.,N,3.0,sg,m,True,Trans,3.0,sg,True,False,False,False,False,False,1.0,,2.0,,,,,5.0,5,
her man sees them.,N,3.0,sg,m,True,Trans,3.0,sg,True,False,False,False,False,False,1.0,,1.0,,,,,5.0,5,
her man saw Mary.,N,3.0,sg,m,True,Trans,,,True,False,False,False,False,False,1.0,,1.0,,,,,5.0,5,
her man saw John.,N,3.0,sg,m,True,Trans,,,True,False,False,False,False,False,1.0,,0.0,,,,,5.0,5,
her man saw the woman.,N,3.0,sg,m,True,Trans,,,True,False,False,False,False,False,1.0,,1.0,,,,,5.0,6,
her man saw the women.,N,3.0,sg,m,True,Trans,,,True,False,False,False,False,False,1.0,,2.0,,,,,5.0,6,
her man saw the book.,N,3.0,sg,m,True,Trans,,,True,False,False,False,False,False,1.0,,1.0,,,,,5.0,6,
her man saw the books.,N,3.0,sg,m,True,Trans,,,True,False,False,False,False,False,1.0,,2.0,,,,,5.0,6,
her man saw every woman.,N,3.0,sg,m,True,Trans,,,True,False,False,False,False,False,1.0,,1.0,,,,,5.0,6,
her man saw all women.,N,3.0,sg,m,True,Trans,,,True,False,False,False,False,False,1.0,,2.0,,,,,5.0,6,
her man saw me.,N,3.0,sg,m,True,Trans,,,True,False,False,False,False,False,1.0,,1.0,,,,,5.0,5,
her man saw you.,N,3.0,sg,m,True,Trans,,,True,False,False,False,False,False,1.0,,1.0,,,,,5.0,5,
her man saw him.,N,3.0,sg,m,True,Trans,,,True,False,False,False,False,False,1.0,,0.0,,,,,5.0,5,
her man saw her.,N,3.0,sg,m,True,Trans,,,True,False,False,False,False,False,1.0,,1.0,,,,,5.0,5,
her man saw it.,N,3.0,sg,m,True,Trans,,,True,False,False,False,False,False,1.0,,1.0,,,,,5.0,5,
her man saw us.,N,3.0,sg,m,True,Trans,,,True,False,False,False,False,False,1.0,,2.0,,,,,5.0,5,
her man saw them.,N,3.0,sg,m,True,Trans,,,True,False,False,False,False,False,1.0,,1.0,,,,,5.0,5,
her women see Mary.,N,3.0,pl,f,True,Trans,,pl,True,False,False,False,False,False,1.0,,1.0,,,,,5.0,5,
her women see John.,N,3.0,pl,f,True,Trans,,pl,True,False,False,False,False,False,1.0,,2.0,,,,,5.0,5,
her women see the man.,N,3.0,pl,f,True,Trans,,pl,True,False,False,False,False,False,1.0,,2.0,,,,,5.0,6,
her women see the men.,N,3.0,pl,f,True,Trans,,pl,True,False,False,False,False,False,1.0,,1.0,,,,,5.0,6,
her women see the book.,N,3.0,pl,f,True,Trans,,pl,True,False,False,False,False,False,1.0,,2.0,,,,,5.0,6,
her women see the books.,N,3.0,pl,f,True,Trans,,pl,True,False,False,False,False,False,1.0,,1.0,,,,,5.0,6,
her women see every man.,N,3.0,pl,f,True,Trans,,pl,True,False,False,False,False,False,1.0,,2.0,,,,,5.0,6,
her women see all men.,N,3.0,pl,f,True,Trans,,pl,True,False,False,False,False,False,1.0,,1.0,,,,,5.0,6,
her women see me.,N,3.0,pl,f,True,Trans,,pl,True,False,False,False,False,False,1.0,,2.0,,,,,5.0,5,
her women see you.,N,3.0,pl,f,True,Trans,,pl,True,False,False,False,False,False,1.0,,1.0,,,,,5.0,5,
her women see him.,N,3.0,pl,f,True,Trans,,pl,True,False,False,False,False,False,1.0,,2.0,,,,,5.0,5,
her women see her.,N,3.0,pl,f,True,Trans,,pl,True,False,False,False,False,False,1.0,,1.0,,,,,5.0,5,
her women see it.,N,3.0,pl,f,True,Trans,,pl,True,False,False,False,False,False,1.0,,2.0,,,,,5.0,5,
her women see us.,N,3.0,pl,f,True,Trans,,pl,True,False,False,False,False,False,1.0,,1.0,,,,,5.0,5,
her women see them.,N,3.0,pl,f,True,Trans,,pl,True,False,False,False,False,False,1.0,,0.0,,,,,5.0,5,
her women saw Mary.,N,3.0,pl,f,True,Trans,,,True,False,False,False,False,False,1.0,,1.0,,,,,5.0,5,
her women saw John.,N,3.0,pl,f,True,Trans,,,True,False,False,False,False,False,1.0,,2.0,,,,,5.0,5,
her women saw the man.,N,3.0,pl,f,True,Trans,,,True,False,False,False,False,False,1.0,,2.0,,,,,5.0,6,
her women saw the men.,N,3.0,pl,f,True,Trans,,,True,False,False,False,False,False,1.0,,1.0,,,,,5.0,6,
her women saw the book.,N,3.0,pl,f,True,Trans,,,True,False,False,False,False,False,1.0,,2.0,,,,,5.0,6,
her women saw the books.,N,3.0,pl,f,True,Trans,,,True,False,False,False,False,False,1.0,,1.0,,,,,5.0,6,
her women saw every man.,N,3.0,pl,f,True,Trans,,,True,False,False,False,False,False,1.0,,2.0,,,,,5.0,6,
her women saw all men.,N,3.0,pl,f,True,Trans,,,True,False,False,False,False,False,1.0,,1.0,,,,,5.0,6,
her women saw me.,N,3.0,pl,f,True,Trans,,,True,False,False,False,False,False,1.0,,2.0,,,,,5.0,5,
her women saw you.,N,3.0,pl,f,True,Trans,,,True,False,False,False,False,False,1.0,,1.0,,,,,5.0,5,
her women saw him.,N,3.0,pl,f,True,Trans,,,True,False,False,False,False,False,1.0,,2.0,,,,,5.0,5,
her women saw her.,N,3.0,pl,f,True,Trans,,,True,False,False,False,False,False,1.0,,1.0,,,,,5.0,5,
her women saw it.,N,3.0,pl,f,True,Trans,,,True,False,False,False,False,False,1.0,,2.0,,,,,5.0,5,
her women saw us.,N,3.0,pl,f,True,Trans,,,True,False,False,False,False,False,1.0,,1.0,,,,,5.0,5,
her women saw them.,N,3.0,pl,f,True,Trans,,,True,False,False,False,False,False,1.0,,0.0,,,,,5.0,5,
her men see Mary.,N,3.0,pl,m,True,Trans,,pl,True,False,False,False,False,False,2.0,,2.0,,,,,5.0,5,
her men see John.,N,3.0,pl,m,True,Trans,,pl,True,False,False,False,False,False,2.0,,1.0,,,,,5.0,5,
her men see the woman.,N,3.0,pl,m,True,Trans,,pl,True,False,False,False,False,False,2.0,,2.0,,,,,5.0,6,
her men see the women.,N,3.0,pl,m,True,Trans,,pl,True,False,False,False,False,False,2.0,,1.0,,,,,5.0,6,
her men see the book.,N,3.0,pl,m,True,Trans,,pl,True,False,False,False,False,False,2.0,,2.0,,,,,5.0,6,
her men see the books.,N,3.0,pl,m,True,Trans,,pl,True,False,False,False,False,False,2.0,,1.0,,,,,5.0,6,
her men see every woman.,N,3.0,pl,m,True,Trans,,pl,True,False,False,False,False,False,2.0,,2.0,,,,,5.0,6,
her men see all women.,N,3.0,pl,m,True,Trans,,pl,True,False,False,False,False,False,2.0,,1.0,,,,,5.0,6,
her men see me.,N,3.0,pl,m,True,Trans,,pl,True,False,False,False,False,False,2.0,,2.0,,,,,5.0,5,
her men see you.,N,3.0,pl,m,True,Trans,,pl,True,False,False,False,False,False,2.0,,1.0,,,,,5.0,5,
her men see him.,N,3.0,pl,m,True,Trans,,pl,True,False,False,False,False,False,2.0,,1.0,,,,,5.0,5,
her men see her.,N,3.0,pl,m,True,Trans,,pl,True,False,False,False,False,False,2.0,,2.0,,,,,5.0,5,
her men see it.,N,3.0,pl,m,True,Trans,,pl,True,False,False,False,False,False,2.0,,2.0,,,,,5.0,5,
her men see us.,N,3.0,pl,m,True,Trans,,pl,True,False,False,False,False,False,2.0,,1.0,,,,,5.0,5,
her men see them.,N,3.0,pl,m,True,Trans,,pl,True,False,False,False,False,False,2.0,,0.0,,,,,5.0,5,
her men saw Mary.,N,3.0,pl,m,True,Trans,,,True,False,False,False,False,False,2.0,,2.0,,,,,5.0,5,
her men saw John.,N,3.0,pl,m,True,Trans,,,True,False,False,False,False,False,2.0,,1.0,,,,,5.0,5,
her men saw the woman.,N,3.0,pl,m,True,Trans,,,True,False,False,False,False,False,2.0,,2.0,,,,,5.0,6,
her men saw the women.,N,3.0,pl,m,True,Trans,,,True,False,False,False,False,False,2.0,,1.0,,,,,5.0,6,
her men saw the book.,N,3.0,pl,m,True,Trans,,,True,False,False,False,False,False,2.0,,2.0,,,,,5.0,6,
her men saw the books.,N,3.0,pl,m,True,Trans,,,True,False,False,False,False,False,2.0,,1.0,,,,,5.0,6,
her men saw every woman.,N,3.0,pl,m,True,Trans,,,True,False,False,False,False,False,2.0,,2.0,,,,,5.0,6,
her men saw all women.,N,3.0,pl,m,True,Trans,,,True,False,False,False,False,False,2.0,,1.0,,,,,5.0,6,
her men saw me.,N,3.0,pl,m,True,Trans,,,True,False,False,False,False,False,2.0,,2.0,,,,,5.0,5,
her men saw you.,N,3.0,pl,m,True,Trans,,,True,False,False,False,False,False,2.0,,1.0,,,,,5.0,5,
her men saw him.,N,3.0,pl,m,True,Trans,,,True,False,False,False,False,False,2.0,,1.0,,,,,5.0,5,
her men saw her.,N,3.0,pl,m,True,Trans,,,True,False,False,False,False,False,2.0,,2.0,,,,,5.0,5,
her men saw it.,N,3.0,pl,m,True,Trans,,,True,False,False,False,False,False,2.0,,2.0,,,,,5.0,5,
her men saw us.,N,3.0,pl,m,True,Trans,,,True,False,False,False,False,False,2.0,,1.0,,,,,5.0,5,
her men saw them.,N,3.0,pl,m,True,Trans,,,True,False,False,False,False,False,2.0,,0.0,,,,,5.0,5,
his woman sees Mary.,N,3.0,sg,f,True,Trans,3.0,sg,True,False,False,False,False,False,1.0,,0.0,,,,,4.0,5,
his woman sees John.,N,3.0,sg,f,True,Trans,3.0,sg,True,False,False,False,False,False,1.0,,1.0,,,,,4.0,5,
his woman sees the man.,N,3.0,sg,f,True,Trans,3.0,sg,True,False,False,False,False,False,1.0,,1.0,,,,,4.0,6,
his woman sees the men.,N,3.0,sg,f,True,Trans,3.0,sg,True,False,False,False,False,False,1.0,,2.0,,,,,4.0,6,
his woman sees the book.,N,3.0,sg,f,True,Trans,3.0,sg,True,False,False,False,False,False,1.0,,1.0,,,,,4.0,6,
his woman sees the books.,N,3.0,sg,f,True,Trans,3.0,sg,True,False,False,False,False,False,1.0,,2.0,,,,,4.0,6,
his woman sees every man.,N,3.0,sg,f,True,Trans,3.0,sg,True,False,False,False,False,False,1.0,,1.0,,,,,4.0,6,
his woman sees all men.,N,3.0,sg,f,True,Trans,3.0,sg,True,False,False,False,False,False,1.0,,2.0,,,,,4.0,6,
his woman sees me.,N,3.0,sg,f,True,Trans,3.0,sg,True,False,False,False,False,False,1.0,,1.0,,,,,4.0,5,
his woman sees you.,N,3.0,sg,f,True,Trans,3.0,sg,True,False,False,False,False,False,1.0,,1.0,,,,,4.0,5,
his woman sees him.,N,3.0,sg,f,True,Trans,3.0,sg,True,False,False,False,False,False,1.0,,1.0,,,,,4.0,5,
his woman sees her.,N,3.0,sg,f,True,Trans,3.0,sg,True,False,False,False,False,False,1.0,,0.0,,,,,4.0,5,
his woman sees it.,N,3.0,sg,f,True,Trans,3.0,sg,True,False,False,False,False,False,1.0,,1.0,,,,,4.0,5,
his woman sees us.,N,3.0,sg,f,True,Trans,3.0,sg,True,False,False,False,False,False,1.0,,2.0,,,,,4.0,5,
his woman sees them.,N,3.0,sg,f,True,Trans,3.0,sg,True,False,False,False,False,False,1.0,,1.0,,,,,4.0,5,
his woman saw Mary.,N,3.0,sg,f,True,Trans,,,True,False,False,False,False,False,1.0,,0.0,,,,,5.0,5,
his woman saw John.,N,3.0,sg,f,True,Trans,,,True,False,False,False,False,False,1.0,,1.0,,,,,5.0,5,
his woman saw the man.,N,3.0,sg,f,True,Trans,,,True,False,False,False,False,False,1.0,,1.0,,,,,5.0,6,
his woman saw the men.,N,3.0,sg,f,True,Trans,,,True,False,False,False,False,False,1.0,,2.0,,,,,5.0,6,
his woman saw the book.,N,3.0,sg,f,True,Trans,,,True,False,False,False,False,False,1.0,,1.0,,,,,5.0,6,
his woman saw the books.,N,3.0,sg,f,True,Trans,,,True,False,False,False,False,False,1.0,,2.0,,,,,5.0,6,
his woman saw every man.,N,3.0,sg,f,True,Trans,,,True,False,False,False,False,False,1.0,,1.0,,,,,5.0,6,
his woman saw all men.,N,3.0,sg,f,True,Trans,,,True,False,False,False,False,False,1.0,,2.0,,,,,5.0,6,
his woman saw me.,N,3.0,sg,f,True,Trans,,,True,False,False,False,False,False,1.0,,1.0,,,,,5.0,5,
his woman saw you.,N,3.0,sg,f,True,Trans,,,True,False,False,False,False,False,1.0,,1.0,,,,,5.0,5,
his woman saw him.,N,3.0,sg,f,True,Trans,,,True,False,False,False,False,False,1.0,,1.0,,,,,5.0,5,
his woman saw her.,N,3.0,sg,f,True,Trans,,,True,False,False,False,False,False,1.0,,0.0,,,,,5.0,5,
his woman saw it.,N,3.0,sg,f,True,Trans,,,True,False,False,False,False,False,1.0,,1.0,,,,,5.0,5,
his woman saw us.,N,3.0,sg,f,True,Trans,,,True,False,False,False,False,False,1.0,,2.0,,,,,5.0,5,
his woman saw them.,N,3.0,sg,f,True,Trans,,,True,False,False,False,False,False,1.0,,1.0,,,,,5.0,5,
his man sees Mary.,N,3.0,sg,m,True,Trans,3.0,sg,True,False,False,False,False,False,0.0,,1.0,,,,,5.0,5,
his man sees John.,N,3.0,sg,m,True,Trans,3.0,sg,True,False,False,False,False,False,0.0,,0.0,,,,,5.0,5,
his man sees the woman.,N,3.0,sg,m,True,Trans,3.0,sg,True,False,False,False,False,False,0.0,,1.0,,,,,5.0,6,
his man sees the women.,N,3.0,sg,m,True,Trans,3.0,sg,True,False,False,False,False,False,0.0,,2.0,,,,,5.0,6,
his man sees the book.,N,3.0,sg,m,True,Trans,3.0,sg,True,False,False,False,False,False,0.0,,1.0,,,,,5.0,6,
his man sees the books.,N,3.0,sg,m,True,Trans,3.0,sg,True,False,False,False,False,False,0.0,,2.0,,,,,5.0,6,
his man sees every woman.,N,3.0,sg,m,True,Trans,3.0,sg,True,False,False,False,False,False,0.0,,1.0,,,,,5.0,6,
his man sees all women.,N,3.0,sg,m,True,Trans,3.0,sg,True,False,False,False,False,False,0.0,,2.0,,,,,5.0,6,
his man sees me.,N,3.0,sg,m,True,Trans,3.0,sg,True,False,False,False,False,False,0.0,,1.0,,,,,5.0,5,
his man sees you.,N,3.0,sg,m,True,Trans,3.0,sg,True,False,False,False,False,False,0.0,,1.0,,,,,5.0,5,
his man sees him.,N,3.0,sg,m,True,Trans,3.0,sg,True,False,False,False,False,False,0.0,,0.0,,,,,5.0,5,
his man sees her.,N,3.0,sg,m,True,Trans,3.0,sg,True,False,False,False,False,False,0.0,,1.0,,,,,5.0,5,
his man sees it.,N,3.0,sg,m,True,Trans,3.0,sg,True,False,False,False,False,False,0.0,,1.0,,,,,5.0,5,
his man sees us.,N,3.0,sg,m,True,Trans,3.0,sg,True,False,False,False,False,False,0.0,,2.0,,,,,5.0,5,
his man sees them.,N,3.0,sg,m,True,Trans,3.0,sg,True,False,False,False,False,False,0.0,,1.0,,,,,5.0,5,
his man saw Mary.,N,3.0,sg,m,True,Trans,,,True,False,False,False,False,False,0.0,,1.0,,,,,5.0,5,
his man saw John.,N,3.0,sg,m,True,Trans,,,True,False,False,False,False,False,0.0,,0.0,,,,,5.0,5,
his man saw the woman.,N,3.0,sg,m,True,Trans,,,True,False,False,False,False,False,0.0,,1.0,,,,,5.0,6,
his man saw the women.,N,3.0,sg,m,True,Trans,,,True,False,False,False,False,False,0.0,,2.0,,,,,5.0,6,
his man saw the book.,N,3.0,sg,m,True,Trans,,,True,False,False,False,False,False,0.0,,1.0,,,,,5.0,6,
his man saw the books.,N,3.0,sg,m,True,Trans,,,True,False,False,False,False,False,0.0,,2.0,,,,,5.0,6,
his man saw every woman.,N,3.0,sg,m,True,Trans,,,True,False,False,False,False,False,0.0,,1.0,,,,,5.0,6,
his man saw all women.,N,3.0,sg,m,True,Trans,,,True,False,False,False,False,False,0.0,,2.0,,,,,5.0,6,
his man saw me.,N,3.0,sg,m,True,Trans,,,True,False,False,False,False,False,0.0,,1.0,,,,,5.0,5,
his man saw you.,N,3.0,sg,m,True,Trans,,,True,False,False,False,False,False,0.0,,1.0,,,,,5.0,5,
his man saw him.,N,3.0,sg,m,True,Trans,,,True,False,False,False,False,False,0.0,,0.0,,,,,5.0,5,
his man saw her.,N,3.0,sg,m,True,Trans,,,True,False,False,False,False,False,0.0,,1.0,,,,,5.0,5,
his man saw it.,N,3.0,sg,m,True,Trans,,,True,False,False,False,False,False,0.0,,1.0,,,,,5.0,5,
his man saw us.,N,3.0,sg,m,True,Trans,,,True,False,False,False,False,False,0.0,,2.0,,,,,5.0,5,
his man saw them.,N,3.0,sg,m,True,Trans,,,True,False,False,False,False,False,0.0,,1.0,,,,,5.0,5,
his women see Mary.,N,3.0,pl,f,True,Trans,,pl,True,False,False,False,False,False,2.0,,1.0,,,,,5.0,5,
his women see John.,N,3.0,pl,f,True,Trans,,pl,True,False,False,False,False,False,2.0,,2.0,,,,,5.0,5,
his women see the man.,N,3.0,pl,f,True,Trans,,pl,True,False,False,False,False,False,2.0,,2.0,,,,,5.0,6,
his women see the men.,N,3.0,pl,f,True,Trans,,pl,True,False,False,False,False,False,2.0,,1.0,,,,,5.0,6,
his women see the book.,N,3.0,pl,f,True,Trans,,pl,True,False,False,False,False,False,2.0,,2.0,,,,,5.0,6,
his women see the books.,N,3.0,pl,f,True,Trans,,pl,True,False,False,False,False,False,2.0,,1.0,,,,,5.0,6,
his women see every man.,N,3.0,pl,f,True,Trans,,pl,True,False,False,False,False,False,2.0,,2.0,,,,,5.0,6,
his women see all men.,N,3.0,pl,f,True,Trans,,pl,True,False,False,False,False,False,2.0,,1.0,,,,,5.0,6,
his women see me.,N,3.0,pl,f,True,Trans,,pl,True,False,False,False,False,False,2.0,,2.0,,,,,5.0,5,
his women see you.,N,3.0,pl,f,True,Trans,,pl,True,False,False,False,False,False,2.0,,1.0,,,,,5.0,5,
his women see him.,N,3.0,pl,f,True,Trans,,pl,True,False,False,False,False,False,2.0,,2.0,,,,,5.0,5,
his women see her.,N,3.0,pl,f,True,Trans,,pl,True,False,False,False,False,False,2.0,,1.0,,,,,5.0,5,
his women see it.,N,3.0,pl,f,True,Trans,,pl,True,False,False,False,False,False,2.0,,2.0,,,,,5.0,5,
his women see us.,N,3.0,pl,f,True,Trans,,pl,True,False,False,False,False,False,2.0,,1.0,,,,,5.0,5,
his women see them.,N,3.0,pl,f,True,Trans,,pl,True,False,False,False,False,False,2.0,,0.0,,,,,5.0,5,
his women saw Mary.,N,3.0,pl,f,True,Trans,,,True,False,False,False,False,False,2.0,,1.0,,,,,5.0,5,
his women saw John.,N,3.0,pl,f,True,Trans,,,True,False,False,False,False,False,2.0,,2.0,,,,,5.0,5,
his women saw the man.,N,3.0,pl,f,True,Trans,,,True,False,False,False,False,False,2.0,,2.0,,,,,5.0,6,
his women saw the men.,N,3.0,pl,f,True,Trans,,,True,False,False,False,False,False,2.0,,1.0,,,,,5.0,6,
his women saw the book.,N,3.0,pl,f,True,Trans,,,True,False,False,False,False,False,2.0,,2.0,,,,,5.0,6,
his women saw the books.,N,3.0,pl,f,True,Trans,,,True,False,False,False,False,False,2.0,,1.0,,,,,5.0,6,
his women saw every man.,N,3.0,pl,f,True,Trans,,,True,False,False,False,False,False,2.0,,2.0,,,,,5.0,6,
his women saw all men.,N,3.0,pl,f,True,Trans,,,True,False,False,False,False,False,2.0,,1.0,,,,,5.0,6,
his women saw me.,N,3.0,pl,f,True,Trans,,,True,False,False,False,False,False,2.0,,2.0,,,,,5.0,5,
his women saw you.,N,3.0,pl,f,True,Trans,,,True,False,False,False,False,False,2.0,,1.0,,,,,5.0,5,
his women saw him.,N,3.0,pl,f,True,Trans,,,True,False,False,False,False,False,2.0,,2.0,,,,,5.0,5,
his women saw her.,N,3.0,pl,f,True,Trans,,,True,False,False,False,False,False,2.0,,1.0,,,,,5.0,5,
his women saw it.,N,3.0,pl,f,True,Trans,,,True,False,False,False,False,False,2.0,,2.0,,,,,5.0,5,
his women saw us.,N,3.0,pl,f,True,Trans,,,True,False,False,False,False,False,2.0,,1.0,,,,,5.0,5,
his women saw them.,N,3.0,pl,f,True,Trans,,,True,False,False,False,False,False,2.0,,0.0,,,,,5.0,5,
his men see Mary.,N,3.0,pl,m,True,Trans,,pl,True,False,False,False,False,False,1.0,,2.0,,,,,5.0,5,
his men see John.,N,3.0,pl,m,True,Trans,,pl,True,False,False,False,False,False,1.0,,1.0,,,,,5.0,5,
his men see the woman.,N,3.0,pl,m,True,Trans,,pl,True,False,False,False,False,False,1.0,,2.0,,,,,5.0,6,
his men see the women.,N,3.0,pl,m,True,Trans,,pl,True,False,False,False,False,False,1.0,,1.0,,,,,5.0,6,
his men see the book.,N,3.0,pl,m,True,Trans,,pl,True,False,False,False,False,False,1.0,,2.0,,,,,5.0,6,
his men see the books.,N,3.0,pl,m,True,Trans,,pl,True,False,False,False,False,False,1.0,,1.0,,,,,5.0,6,
his men see every woman.,N,3.0,pl,m,True,Trans,,pl,True,False,False,False,False,False,1.0,,2.0,,,,,5.0,6,
his men see all women.,N,3.0,pl,m,True,Trans,,pl,True,False,False,False,False,False,1.0,,1.0,,,,,5.0,6,
his men see me.,N,3.0,pl,m,True,Trans,,pl,True,False,False,False,False,False,1.0,,2.0,,,,,5.0,5,
his men see you.,N,3.0,pl,m,True,Trans,,pl,True,False,False,False,False,False,1.0,,1.0,,,,,5.0,5,
his men see him.,N,3.0,pl,m,True,Trans,,pl,True,False,False,False,False,False,1.0,,1.0,,,,,5.0,5,
his men see her.,N,3.0,pl,m,True,Trans,,pl,True,False,False,False,False,False,1.0,,2.0,,,,,5.0,5,
his men see it.,N,3.0,pl,m,True,Trans,,pl,True,False,False,False,False,False,1.0,,2.0,,,,,5.0,5,
his men see us.,N,3.0,pl,m,True,Trans,,pl,True,False,False,False,False,False,1.0,,1.0,,,,,5.0,5,
his men see them.,N,3.0,pl,m,True,Trans,,pl,True,False,False,False,False,False,1.0,,0.0,,,,,5.0,5,
his men saw Mary.,N,3.0,pl,m,True,Trans,,,True,False,False,False,False,False,1.0,,2.0,,,,,5.0,5,
his men saw John.,N,3.0,pl,m,True,Trans,,,True,False,False,False,False,False,1.0,,1.0,,,,,5.0,5,
his men saw the woman.,N,3.0,pl,m,True,Trans,,,True,False,False,False,False,False,1.0,,2.0,,,,,5.0,6,
his men saw the women.,N,3.0,pl,m,True,Trans,,,True,False,False,False,False,False,1.0,,1.0,,,,,5.0,6,
his men saw the book.,N,3.0,pl,m,True,Trans,,,True,False,False,False,False,False,1.0,,2.0,,,,,5.0,6,
his men saw the books.,N,3.0,pl,m,True,Trans,,,True,False,False,False,False,False,1.0,,1.0,,,,,5.0,6,
his men saw every woman.,N,3.0,pl,m,True,Trans,,,True,False,False,False,False,False,1.0,,2.0,,,,,5.0,6,
his men saw all women.,N,3.0,pl,m,True,Trans,,,True,False,False,False,False,False,1.0,,1.0,,,,,5.0,6,
his men saw me.,N,3.0,pl,m,True,Trans,,,True,False,False,False,False,False,1.0,,2.0,,,,,5.0,5,
his men saw you.,N,3.0,pl,m,True,Trans,,,True,False,False,False,False,False,1.0,,1.0,,,,,5.0,5,
his men saw him.,N,3.0,pl,m,True,Trans,,,True,False,False,False,False,False,1.0,,1.0,,,,,5.0,5,
his men saw her.,N,3.0,pl,m,True,Trans,,,True,False,False,False,False,False,1.0,,2.0,,,,,5.0,5,
his men saw it.,N,3.0,pl,m,True,Trans,,,True,False,False,False,False,False,1.0,,2.0,,,,,5.0,5,
his men saw us.,N,3.0,pl,m,True,Trans,,,True,False,False,False,False,False,1.0,,1.0,,,,,5.0,5,
his men saw them.,N,3.0,pl,m,True,Trans,,,True,False,False,False,False,False,1.0,,0.0,,,,,5.0,5,
its woman sees Mary.,N,3.0,sg,f,True,Trans,3.0,sg,True,False,False,False,False,False,2.0,,0.0,,,,,4.0,5,
its woman sees John.,N,3.0,sg,f,True,Trans,3.0,sg,True,False,False,False,False,False,2.0,,1.0,,,,,4.0,5,
its woman sees the man.,N,3.0,sg,f,True,Trans,3.0,sg,True,False,False,False,False,False,2.0,,1.0,,,,,4.0,6,
its woman sees the men.,N,3.0,sg,f,True,Trans,3.0,sg,True,False,False,False,False,False,2.0,,2.0,,,,,4.0,6,
its woman sees the book.,N,3.0,sg,f,True,Trans,3.0,sg,True,False,False,False,False,False,2.0,,1.0,,,,,4.0,6,
its woman sees the books.,N,3.0,sg,f,True,Trans,3.0,sg,True,False,False,False,False,False,2.0,,2.0,,,,,4.0,6,
its woman sees every man.,N,3.0,sg,f,True,Trans,3.0,sg,True,False,False,False,False,False,2.0,,1.0,,,,,4.0,6,
its woman sees all men.,N,3.0,sg,f,True,Trans,3.0,sg,True,False,False,False,False,False,2.0,,2.0,,,,,4.0,6,
its woman sees me.,N,3.0,sg,f,True,Trans,3.0,sg,True,False,False,False,False,False,2.0,,1.0,,,,,4.0,5,
its woman sees you.,N,3.0,sg,f,True,Trans,3.0,sg,True,False,False,False,False,False,2.0,,1.0,,,,,4.0,5,
its woman sees him.,N,3.0,sg,f,True,Trans,3.0,sg,True,False,False,False,False,False,2.0,,1.0,,,,,4.0,5,
its woman sees her.,N,3.0,sg,f,True,Trans,3.0,sg,True,False,False,False,False,False,2.0,,0.0,,,,,4.0,5,
its woman sees it.,N,3.0,sg,f,True,Trans,3.0,sg,True,False,False,False,False,False,2.0,,1.0,,,,,4.0,5,
its woman sees us.,N,3.0,sg,f,True,Trans,3.0,sg,True,False,False,False,False,False,2.0,,2.0,,,,,4.0,5,
its woman sees them.,N,3.0,sg,f,True,Trans,3.0,sg,True,False,False,False,False,False,2.0,,1.0,,,,,4.0,5,
its woman saw Mary.,N,3.0,sg,f,True,Trans,,,True,False,False,False,False,False,2.0,,0.0,,,,,5.0,5,
its woman saw John.,N,3.0,sg,f,True,Trans,,,True,False,False,False,False,False,2.0,,1.0,,,,,5.0,5,
its woman saw the man.,N,3.0,sg,f,True,Trans,,,True,False,False,False,False,False,2.0,,1.0,,,,,5.0,6,
its woman saw the men.,N,3.0,sg,f,True,Trans,,,True,False,False,False,False,False,2.0,,2.0,,,,,5.0,6,
its woman saw the book.,N,3.0,sg,f,True,Trans,,,True,False,False,False,False,False,2.0,,1.0,,,,,5.0,6,
its woman saw the books.,N,3.0,sg,f,True,Trans,,,True,False,False,False,False,False,2.0,,2.0,,,,,5.0,6,
its woman saw every man.,N,3.0,sg,f,True,Trans,,,True,False,False,False,False,False,2.0,,1.0,,,,,5.0,6,
its woman saw all men.,N,3.0,sg,f,True,Trans,,,True,False,False,False,False,False,2.0,,2.0,,,,,5.0,6,
its woman saw me.,N,3.0,sg,f,True,Trans,,,True,False,False,False,False,False,2.0,,1.0,,,,,5.0,5,
its woman saw you.,N,3.0,sg,f,True,Trans,,,True,False,False,False,False,False,2.0,,1.0,,,,,5.0,5,
its woman saw him.,N,3.0,sg,f,True,Trans,,,True,False,False,False,False,False,2.0,,1.0,,,,,5.0,5,
its woman saw her.,N,3.0,sg,f,True,Trans,,,True,False,False,False,False,False,2.0,,0.0,,,,,5.0,5,
its woman saw it.,N,3.0,sg,f,True,Trans,,,True,False,False,False,False,False,2.0,,1.0,,,,,5.0,5,
its woman saw us.,N,3.0,sg,f,True,Trans,,,True,False,False,False,False,False,2.0,,2.0,,,,,5.0,5,
its woman saw them.,N,3.0,sg,f,True,Trans,,,True,False,False,False,False,False,2.0,,1.0,,,,,5.0,5,
its man sees Mary.,N,3.0,sg,m,True,Trans,3.0,sg,True,False,False,False,False,False,1.0,,1.0,,,,,5.0,5,
its man sees John.,N,3.0,sg,m,True,Trans,3.0,sg,True,False,False,False,False,False,1.0,,0.0,,,,,5.0,5,
its man sees the woman.,N,3.0,sg,m,True,Trans,3.0,sg,True,False,False,False,False,False,1.0,,1.0,,,,,5.0,6,
its man sees the women.,N,3.0,sg,m,True,Trans,3.0,sg,True,False,False,False,False,False,1.0,,2.0,,,,,5.0,6,
its man sees the book.,N,3.0,sg,m,True,Trans,3.0,sg,True,False,False,False,False,False,1.0,,1.0,,,,,5.0,6,
its man sees the books.,N,3.0,sg,m,True,Trans,3.0,sg,True,False,False,False,False,False,1.0,,2.0,,,,,5.0,6,
its man sees every woman.,N,3.0,sg,m,True,Trans,3.0,sg,True,False,False,False,False,False,1.0,,1.0,,,,,5.0,6,
its man sees all women.,N,3.0,sg,m,True,Trans,3.0,sg,True,False,False,False,False,False,1.0,,2.0,,,,,5.0,6,
its man sees me.,N,3.0,sg,m,True,Trans,3.0,sg,True,False,False,False,False,False,1.0,,1.0,,,,,5.0,5,
its man sees you.,N,3.0,sg,m,True,Trans,3.0,sg,True,False,False,False,False,False,1.0,,1.0,,,,,5.0,5,
its man sees him.,N,3.0,sg,m,True,Trans,3.0,sg,True,False,False,False,False,False,1.0,,0.0,,,,,5.0,5,
its man sees her.,N,3.0,sg,m,True,Trans,3.0,sg,True,False,False,False,False,False,1.0,,1.0,,,,,5.0,5,
its man sees it.,N,3.0,sg,m,True,Trans,3.0,sg,True,False,False,False,False,False,1.0,,1.0,,,,,5.0,5,
its man sees us.,N,3.0,sg,m,True,Trans,3.0,sg,True,False,False,False,False,False,1.0,,2.0,,,,,5.0,5,
its man sees them.,N,3.0,sg,m,True,Trans,3.0,sg,True,False,False,False,False,False,1.0,,1.0,,,,,5.0,5,
its man saw Mary.,N,3.0,sg,m,True,Trans,,,True,False,False,False,False,False,1.0,,1.0,,,,,5.0,5,
its man saw John.,N,3.0,sg,m,True,Trans,,,True,False,False,False,False,False,1.0,,0.0,,,,,5.0,5,
its man saw the woman.,N,3.0,sg,m,True,Trans,,,True,False,False,False,False,False,1.0,,1.0,,,,,5.0,6,
its man saw the women.,N,3.0,sg,m,True,Trans,,,True,False,False,False,False,False,1.0,,2.0,,,,,5.0,6,
its man saw the book.,N,3.0,sg,m,True,Trans,,,True,False,False,False,False,False,1.0,,1.0,,,,,5.0,6,
its man saw the books.,N,3.0,sg,m,True,Trans,,,True,False,False,False,False,False,1.0,,2.0,,,,,5.0,6,
its man saw every woman.,N,3.0,sg,m,True,Trans,,,True,False,False,False,False,False,1.0,,1.0,,,,,5.0,6,
its man saw all women.,N,3.0,sg,m,True,Trans,,,True,False,False,False,False,False,1.0,,2.0,,,,,5.0,6,
its man saw me.,N,3.0,sg,m,True,Trans,,,True,False,False,False,False,False,1.0,,1.0,,,,,5.0,5,
its man saw you.,N,3.0,sg,m,True,Trans,,,True,False,False,False,False,False,1.0,,1.0,,,,,5.0,5,
its man saw him.,N,3.0,sg,m,True,Trans,,,True,False,False,False,False,False,1.0,,0.0,,,,,5.0,5,
its man saw her.,N,3.0,sg,m,True,Trans,,,True,False,False,False,False,False,1.0,,1.0,,,,,5.0,5,
its man saw it.,N,3.0,sg,m,True,Trans,,,True,False,False,False,False,False,1.0,,1.0,,,,,5.0,5,
its man saw us.,N,3.0,sg,m,True,Trans,,,True,False,False,False,False,False,1.0,,2.0,,,,,5.0,5,
its man saw them.,N,3.0,sg,m,True,Trans,,,True,False,False,False,False,False,1.0,,1.0,,,,,5.0,5,
its women see Mary.,N,3.0,pl,f,True,Trans,,pl,True,False,False,False,False,False,3.0,,1.0,,,,,5.0,5,
its women see John.,N,3.0,pl,f,True,Trans,,pl,True,False,False,False,False,False,3.0,,2.0,,,,,5.0,5,
its women see the man.,N,3.0,pl,f,True,Trans,,pl,True,False,False,False,False,False,3.0,,2.0,,,,,5.0,6,
its women see the men.,N,3.0,pl,f,True,Trans,,pl,True,False,False,False,False,False,3.0,,1.0,,,,,5.0,6,
its women see the book.,N,3.0,pl,f,True,Trans,,pl,True,False,False,False,False,False,3.0,,2.0,,,,,5.0,6,
its women see the books.,N,3.0,pl,f,True,Trans,,pl,True,False,False,False,False,False,3.0,,1.0,,,,,5.0,6,
its women see every man.,N,3.0,pl,f,True,Trans,,pl,True,False,False,False,False,False,3.0,,2.0,,,,,5.0,6,
its women see all men.,N,3.0,pl,f,True,Trans,,pl,True,False,False,False,False,False,3.0,,1.0,,,,,5.0,6,
its women see me.,N,3.0,pl,f,True,Trans,,pl,True,False,False,False,False,False,3.0,,2.0,,,,,5.0,5,
its women see you.,N,3.0,pl,f,True,Trans,,pl,True,False,False,False,False,False,3.0,,1.0,,,,,5.0,5,
its women see him.,N,3.0,pl,f,True,Trans,,pl,True,False,False,False,False,False,3.0,,2.0,,,,,5.0,5,
its women see her.,N,3.0,pl,f,True,Trans,,pl,True,False,False,False,False,False,3.0,,1.0,,,,,5.0,5,
its women see it.,N,3.0,pl,f,True,Trans,,pl,True,False,False,False,False,False,3.0,,2.0,,,,,5.0,5,
its women see us.,N,3.0,pl,f,True,Trans,,pl,True,False,False,False,False,False,3.0,,1.0,,,,,5.0,5,
its women see them.,N,3.0,pl,f,True,Trans,,pl,True,False,False,False,False,False,3.0,,0.0,,,,,5.0,5,
its women saw Mary.,N,3.0,pl,f,True,Trans,,,True,False,False,False,False,False,3.0,,1.0,,,,,5.0,5,
its women saw John.,N,3.0,pl,f,True,Trans,,,True,False,False,False,False,False,3.0,,2.0,,,,,5.0,5,
its women saw the man.,N,3.0,pl,f,True,Trans,,,True,False,False,False,False,False,3.0,,2.0,,,,,5.0,6,
its women saw the men.,N,3.0,pl,f,True,Trans,,,True,False,False,False,False,False,3.0,,1.0,,,,,5.0,6,
its women saw the book.,N,3.0,pl,f,True,Trans,,,True,False,False,False,False,False,3.0,,2.0,,,,,5.0,6,
its women saw the books.,N,3.0,pl,f,True,Trans,,,True,False,False,False,False,False,3.0,,1.0,,,,,5.0,6,
its women saw every man.,N,3.0,pl,f,True,Trans,,,True,False,False,False,False,False,3.0,,2.0,,,,,5.0,6,
its women saw all men.,N,3.0,pl,f,True,Trans,,,True,False,False,False,False,False,3.0,,1.0,,,,,5.0,6,
its women saw me.,N,3.0,pl,f,True,Trans,,,True,False,False,False,False,False,3.0,,2.0,,,,,5.0,5,
its women saw you.,N,3.0,pl,f,True,Trans,,,True,False,False,False,False,False,3.0,,1.0,,,,,5.0,5,
its women saw him.,N,3.0,pl,f,True,Trans,,,True,False,False,False,False,False,3.0,,2.0,,,,,5.0,5,
its women saw her.,N,3.0,pl,f,True,Trans,,,True,False,False,False,False,False,3.0,,1.0,,,,,5.0,5,
its women saw it.,N,3.0,pl,f,True,Trans,,,True,False,False,False,False,False,3.0,,2.0,,,,,5.0,5,
its women saw us.,N,3.0,pl,f,True,Trans,,,True,False,False,False,False,False,3.0,,1.0,,,,,5.0,5,
its women saw them.,N,3.0,pl,f,True,Trans,,,True,False,False,False,False,False,3.0,,0.0,,,,,5.0,5,
its men see Mary.,N,3.0,pl,m,True,Trans,,pl,True,False,False,False,False,False,2.0,,2.0,,,,,5.0,5,
its men see John.,N,3.0,pl,m,True,Trans,,pl,True,False,False,False,False,False,2.0,,1.0,,,,,5.0,5,
its men see the woman.,N,3.0,pl,m,True,Trans,,pl,True,False,False,False,False,False,2.0,,2.0,,,,,5.0,6,
its men see the women.,N,3.0,pl,m,True,Trans,,pl,True,False,False,False,False,False,2.0,,1.0,,,,,5.0,6,
its men see the book.,N,3.0,pl,m,True,Trans,,pl,True,False,False,False,False,False,2.0,,2.0,,,,,5.0,6,
its men see the books.,N,3.0,pl,m,True,Trans,,pl,True,False,False,False,False,False,2.0,,1.0,,,,,5.0,6,
its men see every woman.,N,3.0,pl,m,True,Trans,,pl,True,False,False,False,False,False,2.0,,2.0,,,,,5.0,6,
its men see all women.,N,3.0,pl,m,True,Trans,,pl,True,False,False,False,False,False,2.0,,1.0,,,,,5.0,6,
its men see me.,N,3.0,pl,m,True,Trans,,pl,True,False,False,False,False,False,2.0,,2.0,,,,,5.0,5,
its men see you.,N,3.0,pl,m,True,Trans,,pl,True,False,False,False,False,False,2.0,,1.0,,,,,5.0,5,
its men see him.,N,3.0,pl,m,True,Trans,,pl,True,False,False,False,False,False,2.0,,1.0,,,,,5.0,5,
its men see her.,N,3.0,pl,m,True,Trans,,pl,True,False,False,False,False,False,2.0,,2.0,,,,,5.0,5,
its men see it.,N,3.0,pl,m,True,Trans,,pl,True,False,False,False,False,False,2.0,,2.0,,,,,5.0,5,
its men see us.,N,3.0,pl,m,True,Trans,,pl,True,False,False,False,False,False,2.0,,1.0,,,,,5.0,5,
its men see them.,N,3.0,pl,m,True,Trans,,pl,True,False,False,False,False,False,2.0,,0.0,,,,,5.0,5,
its men saw Mary.,N,3.0,pl,m,True,Trans,,,True,False,False,False,False,False,2.0,,2.0,,,,,5.0,5,
its men saw John.,N,3.0,pl,m,True,Trans,,,True,False,False,False,False,False,2.0,,1.0,,,,,5.0,5,
its men saw the woman.,N,3.0,pl,m,True,Trans,,,True,False,False,False,False,False,2.0,,2.0,,,,,5.0,6,
its men saw the women.,N,3.0,pl,m,True,Trans,,,True,False,False,False,False,False,2.0,,1.0,,,,,5.0,6,
its men saw the book.,N,3.0,pl,m,True,Trans,,,True,False,False,False,False,False,2.0,,2.0,,,,,5.0,6,
its men saw the books.,N,3.0,pl,m,True,Trans,,,True,False,False,False,False,False,2.0,,1.0,,,,,5.0,6,
its men saw every woman.,N,3.0,pl,m,True,Trans,,,True,False,False,False,False,False,2.0,,2.0,,,,,5.0,6,
its men saw all women.,N,3.0,pl,m,True,Trans,,,True,False,False,False,False,False,2.0,,1.0,,,,,5.0,6,
its men saw me.,N,3.0,pl,m,True,Trans,,,True,False,False,False,False,False,2.0,,2.0,,,,,5.0,5,
its men saw you.,N,3.0,pl,m,True,Trans,,,True,False,False,False,False,False,2.0,,1.0,,,,,5.0,5,
its men saw him.,N,3.0,pl,m,True,Trans,,,True,False,False,False,False,False,2.0,,1.0,,,,,5.0,5,
its men saw her.,N,3.0,pl,m,True,Trans,,,True,False,False,False,False,False,2.0,,2.0,,,,,5.0,5,
its men saw it.,N,3.0,pl,m,True,Trans,,,True,False,False,False,False,False,2.0,,2.0,,,,,5.0,5,
its men saw us.,N,3.0,pl,m,True,Trans,,,True,False,False,False,False,False,2.0,,1.0,,,,,5.0,5,
its men saw them.,N,3.0,pl,m,True,Trans,,,True,False,False,False,False,False,2.0,,0.0,,,,,5.0,5,
their woman sees Mary.,N,3.0,sg,f,True,Trans,3.0,sg,True,False,False,False,False,False,1.0,,0.0,,,,,4.0,5,
their woman sees John.,N,3.0,sg,f,True,Trans,3.0,sg,True,False,False,False,False,False,1.0,,1.0,,,,,4.0,5,
their woman sees the man.,N,3.0,sg,f,True,Trans,3.0,sg,True,False,False,False,False,False,1.0,,1.0,,,,,4.0,6,
their woman sees the men.,N,3.0,sg,f,True,Trans,3.0,sg,True,False,False,False,False,False,1.0,,2.0,,,,,4.0,6,
their woman sees the book.,N,3.0,sg,f,True,Trans,3.0,sg,True,False,False,False,False,False,1.0,,1.0,,,,,4.0,6,
their woman sees the books.,N,3.0,sg,f,True,Trans,3.0,sg,True,False,False,False,False,False,1.0,,2.0,,,,,4.0,6,
their woman sees every man.,N,3.0,sg,f,True,Trans,3.0,sg,True,False,False,False,False,False,1.0,,1.0,,,,,4.0,6,
their woman sees all men.,N,3.0,sg,f,True,Trans,3.0,sg,True,False,False,False,False,False,1.0,,2.0,,,,,4.0,6,
their woman sees me.,N,3.0,sg,f,True,Trans,3.0,sg,True,False,False,False,False,False,1.0,,1.0,,,,,4.0,5,
their woman sees you.,N,3.0,sg,f,True,Trans,3.0,sg,True,False,False,False,False,False,1.0,,1.0,,,,,4.0,5,
their woman sees him.,N,3.0,sg,f,True,Trans,3.0,sg,True,False,False,False,False,False,1.0,,1.0,,,,,4.0,5,
their woman sees her.,N,3.0,sg,f,True,Trans,3.0,sg,True,False,False,False,False,False,1.0,,0.0,,,,,4.0,5,
their woman sees it.,N,3.0,sg,f,True,Trans,3.0,sg,True,False,False,False,False,False,1.0,,1.0,,,,,4.0,5,
their woman sees us.,N,3.0,sg,f,True,Trans,3.0,sg,True,False,False,False,False,False,1.0,,2.0,,,,,4.0,5,
their woman sees them.,N,3.0,sg,f,True,Trans,3.0,sg,True,False,False,False,False,False,1.0,,1.0,,,,,4.0,5,
their woman saw Mary.,N,3.0,sg,f,True,Trans,,,True,False,False,False,False,False,1.0,,0.0,,,,,5.0,5,
their woman saw John.,N,3.0,sg,f,True,Trans,,,True,False,False,False,False,False,1.0,,1.0,,,,,5.0,5,
their woman saw the man.,N,3.0,sg,f,True,Trans,,,True,False,False,False,False,False,1.0,,1.0,,,,,5.0,6,
their woman saw the men.,N,3.0,sg,f,True,Trans,,,True,False,False,False,False,False,1.0,,2.0,,,,,5.0,6,
their woman saw the book.,N,3.0,sg,f,True,Trans,,,True,False,False,False,False,False,1.0,,1.0,,,,,5.0,6,
their woman saw the books.,N,3.0,sg,f,True,Trans,,,True,False,False,False,False,False,1.0,,2.0,,,,,5.0,6,
their woman saw every man.,N,3.0,sg,f,True,Trans,,,True,False,False,False,False,False,1.0,,1.0,,,,,5.0,6,
their woman saw all men.,N,3.0,sg,f,True,Trans,,,True,False,False,False,False,False,1.0,,2.0,,,,,5.0,6,
their woman saw me.,N,3.0,sg,f,True,Trans,,,True,False,False,False,False,False,1.0,,1.0,,,,,5.0,5,
their woman saw you.,N,3.0,sg,f,True,Trans,,,True,False,False,False,False,False,1.0,,1.0,,,,,5.0,5,
their woman saw him.,N,3.0,sg,f,True,Trans,,,True,False,False,False,False,False,1.0,,1.0,,,,,5.0,5,
their woman saw her.,N,3.0,sg,f,True,Trans,,,True,False,False,False,False,False,1.0,,0.0,,,,,5.0,5,
their woman saw it.,N,3.0,sg,f,True,Trans,,,True,False,False,False,False,False,1.0,,1.0,,,,,5.0,5,
their woman saw us.,N,3.0,sg,f,True,Trans,,,True,False,False,False,False,False,1.0,,2.0,,,,,5.0,5,
their woman saw them.,N,3.0,sg,f,True,Trans,,,True,False,False,False,False,False,1.0,,1.0,,,,,5.0,5,
their man sees Mary.,N,3.0,sg,m,True,Trans,3.0,sg,True,False,False,False,False,False,1.0,,1.0,,,,,5.0,5,
their man sees John.,N,3.0,sg,m,True,Trans,3.0,sg,True,False,False,False,False,False,1.0,,0.0,,,,,5.0,5,
their man sees the woman.,N,3.0,sg,m,True,Trans,3.0,sg,True,False,False,False,False,False,1.0,,1.0,,,,,5.0,6,
their man sees the women.,N,3.0,sg,m,True,Trans,3.0,sg,True,False,False,False,False,False,1.0,,2.0,,,,,5.0,6,
their man sees the book.,N,3.0,sg,m,True,Trans,3.0,sg,True,False,False,False,False,False,1.0,,1.0,,,,,5.0,6,
their man sees the books.,N,3.0,sg,m,True,Trans,3.0,sg,True,False,False,False,False,False,1.0,,2.0,,,,,5.0,6,
their man sees every woman.,N,3.0,sg,m,True,Trans,3.0,sg,True,False,False,False,False,False,1.0,,1.0,,,,,5.0,6,
their man sees all women.,N,3.0,sg,m,True,Trans,3.0,sg,True,False,False,False,False,False,1.0,,2.0,,,,,5.0,6,
their man sees me.,N,3.0,sg,m,True,Trans,3.0,sg,True,False,False,False,False,False,1.0,,1.0,,,,,5.0,5,
their man sees you.,N,3.0,sg,m,True,Trans,3.0,sg,True,False,False,False,False,False,1.0,,1.0,,,,,5.0,5,
their man sees him.,N,3.0,sg,m,True,Trans,3.0,sg,True,False,False,False,False,False,1.0,,0.0,,,,,5.0,5,
their man sees her.,N,3.0,sg,m,True,Trans,3.0,sg,True,False,False,False,False,False,1.0,,1.0,,,,,5.0,5,
their man sees it.,N,3.0,sg,m,True,Trans,3.0,sg,True,False,False,False,False,False,1.0,,1.0,,,,,5.0,5,
their man sees us.,N,3.0,sg,m,True,Trans,3.0,sg,True,False,False,False,False,False,1.0,,2.0,,,,,5.0,5,
their man sees them.,N,3.0,sg,m,True,Trans,3.0,sg,True,False,False,False,False,False,1.0,,1.0,,,,,5.0,5,
their man saw Mary.,N,3.0,sg,m,True,Trans,,,True,False,False,False,False,False,1.0,,1.0,,,,,5.0,5,
their man saw John.,N,3.0,sg,m,True,Trans,,,True,False,False,False,False,False,1.0,,0.0,,,,,5.0,5,
their man saw the woman.,N,3.0,sg,m,True,Trans,,,True,False,False,False,False,False,1.0,,1.0,,,,,5.0,6,
their man saw the women.,N,3.0,sg,m,True,Trans,,,True,False,False,False,False,False,1.0,,2.0,,,,,5.0,6,
their man saw the book.,N,3.0,sg,m,True,Trans,,,True,False,False,False,False,False,1.0,,1.0,,,,,5.0,6,
their man saw the books.,N,3.0,sg,m,True,Trans,,,True,False,False,False,False,False,1.0,,2.0,,,,,5.0,6,
their man saw every woman.,N,3.0,sg,m,True,Trans,,,True,False,False,False,False,False,1.0,,1.0,,,,,5.0,6,
their man saw all women.,N,3.0,sg,m,True,Trans,,,True,False,False,False,False,False,1.0,,2.0,,,,,5.0,6,
their man saw me.,N,3.0,sg,m,True,Trans,,,True,False,False,False,False,False,1.0,,1.0,,,,,5.0,5,
their man saw you.,N,3.0,sg,m,True,Trans,,,True,False,False,False,False,False,1.0,,1.0,,,,,5.0,5,
their man saw him.,N,3.0,sg,m,True,Trans,,,True,False,False,False,False,False,1.0,,0.0,,,,,5.0,5,
their man saw her.,N,3.0,sg,m,True,Trans,,,True,False,False,False,False,False,1.0,,1.0,,,,,5.0,5,
their man saw it.,N,3.0,sg,m,True,Trans,,,True,False,False,False,False,False,1.0,,1.0,,,,,5.0,5,
their man saw us.,N,3.0,sg,m,True,Trans,,,True,False,False,False,False,False,1.0,,2.0,,,,,5.0,5,
their man saw them.,N,3.0,sg,m,True,Trans,,,True,False,False,False,False,False,1.0,,1.0,,,,,5.0,5,
their women see Mary.,N,3.0,pl,f,True,Trans,,pl,True,False,False,False,False,False,0.0,,1.0,,,,,5.0,5,
their women see John.,N,3.0,pl,f,True,Trans,,pl,True,False,False,False,False,False,0.0,,2.0,,,,,5.0,5,
their women see the man.,N,3.0,pl,f,True,Trans,,pl,True,False,False,False,False,False,0.0,,2.0,,,,,5.0,6,
their women see the men.,N,3.0,pl,f,True,Trans,,pl,True,False,False,False,False,False,0.0,,1.0,,,,,5.0,6,
their women see the book.,N,3.0,pl,f,True,Trans,,pl,True,False,False,False,False,False,0.0,,2.0,,,,,5.0,6,
their women see the books.,N,3.0,pl,f,True,Trans,,pl,True,False,False,False,False,False,0.0,,1.0,,,,,5.0,6,
their women see every man.,N,3.0,pl,f,True,Trans,,pl,True,False,False,False,False,False,0.0,,2.0,,,,,5.0,6,
their women see all men.,N,3.0,pl,f,True,Trans,,pl,True,False,False,False,False,False,0.0,,1.0,,,,,5.0,6,
their women see me.,N,3.0,pl,f,True,Trans,,pl,True,False,False,False,False,False,0.0,,2.0,,,,,5.0,5,
their women see you.,N,3.0,pl,f,True,Trans,,pl,True,False,False,False,False,False,0.0,,1.0,,,,,5.0,5,
their women see him.,N,3.0,pl,f,True,Trans,,pl,True,False,False,False,False,False,0.0,,2.0,,,,,5.0,5,
their women see her.,N,3.0,pl,f,True,Trans,,pl,True,False,False,False,False,False,0.0,,1.0,,,,,5.0,5,
their women see it.,N,3.0,pl,f,True,Trans,,pl,True,False,False,False,False,False,0.0,,2.0,,,,,5.0,5,
their women see us.,N,3.0,pl,f,True,Trans,,pl,True,False,False,False,False,False,0.0,,1.0,,,,,5.0,5,
their women see them.,N,3.0,pl,f,True,Trans,,pl,True,False,False,False,False,False,0.0,,0.0,,,,,5.0,5,
their women saw Mary.,N,3.0,pl,f,True,Trans,,,True,False,False,False,False,False,0.0,,1.0,,,,,5.0,5,
their women saw John.,N,3.0,pl,f,True,Trans,,,True,False,False,False,False,False,0.0,,2.0,,,,,5.0,5,
their women saw the man.,N,3.0,pl,f,True,Trans,,,True,False,False,False,False,False,0.0,,2.0,,,,,5.0,6,
their women saw the men.,N,3.0,pl,f,True,Trans,,,True,False,False,False,False,False,0.0,,1.0,,,,,5.0,6,
their women saw the book.,N,3.0,pl,f,True,Trans,,,True,False,False,False,False,False,0.0,,2.0,,,,,5.0,6,
their women saw the books.,N,3.0,pl,f,True,Trans,,,True,False,False,False,False,False,0.0,,1.0,,,,,5.0,6,
their women saw every man.,N,3.0,pl,f,True,Trans,,,True,False,False,False,False,False,0.0,,2.0,,,,,5.0,6,
their women saw all men.,N,3.0,pl,f,True,Trans,,,True,False,False,False,False,False,0.0,,1.0,,,,,5.0,6,
their women saw me.,N,3.0,pl,f,True,Trans,,,True,False,False,False,False,False,0.0,,2.0,,,,,5.0,5,
their women saw you.,N,3.0,pl,f,True,Trans,,,True,False,False,False,False,False,0.0,,1.0,,,,,5.0,5,
their women saw him.,N,3.0,pl,f,True,Trans,,,True,False,False,False,False,False,0.0,,2.0,,,,,5.0,5,
their women saw her.,N,3.0,pl,f,True,Trans,,,True,False,False,False,False,False,0.0,,1.0,,,,,5.0,5,
their women saw it.,N,3.0,pl,f,True,Trans,,,True,False,False,False,False,False,0.0,,2.0,,,,,5.0,5,
their women saw us.,N,3.0,pl,f,True,Trans,,,True,False,False,False,False,False,0.0,,1.0,,,,,5.0,5,
their women saw them.,N,3.0,pl,f,True,Trans,,,True,False,False,False,False,False,0.0,,0.0,,,,,5.0,5,
their men see Mary.,N,3.0,pl,m,True,Trans,,pl,True,False,False,False,False,False,0.0,,2.0,,,,,5.0,5,
their men see John.,N,3.0,pl,m,True,Trans,,pl,True,False,False,False,False,False,0.0,,1.0,,,,,5.0,5,
their men see the woman.,N,3.0,pl,m,True,Trans,,pl,True,False,False,False,False,False,0.0,,2.0,,,,,5.0,6,
their men see the women.,N,3.0,pl,m,True,Trans,,pl,True,False,False,False,False,False,0.0,,1.0,,,,,5.0,6,
their men see the book.,N,3.0,pl,m,True,Trans,,pl,True,False,False,False,False,False,0.0,,2.0,,,,,5.0,6,
their men see the books.,N,3.0,pl,m,True,Trans,,pl,True,False,False,False,False,False,0.0,,1.0,,,,,5.0,6,
their men see every woman.,N,3.0,pl,m,True,Trans,,pl,True,False,False,False,False,False,0.0,,2.0,,,,,5.0,6,
their men see all women.,N,3.0,pl,m,True,Trans,,pl,True,False,False,False,False,False,0.0,,1.0,,,,,5.0,6,
their men see me.,N,3.0,pl,m,True,Trans,,pl,True,False,False,False,False,False,0.0,,2.0,,,,,5.0,5,
their men see you.,N,3.0,pl,m,True,Trans,,pl,True,False,False,False,False,False,0.0,,1.0,,,,,5.0,5,
their men see him.,N,3.0,pl,m,True,Trans,,pl,True,False,False,False,False,False,0.0,,1.0,,,,,5.0,5,
their men see her.,N,3.0,pl,m,True,Trans,,pl,True,False,False,False,False,False,0.0,,2.0,,,,,5.0,5,
their men see it.,N,3.0,pl,m,True,Trans,,pl,True,False,False,False,False,False,0.0,,2.0,,,,,5.0,5,
their men see us.,N,3.0,pl,m,True,Trans,,pl,True,False,False,False,False,False,0.0,,1.0,,,,,5.0,5,
their men see them.,N,3.0,pl,m,True,Trans,,pl,True,False,False,False,False,False,0.0,,0.0,,,,,5.0,5,
their men saw Mary.,N,3.0,pl,m,True,Trans,,,True,False,False,False,False,False,0.0,,2.0,,,,,5.0,5,
their men saw John.,N,3.0,pl,m,True,Trans,,,True,False,False,False,False,False,0.0,,1.0,,,,,5.0,5,
their men saw the woman.,N,3.0,pl,m,True,Trans,,,True,False,False,False,False,False,0.0,,2.0,,,,,5.0,6,
their men saw the women.,N,3.0,pl,m,True,Trans,,,True,False,False,False,False,False,0.0,,1.0,,,,,5.0,6,
their men saw the book.,N,3.0,pl,m,True,Trans,,,True,False,False,False,False,False,0.0,,2.0,,,,,5.0,6,
their men saw the books.,N,3.0,pl,m,True,Trans,,,True,False,False,False,False,False,0.0,,1.0,,,,,5.0,6,
their men saw every woman.,N,3.0,pl,m,True,Trans,,,True,False,False,False,False,False,0.0,,2.0,,,,,5.0,6,
their men saw all women.,N,3.0,pl,m,True,Trans,,,True,False,False,False,False,False,0.0,,1.0,,,,,5.0,6,
their men saw me.,N,3.0,pl,m,True,Trans,,,True,False,False,False,False,False,0.0,,2.0,,,,,5.0,5,
their men saw you.,N,3.0,pl,m,True,Trans,,,True,False,False,False,False,False,0.0,,1.0,,,,,5.0,5,
their men saw him.,N,3.0,pl,m,True,Trans,,,True,False,False,False,False,False,0.0,,1.0,,,,,5.0,5,
their men saw her.,N,3.0,pl,m,True,Trans,,,True,False,False,False,False,False,0.0,,2.0,,,,,5.0,5,
their men saw it.,N,3.0,pl,m,True,Trans,,,True,False,False,False,False,False,0.0,,2.0,,,,,5.0,5,
their men saw us.,N,3.0,pl,m,True,Trans,,,True,False,False,False,False,False,0.0,,1.0,,,,,5.0,5,
their men saw them.,N,3.0,pl,m,True,Trans,,,True,False,False,False,False,False,0.0,,0.0,,,,,5.0,5,
do the women see the man?,N,3.0,pl,f,True,Trans,,,False,True,False,False,False,False,,,2.0,,,whether,,5.0,7,
do the women see the men?,N,3.0,pl,f,True,Trans,,,False,True,False,False,False,False,,,1.0,,,whether,,5.0,7,
do the women see the book?,N,3.0,pl,f,True,Trans,,,False,True,False,False,False,False,,,2.0,,,whether,,5.0,7,
do the women see the books?,N,3.0,pl,f,True,Trans,,,False,True,False,False,False,False,,,1.0,,,whether,,5.0,7,
do the men see the woman?,N,3.0,pl,m,True,Trans,,,False,True,False,False,False,False,,,2.0,,,whether,,5.0,7,
do the men see the women?,N,3.0,pl,m,True,Trans,,,False,True,False,False,False,False,,,1.0,,,whether,,5.0,7,
do the men see the book?,N,3.0,pl,m,True,Trans,,,False,True,False,False,False,False,,,2.0,,,whether,,5.0,7,
do the men see the books?,N,3.0,pl,m,True,Trans,,,False,True,False,False,False,False,,,1.0,,,whether,,5.0,7,
does the woman see the man?,N,3.0,sg,f,True,Trans,,,False,True,False,False,False,False,,,1.0,,,whether,,5.0,7,
does the woman see the men?,N,3.0,sg,f,True,Trans,,,False,True,False,False,False,False,,,2.0,,,whether,,5.0,7,
does the woman see the book?,N,3.0,sg,f,True,Trans,,,False,True,False,False,False,False,,,1.0,,,whether,,5.0,7,
does the woman see the books?,N,3.0,sg,f,True,Trans,,,False,True,False,False,False,False,,,2.0,,,whether,,5.0,7,
does the man see the woman?,N,3.0,sg,m,True,Trans,,,False,True,False,False,False,False,,,1.0,,,whether,,5.0,7,
does the man see the women?,N,3.0,sg,m,True,Trans,,,False,True,False,False,False,False,,,2.0,,,whether,,5.0,7,
does the man see the book?,N,3.0,sg,m,True,Trans,,,False,True,False,False,False,False,,,1.0,,,whether,,5.0,7,
does the man see the books?,N,3.0,sg,m,True,Trans,,,False,True,False,False,False,False,,,2.0,,,whether,,5.0,7,
did the woman see the man?,N,3.0,sg,f,True,Trans,,,False,True,False,False,False,False,,,1.0,,,whether,,5.0,7,
did the woman see the men?,N,3.0,sg,f,True,Trans,,,False,True,False,False,False,False,,,2.0,,,whether,,5.0,7,
did the woman see the book?,N,3.0,sg,f,True,Trans,,,False,True,False,False,False,False,,,1.0,,,whether,,5.0,7,
did the woman see the books?,N,3.0,sg,f,True,Trans,,,False,True,False,False,False,False,,,2.0,,,whether,,5.0,7,
did the man see the woman?,N,3.0,sg,m,True,Trans,,,False,True,False,False,False,False,,,1.0,,,whether,,5.0,7,
did the man see the women?,N,3.0,sg,m,True,Trans,,,False,True,False,False,False,False,,,2.0,,,whether,,5.0,7,
did the man see the book?,N,3.0,sg,m,True,Trans,,,False,True,False,False,False,False,,,1.0,,,whether,,5.0,7,
did the man see the books?,N,3.0,sg,m,True,Trans,,,False,True,False,False,False,False,,,2.0,,,whether,,5.0,7,
did the women see the man?,N,3.0,pl,f,True,Trans,,,False,True,False,False,False,False,,,2.0,,,whether,,5.0,7,
did the women see the men?,N,3.0,pl,f,True,Trans,,,False,True,False,False,False,False,,,1.0,,,whether,,5.0,7,
did the women see the book?,N,3.0,pl,f,True,Trans,,,False,True,False,False,False,False,,,2.0,,,whether,,5.0,7,
did the women see the books?,N,3.0,pl,f,True,Trans,,,False,True,False,False,False,False,,,1.0,,,whether,,5.0,7,
did the men see the woman?,N,3.0,pl,m,True,Trans,,,False,True,False,False,False,False,,,2.0,,,whether,,5.0,7,
did the men see the women?,N,3.0,pl,m,True,Trans,,,False,True,False,False,False,False,,,1.0,,,whether,,5.0,7,
did the men see the book?,N,3.0,pl,m,True,Trans,,,False,True,False,False,False,False,,,2.0,,,whether,,5.0,7,
did the men see the books?,N,3.0,pl,m,True,Trans,,,False,True,False,False,False,False,,,1.0,,,whether,,5.0,7,
who plays?,who,,,,True,Intrans,3.0,sg,True,True,False,False,False,False,,,,,,subjwho,,5.0,3,
who played?,who,,,,True,Intrans,,,True,True,False,False,False,False,,,,,,subjwho,,5.0,3,
who falls?,who,,,,True,Intrans,3.0,sg,True,True,False,False,False,False,,,,,,subjwho,,5.0,3,
who fell?,who,,,,True,Intrans,,,True,True,False,False,False,False,,,,,,subjwho,,5.0,3,
who sees the woman?,who,,,,True,Trans,3.0,sg,True,True,False,False,False,False,,,0.0,,,subjwho,,5.0,5,
who sees the man?,who,,,,True,Trans,3.0,sg,True,True,False,False,False,False,,,0.0,,,subjwho,,5.0,5,
who sees the women?,who,,,,True,Trans,3.0,sg,True,True,False,False,False,False,,,0.0,,,subjwho,,5.0,5,
who sees the men?,who,,,,True,Trans,3.0,sg,True,True,False,False,False,False,,,0.0,,,subjwho,,5.0,5,
who sees the book?,who,,,,True,Trans,3.0,sg,True,True,False,False,False,False,,,1.0,,,subjwho,,5.0,5,
who sees the books?,who,,,,True,Trans,3.0,sg,True,True,False,False,False,False,,,1.0,,,subjwho,,5.0,5,
who saw the woman?,who,,,,True,Trans,,,True,True,False,False,False,False,,,0.0,,,subjwho,,5.0,5,
who saw the man?,who,,,,True,Trans,,,True,True,False,False,False,False,,,0.0,,,subjwho,,5.0,5,
who saw the women?,who,,,,True,Trans,,,True,True,False,False,False,False,,,0.0,,,subjwho,,5.0,5,
who saw the men?,who,,,,True,Trans,,,True,True,False,False,False,False,,,0.0,,,subjwho,,5.0,5,
who saw the book?,who,,,,True,Trans,,,True,True,False,False,False,False,,,1.0,,,subjwho,,5.0,5,
who saw the books?,who,,,,True,Trans,,,True,True,False,False,False,False,,,1.0,,,subjwho,,5.0,5,
which woman plays?,N,3.0,sg,f,True,Intrans,3.0,sg,True,True,False,False,False,False,,,,,,subjwhich,,5.0,4,
which woman played?,N,3.0,sg,f,True,Intrans,,,True,True,False,False,False,False,,,,,,subjwhich,,5.0,4,
which woman falls?,N,3.0,sg,f,True,Intrans,3.0,sg,True,True,False,False,False,False,,,,,,subjwhich,,4.0,4,
which woman fell?,N,3.0,sg,f,True,Intrans,,,True,True,False,False,False,False,,,,,,subjwhich,,5.0,4,
which woman sees the man?,N,3.0,sg,f,True,Trans,3.0,sg,True,True,False,False,False,False,,,1.0,,,subjwhich,,4.0,6,
which woman sees the men?,N,3.0,sg,f,True,Trans,3.0,sg,True,True,False,False,False,False,,,2.0,,,subjwhich,,4.0,6,
which woman sees the book?,N,3.0,sg,f,True,Trans,3.0,sg,True,True,False,False,False,False,,,1.0,,,subjwhich,,4.0,6,
which woman sees the books?,N,3.0,sg,f,True,Trans,3.0,sg,True,True,False,False,False,False,,,2.0,,,subjwhich,,4.0,6,
which woman saw the man?,N,3.0,sg,f,True,Trans,,,True,True,False,False,False,False,,,1.0,,,subjwhich,,5.0,6,
which woman saw the men?,N,3.0,sg,f,True,Trans,,,True,True,False,False,False,False,,,2.0,,,subjwhich,,5.0,6,
which woman saw the book?,N,3.0,sg,f,True,Trans,,,True,True,False,False,False,False,,,1.0,,,subjwhich,,5.0,6,
which woman saw the books?,N,3.0,sg,f,True,Trans,,,True,True,False,False,False,False,,,2.0,,,subjwhich,,5.0,6,
which man plays?,N,3.0,sg,m,True,Intrans,3.0,sg,True,True,False,False,False,False,,,,,,subjwhich,,5.0,4,
which man played?,N,3.0,sg,m,True,Intrans,,,True,True,False,False,False,False,,,,,,subjwhich,,5.0,4,
which man falls?,N,3.0,sg,m,True,Intrans,3.0,sg,True,True,False,False,False,False,,,,,,subjwhich,,5.0,4,
which man fell?,N,3.0,sg,m,True,Intrans,,,True,True,False,False,False,False,,,,,,subjwhich,,5.0,4,
which man sees the woman?,N,3.0,sg,m,True,Trans,3.0,sg,True,True,False,False,False,False,,,1.0,,,subjwhich,,5.0,6,
which man sees the women?,N,3.0,sg,m,True,Trans,3.0,sg,True,True,False,False,False,False,,,2.0,,,subjwhich,,5.0,6,
which man sees the book?,N,3.0,sg,m,True,Trans,3.0,sg,True,True,False,False,False,False,,,1.0,,,subjwhich,,5.0,6,
which man sees the books?,N,3.0,sg,m,True,Trans,3.0,sg,True,True,False,False,False,False,,,2.0,,,subjwhich,,5.0,6,
which man saw the woman?,N,3.0,sg,m,True,Trans,,,True,True,False,False,False,False,,,1.0,,,subjwhich,,5.0,6,
which man saw the women?,N,3.0,sg,m,True,Trans,,,True,True,False,False,False,False,,,2.0,,,subjwhich,,5.0,6,
which man saw the book?,N,3.0,sg,m,True,Trans,,,True,True,False,False,False,False,,,1.0,,,subjwhich,,5.0,6,
which man saw the books?,N,3.0,sg,m,True,Trans,,,True,True,False,False,False,False,,,2.0,,,subjwhich,,5.0,6,
which women play?,N,3.0,pl,f,True,Intrans,,pl,True,True,False,False,False,False,,,,,,subjwhich,,5.0,4,
which women played?,N,3.0,pl,f,True,Intrans,,,True,True,False,False,False,False,,,,,,subjwhich,,5.0,4,
which women fall?,N,3.0,pl,f,True,Intrans,,pl,True,True,False,False,False,False,,,,,,subjwhich,,5.0,4,
which women fell?,N,3.0,pl,f,True,Intrans,,,True,True,False,False,False,False,,,,,,subjwhich,,5.0,4,
which women see the man?,N,3.0,pl,f,True,Trans,,pl,True,True,False,False,False,False,,,2.0,,,subjwhich,,5.0,6,
which women see the men?,N,3.0,pl,f,True,Trans,,pl,True,True,False,False,False,False,,,1.0,,,subjwhich,,5.0,6,
which women see the book?,N,3.0,pl,f,True,Trans,,pl,True,True,False,False,False,False,,,2.0,,,subjwhich,,5.0,6,
which women see the books?,N,3.0,pl,f,True,Trans,,pl,True,True,False,False,False,False,,,1.0,,,subjwhich,,5.0,6,
which women saw the man?,N,3.0,pl,f,True,Trans,,,True,True,False,False,False,False,,,2.0,,,subjwhich,,5.0,6,
which women saw the men?,N,3.0,pl,f,True,Trans,,,True,True,False,False,False,False,,,1.0,,,subjwhich,,5.0,6,
which women saw the book?,N,3.0,pl,f,True,Trans,,,True,True,False,False,False,False,,,2.0,,,subjwhich,,5.0,6,
which women saw the books?,N,3.0,pl,f,True,Trans,,,True,True,False,False,False,False,,,1.0,,,subjwhich,,5.0,6,
which men play?,N,3.0,pl,m,True,Intrans,,pl,True,True,False,False,False,False,,,,,,subjwhich,,5.0,4,
which men played?,N,3.0,pl,m,True,Intrans,,,True,True,False,False,False,False,,,,,,subjwhich,,5.0,4,
which men fall?,N,3.0,pl,m,True,Intrans,,pl,True,True,False,False,False,False,,,,,,subjwhich,,5.0,4,
which men fell?,N,3.0,pl,m,True,Intrans,,,True,True,False,False,False,False,,,,,,subjwhich,,5.0,4,
which men see the woman?,N,3.0,pl,m,True,Trans,,pl,True,True,False,False,False,False,,,2.0,,,subjwhich,,5.0,6,
which men see the women?,N,3.0,pl,m,True,Trans,,pl,True,True,False,False,False,False,,,1.0,,,subjwhich,,5.0,6,
which men see the book?,N,3.0,pl,m,True,Trans,,pl,True,True,False,False,False,False,,,2.0,,,subjwhich,,5.0,6,
which men see the books?,N,3.0,pl,m,True,Trans,,pl,True,True,False,False,False,False,,,1.0,,,subjwhich,,5.0,6,
which men saw the woman?,N,3.0,pl,m,True,Trans,,,True,True,False,False,False,False,,,2.0,,,subjwhich,,5.0,6,
which men saw the women?,N,3.0,pl,m,True,Trans,,,True,True,False,False,False,False,,,1.0,,,subjwhich,,5.0,6,
which men saw the book?,N,3.0,pl,m,True,Trans,,,True,True,False,False,False,False,,,2.0,,,subjwhich,,5.0,6,
which men saw the books?,N,3.0,pl,m,True,Trans,,,True,True,False,False,False,False,,,1.0,,,subjwhich,,5.0,6,
which book fell?,N,3.0,sg,,False,Intrans,,,True,True,False,False,False,False,,,,,,subjwhich,,5.0,4,
which books fell?,N,3.0,pl,,False,Intrans,,,True,True,False,False,False,False,,,,,,subjwhich,,5.0,4,
who do the women see?,N,3.0,pl,f,True,Trans,,,False,True,False,False,False,False,,,0.0,,,objwho,,5.0,6,
who do the men see?,N,3.0,pl,m,True,Trans,,,False,True,False,False,False,False,,,0.0,,,objwho,,5.0,6,
who does the woman see?,N,3.0,sg,f,True,Trans,,,False,True,False,False,False,False,,,0.0,,,objwho,,5.0,6,
who does the man see?,N,3.0,sg,m,True,Trans,,,False,True,False,False,False,False,,,0.0,,,objwho,,5.0,6,
who did the woman see?,N,3.0,sg,f,True,Trans,,,False,True,False,False,False,False,,,0.0,,,objwho,,5.0,6,
who did the man see?,N,3.0,sg,m,True,Trans,,,False,True,False,False,False,False,,,0.0,,,objwho,,5.0,6,
who did the women see?,N,3.0,pl,f,True,Trans,,,False,True,False,False,False,False,,,0.0,,,objwho,,5.0,6,
who did the men see?,N,3.0,pl,m,True,Trans,,,False,True,False,False,False,False,,,0.0,,,objwho,,5.0,6,
whom do the women see?,N,3.0,pl,f,True,Trans,,,False,True,False,False,False,False,,,0.0,,,objwho,,5.0,6,
whom do the men see?,N,3.0,pl,m,True,Trans,,,False,True,False,False,False,False,,,0.0,,,objwho,,5.0,6,
whom does the woman see?,N,3.0,sg,f,True,Trans,,,False,True,False,False,False,False,,,0.0,,,objwho,,5.0,6,
whom does the man see?,N,3.0,sg,m,True,Trans,,,False,True,False,False,False,False,,,0.0,,,objwho,,5.0,6,
whom did the woman see?,N,3.0,sg,f,True,Trans,,,False,True,False,False,False,False,,,0.0,,,objwho,,5.0,6,
whom did the man see?,N,3.0,sg,m,True,Trans,,,False,True,False,False,False,False,,,0.0,,,objwho,,5.0,6,
whom did the women see?,N,3.0,pl,f,True,Trans,,,False,True,False,False,False,False,,,0.0,,,objwho,,5.0,6,
whom did the men see?,N,3.0,pl,m,True,Trans,,,False,True,False,False,False,False,,,0.0,,,objwho,,5.0,6,
which woman do the men see?,N,3.0,pl,m,True,Trans,,,False,True,False,False,False,False,,,2.0,,,objwhich,,5.0,7,
which woman did the men see?,N,3.0,pl,m,True,Trans,,,False,True,False,False,False,False,,,2.0,,,objwhich,,5.0,7,
which man do the women see?,N,3.0,pl,f,True,Trans,,,False,True,False,False,False,False,,,2.0,,,objwhich,,5.0,7,
which man did the women see?,N,3.0,pl,f,True,Trans,,,False,True,False,False,False,False,,,2.0,,,objwhich,,5.0,7,
which women do the men see?,N,3.0,pl,m,True,Trans,,,False,True,False,False,False,False,,,1.0,,,objwhich,,5.0,7,
which women did the men see?,N,3.0,pl,m,True,Trans,,,False,True,False,False,False,False,,,1.0,,,objwhich,,5.0,7,
which men do the women see?,N,3.0,pl,f,True,Trans,,,False,True,False,False,False,False,,,1.0,,,objwhich,,5.0,7,
which men did the women see?,N,3.0,pl,f,True,Trans,,,False,True,False,False,False,False,,,1.0,,,objwhich,,5.0,7,
which book do the women see?,N,3.0,pl,f,True,Trans,,,False,True,False,False,False,False,,,2.0,,,objwhich,,5.0,7,
which book do the men see?,N,3.0,pl,m,True,Trans,,,False,True,False,False,False,False,,,2.0,,,objwhich,,5.0,7,
which book did the women see?,N,3.0,pl,f,True,Trans,,,False,True,False,False,False,False,,,2.0,,,objwhich,,5.0,7,
which book did the men see?,N,3.0,pl,m,True,Trans,,,False,True,False,False,False,False,,,2.0,,,objwhich,,5.0,7,
which books do the women see?,N,3.0,pl,f,True,Trans,,,False,True,False,False,False,False,,,1.0,,,objwhich,,5.0,7,
which books do the men see?,N,3.0,pl,m,True,Trans,,,False,True,False,False,False,False,,,1.0,,,objwhich,,5.0,7,
which books did the women see?,N,3.0,pl,f,True,Trans,,,False,True,False,False,False,False,,,1.0,,,objwhich,,5.0,7,
which books did the men see?,N,3.0,pl,m,True,Trans,,,False,True,False,False,False,False,,,1.0,,,objwhich,,5.0,7,
the woman knows that the man plays.,N,3.0,sg,f,True,Matrix,3.0,sg,True,False,True,False,False,False,,,,1.0,That,that,,5.0,8,
the woman knows that the man played.,N,3.0,sg,f,True,Matrix,3.0,sg,True,False,True,False,False,False,,,,1.0,That,that,,5.0,8,
the woman knows that the man falls.,N,3.0,sg,f,True,Matrix,3.0,sg,True,False,True,False,False,False,,,,1.0,That,that,,5.0,8,
the woman knows that the man fell.,N,3.0,sg,f,True,Matrix,3.0,sg,True,False,True,False,False,False,,,,1.0,That,that,,5.0,8,
the woman knows that the man sees the book.,N,3.0,sg,f,True,Matrix,3.0,sg,True,False,True,False,False,False,,,,1.0,That,that,,5.0,10,
the woman knows that the man sees the books.,N,3.0,sg,f,True,Matrix,3.0,sg,True,False,True,False,False,False,,,,1.0,That,that,,5.0,10,
the woman knows that the man saw the book.,N,3.0,sg,f,True,Matrix,3.0,sg,True,False,True,False,False,False,,,,1.0,That,that,,5.0,10,
the woman knows that the man saw the books.,N,3.0,sg,f,True,Matrix,3.0,sg,True,False,True,False,False,False,,,,1.0,That,that,,5.0,10,
the woman knows that the men play.,N,3.0,sg,f,True,Matrix,3.0,sg,True,False,True,False,False,False,,,,2.0,That,that,,5.0,8,
the woman knows that the men played.,N,3.0,sg,f,True,Matrix,3.0,sg,True,False,True,False,False,False,,,,2.0,That,that,,5.0,8,
the woman knows that the men fall.,N,3.0,sg,f,True,Matrix,3.0,sg,True,False,True,False,False,False,,,,2.0,That,that,,5.0,8,
the woman knows that the men fell.,N,3.0,sg,f,True,Matrix,3.0,sg,True,False,True,False,False,False,,,,2.0,That,that,,5.0,8,
the woman knows that the men see the book.,N,3.0,sg,f,True,Matrix,3.0,sg,True,False,True,False,False,False,,,,2.0,That,that,,5.0,10,
the woman knows that the men see the books.,N,3.0,sg,f,True,Matrix,3.0,sg,True,False,True,False,False,False,,,,2.0,That,that,,5.0,10,
the woman knows that the men saw the book.,N,3.0,sg,f,True,Matrix,3.0,sg,True,False,True,False,False,False,,,,2.0,That,that,,5.0,10,
the woman knows that the men saw the books.,N,3.0,sg,f,True,Matrix,3.0,sg,True,False,True,False,False,False,,,,2.0,That,that,,5.0,10,
the woman knows that the book fell.,N,3.0,sg,f,True,Matrix,3.0,sg,True,False,True,False,False,False,,,,1.0,That,that,,5.0,8,
the woman knows that the books fell.,N,3.0,sg,f,True,Matrix,3.0,sg,True,False,True,False,False,False,,,,2.0,That,that,,5.0,8,
the woman knows whether the man plays.,N,3.0,sg,f,True,Matrix,3.0,sg,True,False,True,False,False,False,,,,1.0,Whether,whether,,5.0,8,
the woman knows whether the man played.,N,3.0,sg,f,True,Matrix,3.0,sg,True,False,True,False,False,False,,,,1.0,Whether,whether,,5.0,8,
the woman knows whether the man falls.,N,3.0,sg,f,True,Matrix,3.0,sg,True,False,True,False,False,False,,,,1.0,Whether,whether,,5.0,8,
the woman knows whether the man fell.,N,3.0,sg,f,True,Matrix,3.0,sg,True,False,True,False,False,False,,,,1.0,Whether,whether,,5.0,8,
the woman knows whether the man sees the book.,N,3.0,sg,f,True,Matrix,3.0,sg,True,False,True,False,False,False,,,,1.0,Whether,whether,,5.0,10,
the woman knows whether the man sees the books.,N,3.0,sg,f,True,Matrix,3.0,sg,True,False,True,False,False,False,,,,1.0,Whether,whether,,5.0,10,
the woman knows whether the man saw the book.,N,3.0,sg,f,True,Matrix,3.0,sg,True,False,True,False,False,False,,,,1.0,Whether,whether,,5.0,10,
the woman knows whether the man saw the books.,N,3.0,sg,f,True,Matrix,3.0,sg,True,False,True,False,False,False,,,,1.0,Whether,whether,,5.0,10,
the woman knows whether the men play.,N,3.0,sg,f,True,Matrix,3.0,sg,True,False,True,False,False,False,,,,2.0,Whether,whether,,5.0,8,
the woman knows whether the men played.,N,3.0,sg,f,True,Matrix,3.0,sg,True,False,True,False,False,False,,,,2.0,Whether,whether,,5.0,8,
the woman knows whether the men fall.,N,3.0,sg,f,True,Matrix,3.0,sg,True,False,True,False,False,False,,,,2.0,Whether,whether,,5.0,8,
the woman knows whether the men fell.,N,3.0,sg,f,True,Matrix,3.0,sg,True,False,True,False,False,False,,,,2.0,Whether,whether,,5.0,8,
the woman knows whether the men see the book.,N,3.0,sg,f,True,Matrix,3.0,sg,True,False,True,False,False,False,,,,2.0,Whether,whether,,5.0,10,
the woman knows whether the men see the books.,N,3.0,sg,f,True,Matrix,3.0,sg,True,False,True,False,False,False,,,,2.0,Whether,whether,,5.0,10,
the woman knows whether the men saw the book.,N,3.0,sg,f,True,Matrix,3.0,sg,True,False,True,False,False,False,,,,2.0,Whether,whether,,5.0,10,
the woman knows whether the men saw the books.,N,3.0,sg,f,True,Matrix,3.0,sg,True,False,True,False,False,False,,,,2.0,Whether,whether,,5.0,10,
the woman knows whether the book fell.,N,3.0,sg,f,True,Matrix,3.0,sg,True,False,True,False,False,False,,,,1.0,Whether,whether,,5.0,8,
the woman knows whether the books fell.,N,3.0,sg,f,True,Matrix,3.0,sg,True,False,True,False,False,False,,,,2.0,Whether,whether,,5.0,8,
the woman knows who plays.,who,3.0,sg,f,True,Matrix,3.0,sg,True,False,True,False,False,False,,,,,,subjwho,,5.0,6,
the woman knows who played.,who,3.0,sg,f,True,Matrix,3.0,sg,True,False,True,False,False,False,,,,,,subjwho,,5.0,6,
the woman knows who falls.,who,3.0,sg,f,True,Matrix,3.0,sg,True,False,True,False,False,False,,,,,,subjwho,,5.0,6,
the woman knows who fell.,who,3.0,sg,f,True,Matrix,3.0,sg,True,False,True,False,False,False,,,,,,subjwho,,5.0,6,
the woman knows who sees the man.,who,3.0,sg,f,True,Matrix,3.0,sg,True,False,True,False,False,False,,,,,,subjwho,,5.0,8,
the woman knows who sees the men.,who,3.0,sg,f,True,Matrix,3.0,sg,True,False,True,False,False,False,,,,,,subjwho,,5.0,8,
the woman knows who sees the book.,who,3.0,sg,f,True,Matrix,3.0,sg,True,False,True,False,False,False,,,,,,subjwho,,5.0,8,
the woman knows who sees the books.,who,3.0,sg,f,True,Matrix,3.0,sg,True,False,True,False,False,False,,,,,,subjwho,,5.0,8,
the woman knows who saw the man.,who,3.0,sg,f,True,Matrix,3.0,sg,True,False,True,False,False,False,,,,,,subjwho,,5.0,8,
the woman knows who saw the men.,who,3.0,sg,f,True,Matrix,3.0,sg,True,False,True,False,False,False,,,,,,subjwho,,5.0,8,
the woman knows who saw the book.,who,3.0,sg,f,True,Matrix,3.0,sg,True,False,True,False,False,False,,,,,,subjwho,,5.0,8,
the woman knows who saw the books.,who,3.0,sg,f,True,Matrix,3.0,sg,True,False,True,False,False,False,,,,,,subjwho,,5.0,8,
the woman knows which man plays.,which,3.0,sg,f,True,Matrix,3.0,sg,True,False,True,False,False,False,,,,1.0,,subjwhich,,5.0,7,
the woman knows which man played.,which,3.0,sg,f,True,Matrix,3.0,sg,True,False,True,False,False,False,,,,1.0,,subjwhich,,5.0,7,
the woman knows which man falls.,which,3.0,sg,f,True,Matrix,3.0,sg,True,False,True,False,False,False,,,,1.0,,subjwhich,,5.0,7,
the woman knows which man fell.,which,3.0,sg,f,True,Matrix,3.0,sg,True,False,True,False,False,False,,,,1.0,,subjwhich,,5.0,7,
the woman knows which man sees the book.,which,3.0,sg,f,True,Matrix,3.0,sg,True,False,True,False,False,False,,,,1.0,,subjwhich,,5.0,9,
the woman knows which man sees the books.,which,3.0,sg,f,True,Matrix,3.0,sg,True,False,True,False,False,False,,,,1.0,,subjwhich,,5.0,9,
the woman knows which man saw the book.,which,3.0,sg,f,True,Matrix,3.0,sg,True,False,True,False,False,False,,,,1.0,,subjwhich,,5.0,9,
the woman knows which man saw the books.,which,3.0,sg,f,True,Matrix,3.0,sg,True,False,True,False,False,False,,,,1.0,,subjwhich,,5.0,9,
the woman knows which men play.,which,3.0,sg,f,True,Matrix,3.0,sg,True,False,True,False,False,False,,,,2.0,,subjwhich,,5.0,7,
the woman knows which men played.,which,3.0,sg,f,True,Matrix,3.0,sg,True,False,True,False,False,False,,,,2.0,,subjwhich,,5.0,7,
the woman knows which men fall.,which,3.0,sg,f,True,Matrix,3.0,sg,True,False,True,False,False,False,,,,2.0,,subjwhich,,5.0,7,
the woman knows which men fell.,which,3.0,sg,f,True,Matrix,3.0,sg,True,False,True,False,False,False,,,,2.0,,subjwhich,,5.0,7,
the woman knows which men see the book.,which,3.0,sg,f,True,Matrix,3.0,sg,True,False,True,False,False,False,,,,2.0,,subjwhich,,5.0,9,
the woman knows which men see the books.,which,3.0,sg,f,True,Matrix,3.0,sg,True,False,True,False,False,False,,,,2.0,,subjwhich,,5.0,9,
the woman knows which men saw the book.,which,3.0,sg,f,True,Matrix,3.0,sg,True,False,True,False,False,False,,,,2.0,,subjwhich,,5.0,9,
the woman knows which men saw the books.,which,3.0,sg,f,True,Matrix,3.0,sg,True,False,True,False,False,False,,,,2.0,,subjwhich,,5.0,9,
the woman knows which book fell.,which,3.0,sg,f,True,Matrix,3.0,sg,True,False,True,False,False,False,,,,1.0,,subjwhich,,5.0,7,
the woman knows which books fell.,which,3.0,sg,f,True,Matrix,3.0,sg,True,False,True,False,False,False,,,,2.0,,subjwhich,,5.0,7,
the woman knows who the man sees.,N,3.0,sg,m,True,Trans,3.0,sg,True,False,True,False,False,False,,,0.0,,,objwho,,5.0,8,
the woman knows who the man saw.,N,3.0,sg,m,True,Trans,3.0,sg,True,False,True,False,False,False,,,0.0,,,objwho,,5.0,8,
the woman knows who the men see.,N,3.0,pl,m,True,Trans,3.0,pl,True,False,True,False,False,False,,,0.0,,,objwho,,5.0,8,
the woman knows who the men saw.,N,3.0,pl,m,True,Trans,3.0,sg,True,False,True,False,False,False,,,0.0,,,objwho,,5.0,8,
the woman knows whom the man sees.,N,3.0,sg,m,True,Trans,3.0,sg,True,False,True,False,False,False,,,0.0,,,objwho,,5.0,8,
the woman knows whom the man saw.,N,3.0,sg,m,True,Trans,3.0,sg,True,False,True,False,False,False,,,0.0,,,objwho,,5.0,8,
the woman knows whom the men see.,N,3.0,pl,m,True,Trans,3.0,pl,True,False,True,False,False,False,,,0.0,,,objwho,,5.0,8,
the woman knows whom the men saw.,N,3.0,pl,m,True,Trans,3.0,sg,True,False,True,False,False,False,,,0.0,,,objwho,,5.0,8,
the woman knows which book the man sees.,N,3.0,sg,m,True,Trans,3.0,sg,True,False,True,False,False,False,,,1.0,,,objwhich,,5.0,9,
the woman knows which book the man saw.,N,3.0,sg,m,True,Trans,3.0,sg,True,False,True,False,False,False,,,1.0,,,objwhich,,5.0,9,
the woman knows which book the men see.,N,3.0,pl,m,True,Trans,3.0,pl,True,False,True,False,False,False,,,2.0,,,objwhich,,5.0,9,
the woman knows which book the men saw.,N,3.0,pl,m,True,Trans,3.0,sg,True,False,True,False,False,False,,,2.0,,,objwhich,,5.0,9,
the woman knows which books the man sees.,N,3.0,sg,m,True,Trans,3.0,sg,True,False,True,False,False,False,,,2.0,,,objwhich,,5.0,9,
the woman knows which books the man saw.,N,3.0,sg,m,True,Trans,3.0,sg,True,False,True,False,False,False,,,2.0,,,objwhich,,5.0,9,
the woman knows which books the men see.,N,3.0,pl,m,True,Trans,3.0,pl,True,False,True,False,False,False,,,1.0,,,objwhich,,5.0,9,
the woman knows which books the men saw.,N,3.0,pl,m,True,Trans,3.0,sg,True,False,True,False,False,False,,,1.0,,,objwhich,,5.0,9,
the man knows that the woman plays.,N,3.0,sg,m,True,Matrix,3.0,sg,True,False,True,False,False,False,,,,1.0,That,that,,5.0,8,
the man knows that the woman played.,N,3.0,sg,m,True,Matrix,3.0,sg,True,False,True,False,False,False,,,,1.0,That,that,,5.0,8,
the man knows that the woman falls.,N,3.0,sg,m,True,Matrix,3.0,sg,True,False,True,False,False,False,,,,1.0,That,that,,5.0,8,
the man knows that the woman fell.,N,3.0,sg,m,True,Matrix,3.0,sg,True,False,True,False,False,False,,,,1.0,That,that,,5.0,8,
the man knows that the woman sees the book.,N,3.0,sg,m,True,Matrix,3.0,sg,True,False,True,False,False,False,,,,1.0,That,that,,5.0,10,
the man knows that the woman sees the books.,N,3.0,sg,m,True,Matrix,3.0,sg,True,False,True,False,False,False,,,,1.0,That,that,,5.0,10,
the man knows that the woman saw the book.,N,3.0,sg,m,True,Matrix,3.0,sg,True,False,True,False,False,False,,,,1.0,That,that,,5.0,10,
the man knows that the woman saw the books.,N,3.0,sg,m,True,Matrix,3.0,sg,True,False,True,False,False,False,,,,1.0,That,that,,5.0,10,
the man knows that the women play.,N,3.0,sg,m,True,Matrix,3.0,sg,True,False,True,False,False,False,,,,2.0,That,that,,5.0,8,
the man knows that the women played.,N,3.0,sg,m,True,Matrix,3.0,sg,True,False,True,False,False,False,,,,2.0,That,that,,5.0,8,
the man knows that the women fall.,N,3.0,sg,m,True,Matrix,3.0,sg,True,False,True,False,False,False,,,,2.0,That,that,,5.0,8,
the man knows that the women fell.,N,3.0,sg,m,True,Matrix,3.0,sg,True,False,True,False,False,False,,,,2.0,That,that,,5.0,8,
the man knows that the women see the book.,N,3.0,sg,m,True,Matrix,3.0,sg,True,False,True,False,False,False,,,,2.0,That,that,,5.0,10,
the man knows that the women see the books.,N,3.0,sg,m,True,Matrix,3.0,sg,True,False,True,False,False,False,,,,2.0,That,that,,5.0,10,
the man knows that the women saw the book.,N,3.0,sg,m,True,Matrix,3.0,sg,True,False,True,False,False,False,,,,2.0,That,that,,5.0,10,
the man knows that the women saw the books.,N,3.0,sg,m,True,Matrix,3.0,sg,True,False,True,False,False,False,,,,2.0,That,that,,5.0,10,
the man knows that the book fell.,N,3.0,sg,m,True,Matrix,3.0,sg,True,False,True,False,False,False,,,,1.0,That,that,,5.0,8,
the man knows that the books fell.,N,3.0,sg,m,True,Matrix,3.0,sg,True,False,True,False,False,False,,,,2.0,That,that,,5.0,8,
the man knows whether the woman plays.,N,3.0,sg,m,True,Matrix,3.0,sg,True,False,True,False,False,False,,,,1.0,Whether,whether,,5.0,8,
the man knows whether the woman played.,N,3.0,sg,m,True,Matrix,3.0,sg,True,False,True,False,False,False,,,,1.0,Whether,whether,,5.0,8,
the man knows whether the woman falls.,N,3.0,sg,m,True,Matrix,3.0,sg,True,False,True,False,False,False,,,,1.0,Whether,whether,,5.0,8,
the man knows whether the woman fell.,N,3.0,sg,m,True,Matrix,3.0,sg,True,False,True,False,False,False,,,,1.0,Whether,whether,,5.0,8,
the man knows whether the woman sees the book.,N,3.0,sg,m,True,Matrix,3.0,sg,True,False,True,False,False,False,,,,1.0,Whether,whether,,5.0,10,
the man knows whether the woman sees the books.,N,3.0,sg,m,True,Matrix,3.0,sg,True,False,True,False,False,False,,,,1.0,Whether,whether,,5.0,10,
the man knows whether the woman saw the book.,N,3.0,sg,m,True,Matrix,3.0,sg,True,False,True,False,False,False,,,,1.0,Whether,whether,,5.0,10,
the man knows whether the woman saw the books.,N,3.0,sg,m,True,Matrix,3.0,sg,True,False,True,False,False,False,,,,1.0,Whether,whether,,5.0,10,
the man knows whether the women play.,N,3.0,sg,m,True,Matrix,3.0,sg,True,False,True,False,False,False,,,,2.0,Whether,whether,,5.0,8,
the man knows whether the women played.,N,3.0,sg,m,True,Matrix,3.0,sg,True,False,True,False,False,False,,,,2.0,Whether,whether,,5.0,8,
the man knows whether the women fall.,N,3.0,sg,m,True,Matrix,3.0,sg,True,False,True,False,False,False,,,,2.0,Whether,whether,,5.0,8,
the man knows whether the women fell.,N,3.0,sg,m,True,Matrix,3.0,sg,True,False,True,False,False,False,,,,2.0,Whether,whether,,5.0,8,
the man knows whether the women see the book.,N,3.0,sg,m,True,Matrix,3.0,sg,True,False,True,False,False,False,,,,2.0,Whether,whether,,5.0,10,
the man knows whether the women see the books.,N,3.0,sg,m,True,Matrix,3.0,sg,True,False,True,False,False,False,,,,2.0,Whether,whether,,5.0,10,
the man knows whether the women saw the book.,N,3.0,sg,m,True,Matrix,3.0,sg,True,False,True,False,False,False,,,,2.0,Whether,whether,,5.0,10,
the man knows whether the women saw the books.,N,3.0,sg,m,True,Matrix,3.0,sg,True,False,True,False,False,False,,,,2.0,Whether,whether,,5.0,10,
the man knows whether the book fell.,N,3.0,sg,m,True,Matrix,3.0,sg,True,False,True,False,False,False,,,,1.0,Whether,whether,,5.0,8,
the man knows whether the books fell.,N,3.0,sg,m,True,Matrix,3.0,sg,True,False,True,False,False,False,,,,2.0,Whether,whether,,5.0,8,
the man knows who plays.,who,3.0,sg,m,True,Matrix,3.0,sg,True,False,True,False,False,False,,,,,,subjwho,,5.0,6,
the man knows who played.,who,3.0,sg,m,True,Matrix,3.0,sg,True,False,True,False,False,False,,,,,,subjwho,,5.0,6,
the man knows who falls.,who,3.0,sg,m,True,Matrix,3.0,sg,True,False,True,False,False,False,,,,,,subjwho,,5.0,6,
the man knows who fell.,who,3.0,sg,m,True,Matrix,3.0,sg,True,False,True,False,False,False,,,,,,subjwho,,5.0,6,
the man knows who sees the woman.,who,3.0,sg,m,True,Matrix,3.0,sg,True,False,True,False,False,False,,,,,,subjwho,,5.0,8,
the man knows who sees the women.,who,3.0,sg,m,True,Matrix,3.0,sg,True,False,True,False,False,False,,,,,,subjwho,,5.0,8,
the man knows who sees the book.,who,3.0,sg,m,True,Matrix,3.0,sg,True,False,True,False,False,False,,,,,,subjwho,,5.0,8,
the man knows who sees the books.,who,3.0,sg,m,True,Matrix,3.0,sg,True,False,True,False,False,False,,,,,,subjwho,,5.0,8,
the man knows who saw the woman.,who,3.0,sg,m,True,Matrix,3.0,sg,True,False,True,False,False,False,,,,,,subjwho,,5.0,8,
the man knows who saw the women.,who,3.0,sg,m,True,Matrix,3.0,sg,True,False,True,False,False,False,,,,,,subjwho,,5.0,8,
the man knows who saw the book.,who,3.0,sg,m,True,Matrix,3.0,sg,True,False,True,False,False,False,,,,,,subjwho,,5.0,8,
the man knows who saw the books.,who,3.0,sg,m,True,Matrix,3.0,sg,True,False,True,False,False,False,,,,,,subjwho,,5.0,8,
the man knows which woman plays.,which,3.0,sg,m,True,Matrix,3.0,sg,True,False,True,False,False,False,,,,1.0,,subjwhich,,5.0,7,
the man knows which woman played.,which,3.0,sg,m,True,Matrix,3.0,sg,True,False,True,False,False,False,,,,1.0,,subjwhich,,5.0,7,
the man knows which woman falls.,which,3.0,sg,m,True,Matrix,3.0,sg,True,False,True,False,False,False,,,,1.0,,subjwhich,,5.0,7,
the man knows which woman fell.,which,3.0,sg,m,True,Matrix,3.0,sg,True,False,True,False,False,False,,,,1.0,,subjwhich,,5.0,7,
the man knows which woman sees the book.,which,3.0,sg,m,True,Matrix,3.0,sg,True,False,True,False,False,False,,,,1.0,,subjwhich,,5.0,9,
the man knows which woman sees the books.,which,3.0,sg,m,True,Matrix,3.0,sg,True,False,True,False,False,False,,,,1.0,,subjwhich,,5.0,9,
the man knows which woman saw the book.,which,3.0,sg,m,True,Matrix,3.0,sg,True,False,True,False,False,False,,,,1.0,,subjwhich,,5.0,9,
the man knows which woman saw the books.,which,3.0,sg,m,True,Matrix,3.0,sg,True,False,True,False,False,False,,,,1.0,,subjwhich,,5.0,9,
the man knows which women play.,which,3.0,sg,m,True,Matrix,3.0,sg,True,False,True,False,False,False,,,,2.0,,subjwhich,,5.0,7,
the man knows which women played.,which,3.0,sg,m,True,Matrix,3.0,sg,True,False,True,False,False,False,,,,2.0,,subjwhich,,5.0,7,
the man knows which women fall.,which,3.0,sg,m,True,Matrix,3.0,sg,True,False,True,False,False,False,,,,2.0,,subjwhich,,5.0,7,
the man knows which women fell.,which,3.0,sg,m,True,Matrix,3.0,sg,True,False,True,False,False,False,,,,2.0,,subjwhich,,5.0,7,
the man knows which women see the book.,which,3.0,sg,m,True,Matrix,3.0,sg,True,False,True,False,False,False,,,,2.0,,subjwhich,,5.0,9,
the man knows which women see the books.,which,3.0,sg,m,True,Matrix,3.0,sg,True,False,True,False,False,False,,,,2.0,,subjwhich,,5.0,9,
the man knows which women saw the book.,which,3.0,sg,m,True,Matrix,3.0,sg,True,False,True,False,False,False,,,,2.0,,subjwhich,,5.0,9,
the man knows which women saw the books.,which,3.0,sg,m,True,Matrix,3.0,sg,True,False,True,False,False,False,,,,2.0,,subjwhich,,5.0,9,
the man knows which book fell.,which,3.0,sg,m,True,Matrix,3.0,sg,True,False,True,False,False,False,,,,1.0,,subjwhich,,5.0,7,
the man knows which books fell.,which,3.0,sg,m,True,Matrix,3.0,sg,True,False,True,False,False,False,,,,2.0,,subjwhich,,5.0,7,
the man knows who the woman sees.,N,3.0,sg,f,True,Trans,3.0,sg,True,False,True,False,False,False,,,0.0,,,objwho,,4.0,8,
the man knows who the woman saw.,N,3.0,sg,f,True,Trans,3.0,sg,True,False,True,False,False,False,,,0.0,,,objwho,,5.0,8,
the man knows who the women see.,N,3.0,pl,f,True,Trans,3.0,pl,True,False,True,False,False,False,,,0.0,,,objwho,,5.0,8,
the man knows who the women saw.,N,3.0,pl,f,True,Trans,3.0,sg,True,False,True,False,False,False,,,0.0,,,objwho,,5.0,8,
the man knows whom the woman sees.,N,3.0,sg,f,True,Trans,3.0,sg,True,False,True,False,False,False,,,0.0,,,objwho,,4.0,8,
the man knows whom the woman saw.,N,3.0,sg,f,True,Trans,3.0,sg,True,False,True,False,False,False,,,0.0,,,objwho,,5.0,8,
the man knows whom the women see.,N,3.0,pl,f,True,Trans,3.0,pl,True,False,True,False,False,False,,,0.0,,,objwho,,5.0,8,
the man knows whom the women saw.,N,3.0,pl,f,True,Trans,3.0,sg,True,False,True,False,False,False,,,0.0,,,objwho,,5.0,8,
the man knows which book the woman sees.,N,3.0,sg,f,True,Trans,3.0,sg,True,False,True,False,False,False,,,1.0,,,objwhich,,4.0,9,
the man knows which book the woman saw.,N,3.0,sg,f,True,Trans,3.0,sg,True,False,True,False,False,False,,,1.0,,,objwhich,,5.0,9,
the man knows which book the women see.,N,3.0,pl,f,True,Trans,3.0,pl,True,False,True,False,False,False,,,2.0,,,objwhich,,5.0,9,
the man knows which book the women saw.,N,3.0,pl,f,True,Trans,3.0,sg,True,False,True,False,False,False,,,2.0,,,objwhich,,5.0,9,
the man knows which books the woman sees.,N,3.0,sg,f,True,Trans,3.0,sg,True,False,True,False,False,False,,,2.0,,,objwhich,,4.0,9,
the man knows which books the woman saw.,N,3.0,sg,f,True,Trans,3.0,sg,True,False,True,False,False,False,,,2.0,,,objwhich,,5.0,9,
the man knows which books the women see.,N,3.0,pl,f,True,Trans,3.0,pl,True,False,True,False,False,False,,,1.0,,,objwhich,,5.0,9,
the man knows which books the women saw.,N,3.0,pl,f,True,Trans,3.0,sg,True,False,True,False,False,False,,,1.0,,,objwhich,,5.0,9,
the women know that the man plays.,N,3.0,pl,f,True,Matrix,,pl,True,False,True,False,False,False,,,,2.0,That,that,,5.0,8,
the women know that the man played.,N,3.0,pl,f,True,Matrix,,pl,True,False,True,False,False,False,,,,2.0,That,that,,5.0,8,
the women know that the man falls.,N,3.0,pl,f,True,Matrix,,pl,True,False,True,False,False,False,,,,2.0,That,that,,5.0,8,
the women know that the man fell.,N,3.0,pl,f,True,Matrix,,pl,True,False,True,False,False,False,,,,2.0,That,that,,5.0,8,
the women know that the man sees the book.,N,3.0,pl,f,True,Matrix,,pl,True,False,True,False,False,False,,,,2.0,That,that,,5.0,10,
the women know that the man sees the books.,N,3.0,pl,f,True,Matrix,,pl,True,False,True,False,False,False,,,,2.0,That,that,,5.0,10,
the women know that the man saw the book.,N,3.0,pl,f,True,Matrix,,pl,True,False,True,False,False,False,,,,2.0,That,that,,5.0,10,
the women know that the man saw the books.,N,3.0,pl,f,True,Matrix,,pl,True,False,True,False,False,False,,,,2.0,That,that,,5.0,10,
the women know that the men play.,N,3.0,pl,f,True,Matrix,,pl,True,False,True,False,False,False,,,,1.0,That,that,,5.0,8,
the women know that the men played.,N,3.0,pl,f,True,Matrix,,pl,True,False,True,False,False,False,,,,1.0,That,that,,5.0,8,
the women know that the men fall.,N,3.0,pl,f,True,Matrix,,pl,True,False,True,False,False,False,,,,1.0,That,that,,5.0,8,
the women know that the men fell.,N,3.0,pl,f,True,Matrix,,pl,True,False,True,False,False,False,,,,1.0,That,that,,5.0,8,
the women know that the men see the book.,N,3.0,pl,f,True,Matrix,,pl,True,False,True,False,False,False,,,,1.0,That,that,,5.0,10,
the women know that the men see the books.,N,3.0,pl,f,True,Matrix,,pl,True,False,True,False,False,False,,,,1.0,That,that,,5.0,10,
the women know that the men saw the book.,N,3.0,pl,f,True,Matrix,,pl,True,False,True,False,False,False,,,,1.0,That,that,,5.0,10,
the women know that the men saw the books.,N,3.0,pl,f,True,Matrix,,pl,True,False,True,False,False,False,,,,1.0,That,that,,5.0,10,
the women know that the book fell.,N,3.0,pl,f,True,Matrix,,pl,True,False,True,False,False,False,,,,2.0,That,that,,5.0,8,
the women know that the books fell.,N,3.0,pl,f,True,Matrix,,pl,True,False,True,False,False,False,,,,1.0,That,that,,5.0,8,
the women know whether the man plays.,N,3.0,pl,f,True,Matrix,,pl,True,False,True,False,False,False,,,,2.0,Whether,whether,,5.0,8,
the women know whether the man played.,N,3.0,pl,f,True,Matrix,,pl,True,False,True,False,False,False,,,,2.0,Whether,whether,,5.0,8,
the women know whether the man falls.,N,3.0,pl,f,True,Matrix,,pl,True,False,True,False,False,False,,,,2.0,Whether,whether,,5.0,8,
the women know whether the man fell.,N,3.0,pl,f,True,Matrix,,pl,True,False,True,False,False,False,,,,2.0,Whether,whether,,5.0,8,
the women know whether the man sees the book.,N,3.0,pl,f,True,Matrix,,pl,True,False,True,False,False,False,,,,2.0,Whether,whether,,5.0,10,
the women know whether the man sees the books.,N,3.0,pl,f,True,Matrix,,pl,True,False,True,False,False,False,,,,2.0,Whether,whether,,5.0,10,
the women know whether the man saw the book.,N,3.0,pl,f,True,Matrix,,pl,True,False,True,False,False,False,,,,2.0,Whether,whether,,5.0,10,
the women know whether the man saw the books.,N,3.0,pl,f,True,Matrix,,pl,True,False,True,False,False,False,,,,2.0,Whether,whether,,5.0,10,
the women know whether the men play.,N,3.0,pl,f,True,Matrix,,pl,True,False,True,False,False,False,,,,1.0,Whether,whether,,5.0,8,
the women know whether the men played.,N,3.0,pl,f,True,Matrix,,pl,True,False,True,False,False,False,,,,1.0,Whether,whether,,5.0,8,
the women know whether the men fall.,N,3.0,pl,f,True,Matrix,,pl,True,False,True,False,False,False,,,,1.0,Whether,whether,,5.0,8,
the women know whether the men fell.,N,3.0,pl,f,True,Matrix,,pl,True,False,True,False,False,False,,,,1.0,Whether,whether,,5.0,8,
the women know whether the men see the book.,N,3.0,pl,f,True,Matrix,,pl,True,False,True,False,False,False,,,,1.0,Whether,whether,,5.0,10,
the women know whether the men see the books.,N,3.0,pl,f,True,Matrix,,pl,True,False,True,False,False,False,,,,1.0,Whether,whether,,5.0,10,
the women know whether the men saw the book.,N,3.0,pl,f,True,Matrix,,pl,True,False,True,False,False,False,,,,1.0,Whether,whether,,5.0,10,
the women know whether the men saw the books.,N,3.0,pl,f,True,Matrix,,pl,True,False,True,False,False,False,,,,1.0,Whether,whether,,5.0,10,
the women know whether the book fell.,N,3.0,pl,f,True,Matrix,,pl,True,False,True,False,False,False,,,,2.0,Whether,whether,,5.0,8,
the women know whether the books fell.,N,3.0,pl,f,True,Matrix,,pl,True,False,True,False,False,False,,,,1.0,Whether,whether,,5.0,8,
the women know who plays.,who,3.0,pl,f,True,Matrix,,pl,True,False,True,False,False,False,,,,,,subjwho,,5.0,6,
the women know who played.,who,3.0,pl,f,True,Matrix,,pl,True,False,True,False,False,False,,,,,,subjwho,,5.0,6,
the women know who falls.,who,3.0,pl,f,True,Matrix,,pl,True,False,True,False,False,False,,,,,,subjwho,,5.0,6,
the women know who fell.,who,3.0,pl,f,True,Matrix,,pl,True,False,True,False,False,False,,,,,,subjwho,,5.0,6,
the women know who sees the man.,who,3.0,pl,f,True,Matrix,,pl,True,False,True,False,False,False,,,,,,subjwho,,5.0,8,
the women know who sees the men.,who,3.0,pl,f,True,Matrix,,pl,True,False,True,False,False,False,,,,,,subjwho,,5.0,8,
the women know who sees the book.,who,3.0,pl,f,True,Matrix,,pl,True,False,True,False,False,False,,,,,,subjwho,,5.0,8,
the women know who sees the books.,who,3.0,pl,f,True,Matrix,,pl,True,False,True,False,False,False,,,,,,subjwho,,5.0,8,
the women know who saw the man.,who,3.0,pl,f,True,Matrix,,pl,True,False,True,False,False,False,,,,,,subjwho,,5.0,8,
the women know who saw the men.,who,3.0,pl,f,True,Matrix,,pl,True,False,True,False,False,False,,,,,,subjwho,,5.0,8,
the women know who saw the book.,who,3.0,pl,f,True,Matrix,,pl,True,False,True,False,False,False,,,,,,subjwho,,5.0,8,
the women know who saw the books.,who,3.0,pl,f,True,Matrix,,pl,True,False,True,False,False,False,,,,,,subjwho,,5.0,8,
the women know which man plays.,which,3.0,pl,f,True,Matrix,,pl,True,False,True,False,False,False,,,,2.0,,subjwhich,,5.0,7,
the women know which man played.,which,3.0,pl,f,True,Matrix,,pl,True,False,True,False,False,False,,,,2.0,,subjwhich,,5.0,7,
the women know which man falls.,which,3.0,pl,f,True,Matrix,,pl,True,False,True,False,False,False,,,,2.0,,subjwhich,,5.0,7,
the women know which man fell.,which,3.0,pl,f,True,Matrix,,pl,True,False,True,False,False,False,,,,2.0,,subjwhich,,5.0,7,
the women know which man sees the book.,which,3.0,pl,f,True,Matrix,,pl,True,False,True,False,False,False,,,,2.0,,subjwhich,,5.0,9,
the women know which man sees the books.,which,3.0,pl,f,True,Matrix,,pl,True,False,True,False,False,False,,,,2.0,,subjwhich,,5.0,9,
the women know which man saw the book.,which,3.0,pl,f,True,Matrix,,pl,True,False,True,False,False,False,,,,2.0,,subjwhich,,5.0,9,
the women know which man saw the books.,which,3.0,pl,f,True,Matrix,,pl,True,False,True,False,False,False,,,,2.0,,subjwhich,,5.0,9,
the women know which men play.,which,3.0,pl,f,True,Matrix,,pl,True,False,True,False,False,False,,,,1.0,,subjwhich,,5.0,7,
the women know which men played.,which,3.0,pl,f,True,Matrix,,pl,True,False,True,False,False,False,,,,1.0,,subjwhich,,5.0,7,
the women know which men fall.,which,3.0,pl,f,True,Matrix,,pl,True,False,True,False,False,False,,,,1.0,,subjwhich,,5.0,7,
the women know which men fell.,which,3.0,pl,f,True,Matrix,,pl,True,False,True,False,False,False,,,,1.0,,subjwhich,,5.0,7,
the women know which men see the book.,which,3.0,pl,f,True,Matrix,,pl,True,False,True,False,False,False,,,,1.0,,subjwhich,,6.0,9,
the women know which men see the books.,which,3.0,pl,f,True,Matrix,,pl,True,False,True,False,False,False,,,,1.0,,subjwhich,,6.0,9,
the women know which men saw the book.,which,3.0,pl,f,True,Matrix,,pl,True,False,True,False,False,False,,,,1.0,,subjwhich,,5.0,9,
the women know which men saw the books.,which,3.0,pl,f,True,Matrix,,pl,True,False,True,False,False,False,,,,1.0,,subjwhich,,5.0,9,
the women know which book fell.,which,3.0,pl,f,True,Matrix,,pl,True,False,True,False,False,False,,,,2.0,,subjwhich,,5.0,7,
the women know which books fell.,which,3.0,pl,f,True,Matrix,,pl,True,False,True,False,False,False,,,,1.0,,subjwhich,,5.0,7,
the women know who the man sees.,N,3.0,sg,m,True,Trans,3.0,sg,True,False,True,False,False,False,,,0.0,,,objwho,,5.0,8,
the women know who the man saw.,N,3.0,sg,m,True,Trans,,pl,True,False,True,False,False,False,,,0.0,,,objwho,,5.0,8,
the women know who the men see.,N,3.0,pl,m,True,Trans,,pl,True,False,True,False,False,False,,,0.0,,,objwho,,5.0,8,
the women know who the men saw.,N,3.0,pl,m,True,Trans,,pl,True,False,True,False,False,False,,,0.0,,,objwho,,5.0,8,
the women know whom the man sees.,N,3.0,sg,m,True,Trans,3.0,sg,True,False,True,False,False,False,,,0.0,,,objwho,,5.0,8,
the women know whom the man saw.,N,3.0,sg,m,True,Trans,,pl,True,False,True,False,False,False,,,0.0,,,objwho,,5.0,8,
the women know whom the men see.,N,3.0,pl,m,True,Trans,,pl,True,False,True,False,False,False,,,0.0,,,objwho,,5.0,8,
the women know whom the men saw.,N,3.0,pl,m,True,Trans,,pl,True,False,True,False,False,False,,,0.0,,,objwho,,5.0,8,
the women know which book the man sees.,N,3.0,sg,m,True,Trans,3.0,sg,True,False,True,False,False,False,,,1.0,,,objwhich,,5.0,9,
the women know which book the man saw.,N,3.0,sg,m,True,Trans,,pl,True,False,True,False,False,False,,,1.0,,,objwhich,,5.0,9,
the women know which book the men see.,N,3.0,pl,m,True,Trans,,pl,True,False,True,False,False,False,,,2.0,,,objwhich,,5.0,9,
the women know which book the men saw.,N,3.0,pl,m,True,Trans,,pl,True,False,True,False,False,False,,,2.0,,,objwhich,,5.0,9,
the women know which books the man sees.,N,3.0,sg,m,True,Trans,3.0,sg,True,False,True,False,False,False,,,2.0,,,objwhich,,5.0,9,
the women know which books the man saw.,N,3.0,sg,m,True,Trans,,pl,True,False,True,False,False,False,,,2.0,,,objwhich,,5.0,9,
the women know which books the men see.,N,3.0,pl,m,True,Trans,,pl,True,False,True,False,False,False,,,1.0,,,objwhich,,5.0,9,
the women know which books the men saw.,N,3.0,pl,m,True,Trans,,pl,True,False,True,False,False,False,,,1.0,,,objwhich,,5.0,9,
the men know that the woman plays.,N,3.0,pl,m,True,Matrix,,pl,True,False,True,False,False,False,,,,2.0,That,that,,5.0,8,
the men know that the woman played.,N,3.0,pl,m,True,Matrix,,pl,True,False,True,False,False,False,,,,2.0,That,that,,5.0,8,
the men know that the woman falls.,N,3.0,pl,m,True,Matrix,,pl,True,False,True,False,False,False,,,,2.0,That,that,,5.0,8,
the men know that the woman fell.,N,3.0,pl,m,True,Matrix,,pl,True,False,True,False,False,False,,,,2.0,That,that,,5.0,8,
the men know that the woman sees the book.,N,3.0,pl,m,True,Matrix,,pl,True,False,True,False,False,False,,,,2.0,That,that,,5.0,10,
the men know that the woman sees the books.,N,3.0,pl,m,True,Matrix,,pl,True,False,True,False,False,False,,,,2.0,That,that,,5.0,10,
the men know that the woman saw the book.,N,3.0,pl,m,True,Matrix,,pl,True,False,True,False,False,False,,,,2.0,That,that,,5.0,10,
the men know that the woman saw the books.,N,3.0,pl,m,True,Matrix,,pl,True,False,True,False,False,False,,,,2.0,That,that,,5.0,10,
the men know that the women play.,N,3.0,pl,m,True,Matrix,,pl,True,False,True,False,False,False,,,,1.0,That,that,,5.0,8,
the men know that the women played.,N,3.0,pl,m,True,Matrix,,pl,True,False,True,False,False,False,,,,1.0,That,that,,5.0,8,
the men know that the women fall.,N,3.0,pl,m,True,Matrix,,pl,True,False,True,False,False,False,,,,1.0,That,that,,5.0,8,
the men know that the women fell.,N,3.0,pl,m,True,Matrix,,pl,True,False,True,False,False,False,,,,1.0,That,that,,5.0,8,
the men know that the women see the book.,N,3.0,pl,m,True,Matrix,,pl,True,False,True,False,False,False,,,,1.0,That,that,,5.0,10,
the men know that the women see the books.,N,3.0,pl,m,True,Matrix,,pl,True,False,True,False,False,False,,,,1.0,That,that,,5.0,10,
the men know that the women saw the book.,N,3.0,pl,m,True,Matrix,,pl,True,False,True,False,False,False,,,,1.0,That,that,,5.0,10,
the men know that the women saw the books.,N,3.0,pl,m,True,Matrix,,pl,True,False,True,False,False,False,,,,1.0,That,that,,5.0,10,
the men know that the book fell.,N,3.0,pl,m,True,Matrix,,pl,True,False,True,False,False,False,,,,2.0,That,that,,5.0,8,
the men know that the books fell.,N,3.0,pl,m,True,Matrix,,pl,True,False,True,False,False,False,,,,1.0,That,that,,5.0,8,
the men know whether the woman plays.,N,3.0,pl,m,True,Matrix,,pl,True,False,True,False,False,False,,,,2.0,Whether,whether,,5.0,8,
the men know whether the woman played.,N,3.0,pl,m,True,Matrix,,pl,True,False,True,False,False,False,,,,2.0,Whether,whether,,5.0,8,
the men know whether the woman falls.,N,3.0,pl,m,True,Matrix,,pl,True,False,True,False,False,False,,,,2.0,Whether,whether,,5.0,8,
the men know whether the woman fell.,N,3.0,pl,m,True,Matrix,,pl,True,False,True,False,False,False,,,,2.0,Whether,whether,,5.0,8,
the men know whether the woman sees the book.,N,3.0,pl,m,True,Matrix,,pl,True,False,True,False,False,False,,,,2.0,Whether,whether,,5.0,10,
the men know whether the woman sees the books.,N,3.0,pl,m,True,Matrix,,pl,True,False,True,False,False,False,,,,2.0,Whether,whether,,5.0,10,
the men know whether the woman saw the book.,N,3.0,pl,m,True,Matrix,,pl,True,False,True,False,False,False,,,,2.0,Whether,whether,,5.0,10,
the men know whether the woman saw the books.,N,3.0,pl,m,True,Matrix,,pl,True,False,True,False,False,False,,,,2.0,Whether,whether,,5.0,10,
the men know whether the women play.,N,3.0,pl,m,True,Matrix,,pl,True,False,True,False,False,False,,,,1.0,Whether,whether,,5.0,8,
the men know whether the women played.,N,3.0,pl,m,True,Matrix,,pl,True,False,True,False,False,False,,,,1.0,Whether,whether,,5.0,8,
the men know whether the women fall.,N,3.0,pl,m,True,Matrix,,pl,True,False,True,False,False,False,,,,1.0,Whether,whether,,5.0,8,
the men know whether the women fell.,N,3.0,pl,m,True,Matrix,,pl,True,False,True,False,False,False,,,,1.0,Whether,whether,,5.0,8,
the men know whether the women see the book.,N,3.0,pl,m,True,Matrix,,pl,True,False,True,False,False,False,,,,1.0,Whether,whether,,5.0,10,
the men know whether the women see the books.,N,3.0,pl,m,True,Matrix,,pl,True,False,True,False,False,False,,,,1.0,Whether,whether,,5.0,10,
the men know whether the women saw the book.,N,3.0,pl,m,True,Matrix,,pl,True,False,True,False,False,False,,,,1.0,Whether,whether,,5.0,10,
the men know whether the women saw the books.,N,3.0,pl,m,True,Matrix,,pl,True,False,True,False,False,False,,,,1.0,Whether,whether,,5.0,10,
the men know whether the book fell.,N,3.0,pl,m,True,Matrix,,pl,True,False,True,False,False,False,,,,2.0,Whether,whether,,5.0,8,
the men know whether the books fell.,N,3.0,pl,m,True,Matrix,,pl,True,False,True,False,False,False,,,,1.0,Whether,whether,,5.0,8,
the men know who plays.,who,3.0,pl,m,True,Matrix,,pl,True,False,True,False,False,False,,,,,,subjwho,,5.0,6,
the men know who played.,who,3.0,pl,m,True,Matrix,,pl,True,False,True,False,False,False,,,,,,subjwho,,5.0,6,
the men know who falls.,who,3.0,pl,m,True,Matrix,,pl,True,False,True,False,False,False,,,,,,subjwho,,5.0,6,
the men know who fell.,who,3.0,pl,m,True,Matrix,,pl,True,False,True,False,False,False,,,,,,subjwho,,5.0,6,
the men know who sees the woman.,who,3.0,pl,m,True,Matrix,,pl,True,False,True,False,False,False,,,,,,subjwho,,5.0,8,
the men know who sees the women.,who,3.0,pl,m,True,Matrix,,pl,True,False,True,False,False,False,,,,,,subjwho,,5.0,8,
the men know who sees the book.,who,3.0,pl,m,True,Matrix,,pl,True,False,True,False,False,False,,,,,,subjwho,,5.0,8,
the men know who sees the books.,who,3.0,pl,m,True,Matrix,,pl,True,False,True,False,False,False,,,,,,subjwho,,5.0,8,
the men know who saw the woman.,who,3.0,pl,m,True,Matrix,,pl,True,False,True,False,False,False,,,,,,subjwho,,5.0,8,
the men know who saw the women.,who,3.0,pl,m,True,Matrix,,pl,True,False,True,False,False,False,,,,,,subjwho,,5.0,8,
the men know who saw the book.,who,3.0,pl,m,True,Matrix,,pl,True,False,True,False,False,False,,,,,,subjwho,,5.0,8,
the men know who saw the books.,who,3.0,pl,m,True,Matrix,,pl,True,False,True,False,False,False,,,,,,subjwho,,5.0,8,
the men know which woman plays.,which,3.0,pl,m,True,Matrix,,pl,True,False,True,False,False,False,,,,2.0,,subjwhich,,5.0,7,
the men know which woman played.,which,3.0,pl,m,True,Matrix,,pl,True,False,True,False,False,False,,,,2.0,,subjwhich,,5.0,7,
the men know which woman falls.,which,3.0,pl,m,True,Matrix,,pl,True,False,True,False,False,False,,,,2.0,,subjwhich,,5.0,7,
the men know which woman fell.,which,3.0,pl,m,True,Matrix,,pl,True,False,True,False,False,False,,,,2.0,,subjwhich,,5.0,7,
the men know which woman sees the book.,which,3.0,pl,m,True,Matrix,,pl,True,False,True,False,False,False,,,,2.0,,subjwhich,,5.0,9,
the men know which woman sees the books.,which,3.0,pl,m,True,Matrix,,pl,True,False,True,False,False,False,,,,2.0,,subjwhich,,5.0,9,
the men know which woman saw the book.,which,3.0,pl,m,True,Matrix,,pl,True,False,True,False,False,False,,,,2.0,,subjwhich,,5.0,9,
the men know which woman saw the books.,which,3.0,pl,m,True,Matrix,,pl,True,False,True,False,False,False,,,,2.0,,subjwhich,,5.0,9,
the men know which women play.,which,3.0,pl,m,True,Matrix,,pl,True,False,True,False,False,False,,,,1.0,,subjwhich,,5.0,7,
the men know which women played.,which,3.0,pl,m,True,Matrix,,pl,True,False,True,False,False,False,,,,1.0,,subjwhich,,5.0,7,
the men know which women fall.,which,3.0,pl,m,True,Matrix,,pl,True,False,True,False,False,False,,,,1.0,,subjwhich,,5.0,7,
the men know which women fell.,which,3.0,pl,m,True,Matrix,,pl,True,False,True,False,False,False,,,,1.0,,subjwhich,,5.0,7,
the men know which women see the book.,which,3.0,pl,m,True,Matrix,,pl,True,False,True,False,False,False,,,,1.0,,subjwhich,,6.0,9,
the men know which women see the books.,which,3.0,pl,m,True,Matrix,,pl,True,False,True,False,False,False,,,,1.0,,subjwhich,,6.0,9,
the men know which women saw the book.,which,3.0,pl,m,True,Matrix,,pl,True,False,True,False,False,False,,,,1.0,,subjwhich,,5.0,9,
the men know which women saw the books.,which,3.0,pl,m,True,Matrix,,pl,True,False,True,False,False,False,,,,1.0,,subjwhich,,5.0,9,
the men know which book fell.,which,3.0,pl,m,True,Matrix,,pl,True,False,True,False,False,False,,,,2.0,,subjwhich,,5.0,7,
the men know which books fell.,which,3.0,pl,m,True,Matrix,,pl,True,False,True,False,False,False,,,,1.0,,subjwhich,,5.0,7,
the men know who the woman sees.,N,3.0,sg,f,True,Trans,3.0,sg,True,False,True,False,False,False,,,0.0,,,objwho,,4.0,8,
the men know who the woman saw.,N,3.0,sg,f,True,Trans,,pl,True,False,True,False,False,False,,,0.0,,,objwho,,5.0,8,
the men know who the women see.,N,3.0,pl,f,True,Trans,,pl,True,False,True,False,False,False,,,0.0,,,objwho,,5.0,8,
the men know who the women saw.,N,3.0,pl,f,True,Trans,,pl,True,False,True,False,False,False,,,0.0,,,objwho,,5.0,8,
the men know whom the woman sees.,N,3.0,sg,f,True,Trans,3.0,sg,True,False,True,False,False,False,,,0.0,,,objwho,,4.0,8,
the men know whom the woman saw.,N,3.0,sg,f,True,Trans,,pl,True,False,True,False,False,False,,,0.0,,,objwho,,5.0,8,
the men know whom the women see.,N,3.0,pl,f,True,Trans,,pl,True,False,True,False,False,False,,,0.0,,,objwho,,5.0,8,
the men know whom the women saw.,N,3.0,pl,f,True,Trans,,pl,True,False,True,False,False,False,,,0.0,,,objwho,,5.0,8,
the men know which book the woman sees.,N,3.0,sg,f,True,Trans,3.0,sg,True,False,True,False,False,False,,,1.0,,,objwhich,,4.0,9,
the men know which book the woman saw.,N,3.0,sg,f,True,Trans,,pl,True,False,True,False,False,False,,,1.0,,,objwhich,,5.0,9,
the men know which book the women see.,N,3.0,pl,f,True,Trans,,pl,True,False,True,False,False,False,,,2.0,,,objwhich,,5.0,9,
the men know which book the women saw.,N,3.0,pl,f,True,Trans,,pl,True,False,True,False,False,False,,,2.0,,,objwhich,,5.0,9,
the men know which books the woman sees.,N,3.0,sg,f,True,Trans,3.0,sg,True,False,True,False,False,False,,,2.0,,,objwhich,,4.0,9,
the men know which books the woman saw.,N,3.0,sg,f,True,Trans,,pl,True,False,True,False,False,False,,,2.0,,,objwhich,,5.0,9,
the men know which books the women see.,N,3.0,pl,f,True,Trans,,pl,True,False,True,False,False,False,,,1.0,,,objwhich,,5.0,9,
the men know which books the women saw.,N,3.0,pl,f,True,Trans,,pl,True,False,True,False,False,False,,,1.0,,,objwhich,,5.0,9,
the woman near the man plays.,N,3.0,sg,f,True,Intrans,3.0,sg,True,False,False,False,False,False,,,,1.0,,,,5.0,7,False
the woman near the man falls.,N,3.0,sg,f,True,Intrans,3.0,sg,True,False,False,False,False,False,,,,1.0,,,,5.0,7,False
the woman near the men plays.,N,3.0,sg,f,True,Intrans,3.0,sg,True,False,False,False,False,False,,,,2.0,,,,5.0,7,True
the woman near the men falls.,N,3.0,sg,f,True,Intrans,3.0,sg,True,False,False,False,False,False,,,,2.0,,,,5.0,7,True
the woman near the book plays.,N,3.0,sg,f,True,Intrans,3.0,sg,True,False,False,False,False,False,,,,1.0,,,,5.0,7,False
the woman near the book falls.,N,3.0,sg,f,True,Intrans,3.0,sg,True,False,False,False,False,False,,,,1.0,,,,5.0,7,False
the woman near the books plays.,N,3.0,sg,f,True,Intrans,3.0,sg,True,False,False,False,False,False,,,,2.0,,,,5.0,7,True
the woman near the books falls.,N,3.0,sg,f,True,Intrans,3.0,sg,True,False,False,False,False,False,,,,2.0,,,,5.0,7,True
the man near the woman plays.,N,3.0,sg,m,True,Intrans,3.0,sg,True,False,False,False,False,False,,,,1.0,,,,5.0,7,False
the man near the woman falls.,N,3.0,sg,m,True,Intrans,3.0,sg,True,False,False,False,False,False,,,,1.0,,,,5.0,7,False
the man near the women plays.,N,3.0,sg,m,True,Intrans,3.0,sg,True,False,False,False,False,False,,,,2.0,,,,5.0,7,True
the man near the women falls.,N,3.0,sg,m,True,Intrans,3.0,sg,True,False,False,False,False,False,,,,2.0,,,,5.0,7,True
the man near the book plays.,N,3.0,sg,m,True,Intrans,3.0,sg,True,False,False,False,False,False,,,,1.0,,,,5.0,7,False
the man near the book falls.,N,3.0,sg,m,True,Intrans,3.0,sg,True,False,False,False,False,False,,,,1.0,,,,5.0,7,False
the man near the books plays.,N,3.0,sg,m,True,Intrans,3.0,sg,True,False,False,False,False,False,,,,2.0,,,,5.0,7,True
the man near the books falls.,N,3.0,sg,m,True,Intrans,3.0,sg,True,False,False,False,False,False,,,,2.0,,,,5.0,7,True
the women near the man play.,N,3.0,pl,f,True,Intrans,,pl,True,False,False,False,False,False,,,,2.0,,,,5.0,7,True
the women near the man fall.,N,3.0,pl,f,True,Intrans,,pl,True,False,False,False,False,False,,,,2.0,,,,5.0,7,True
the women near the men play.,N,3.0,pl,f,True,Intrans,,pl,True,False,False,False,False,False,,,,1.0,,,,5.0,7,False
the women near the men fall.,N,3.0,pl,f,True,Intrans,,pl,True,False,False,False,False,False,,,,1.0,,,,5.0,7,False
the women near the book play.,N,3.0,pl,f,True,Intrans,,pl,True,False,False,False,False,False,,,,2.0,,,,5.0,7,True
the women near the book fall.,N,3.0,pl,f,True,Intrans,,pl,True,False,False,False,False,False,,,,2.0,,,,5.0,7,True
the women near the books play.,N,3.0,pl,f,True,Intrans,,pl,True,False,False,False,False,False,,,,1.0,,,,5.0,7,False
the women near the books fall.,N,3.0,pl,f,True,Intrans,,pl,True,False,False,False,False,False,,,,1.0,,,,5.0,7,False
the men near the woman play.,N,3.0,pl,m,True,Intrans,,pl,True,False,False,False,False,False,,,,2.0,,,,5.0,7,True
the men near the woman fall.,N,3.0,pl,m,True,Intrans,,pl,True,False,False,False,False,False,,,,2.0,,,,5.0,7,True
the men near the women play.,N,3.0,pl,m,True,Intrans,,pl,True,False,False,False,False,False,,,,1.0,,,,5.0,7,False
the men near the women fall.,N,3.0,pl,m,True,Intrans,,pl,True,False,False,False,False,False,,,,1.0,,,,5.0,7,False
the men near the book play.,N,3.0,pl,m,True,Intrans,,pl,True,False,False,False,False,False,,,,2.0,,,,5.0,7,True
the men near the book fall.,N,3.0,pl,m,True,Intrans,,pl,True,False,False,False,False,False,,,,2.0,,,,5.0,7,True
the men near the books play.,N,3.0,pl,m,True,Intrans,,pl,True,False,False,False,False,False,,,,1.0,,,,5.0,7,False
the men near the books fall.,N,3.0,pl,m,True,Intrans,,pl,True,False,False,False,False,False,,,,1.0,,,,5.0,7,False
the book near the woman falls.,N,3.0,sg,,False,Intrans,3.0,sg,True,False,False,False,False,False,,,,1.0,,,,5.0,7,False
the book near the man falls.,N,3.0,sg,,False,Intrans,3.0,sg,True,False,False,False,False,False,,,,1.0,,,,5.0,7,False
the book near the women falls.,N,3.0,sg,,False,Intrans,3.0,sg,True,False,False,False,False,False,,,,2.0,,,,5.0,7,True
the book near the men falls.,N,3.0,sg,,False,Intrans,3.0,sg,True,False,False,False,False,False,,,,2.0,,,,5.0,7,True
the books near the woman fall.,N,3.0,pl,,False,Intrans,,pl,True,False,False,False,False,False,,,,2.0,,,,5.0,7,True
the books near the man fall.,N,3.0,pl,,False,Intrans,,pl,True,False,False,False,False,False,,,,2.0,,,,5.0,7,True
the books near the women fall.,N,3.0,pl,,False,Intrans,,pl,True,False,False,False,False,False,,,,1.0,,,,5.0,7,False
the books near the men fall.,N,3.0,pl,,False,Intrans,,pl,True,False,False,False,False,False,,,,1.0,,,,5.0,7,False
the woman that the man sees plays.,N,3.0,sg,f,True,Intrans,3.0,sg,True,False,False,True,True,False,,,,1.0,That,,,5.0,8,False
the woman that the man sees falls.,N,3.0,sg,f,True,Intrans,3.0,sg,True,False,False,True,True,False,,,,1.0,That,,,5.0,8,False
the woman that the men see plays.,N,3.0,sg,f,True,Intrans,3.0,sg,True,False,False,True,True,False,,,,2.0,That,,,5.0,8,True
the woman that the men see falls.,N,3.0,sg,f,True,Intrans,3.0,sg,True,False,False,True,True,False,,,,2.0,That,,,5.0,8,True
the man that the woman sees plays.,N,3.0,sg,m,True,Intrans,3.0,sg,True,False,False,True,True,False,,,,1.0,That,,,5.0,8,False
the man that the woman sees falls.,N,3.0,sg,m,True,Intrans,3.0,sg,True,False,False,True,True,False,,,,1.0,That,,,5.0,8,False
the man that the women see plays.,N,3.0,sg,m,True,Intrans,3.0,sg,True,False,False,True,True,False,,,,2.0,That,,,5.0,8,True
the man that the women see falls.,N,3.0,sg,m,True,Intrans,3.0,sg,True,False,False,True,True,False,,,,2.0,That,,,5.0,8,True
the women that the man sees play.,N,3.0,pl,f,True,Intrans,,pl,True,False,False,True,True,False,,,,2.0,That,,,5.0,8,True
the women that the man sees fall.,N,3.0,pl,f,True,Intrans,,pl,True,False,False,True,True,False,,,,2.0,That,,,5.0,8,True
the women that the men see play.,N,3.0,pl,f,True,Intrans,,pl,True,False,False,True,True,False,,,,1.0,That,,,5.0,8,False
the women that the men see fall.,N,3.0,pl,f,True,Intrans,,pl,True,False,False,True,True,False,,,,1.0,That,,,5.0,8,False
the men that the woman sees play.,N,3.0,pl,m,True,Intrans,,pl,True,False,False,True,True,False,,,,2.0,That,,,5.0,8,True
the men that the woman sees fall.,N,3.0,pl,m,True,Intrans,,pl,True,False,False,True,True,False,,,,2.0,That,,,5.0,8,True
the men that the women see play.,N,3.0,pl,m,True,Intrans,,pl,True,False,False,True,True,False,,,,1.0,That,,,5.0,8,False
the men that the women see fall.,N,3.0,pl,m,True,Intrans,,pl,True,False,False,True,True,False,,,,1.0,That,,,5.0,8,False
the woman that sees the man plays.,N,3.0,sg,f,True,Intrans,3.0,sg,True,False,False,False,True,True,,,,,That,,,4.0,8,False
the woman that sees the man falls.,N,3.0,sg,f,True,Intrans,3.0,sg,True,False,False,False,True,True,,,,,That,,,4.0,8,False
the woman that sees the men plays.,N,3.0,sg,f,True,Intrans,3.0,sg,True,False,False,False,True,True,,,,,That,,,4.0,8,True
the woman that sees the men falls.,N,3.0,sg,f,True,Intrans,3.0,sg,True,False,False,False,True,True,,,,,That,,,4.0,8,True
the man that sees the woman plays.,N,3.0,sg,m,True,Intrans,3.0,sg,True,False,False,False,True,True,,,,,That,,,5.0,8,False
the man that sees the woman falls.,N,3.0,sg,m,True,Intrans,3.0,sg,True,False,False,False,True,True,,,,,That,,,5.0,8,False
the man that sees the women plays.,N,3.0,sg,m,True,Intrans,3.0,sg,True,False,False,False,True,True,,,,,That,,,5.0,8,True
the man that sees the women falls.,N,3.0,sg,m,True,Intrans,3.0,sg,True,False,False,False,True,True,,,,,That,,,5.0,8,True
the women that see the man play.,N,3.0,pl,f,True,Intrans,,pl,True,False,False,False,True,True,,,,,That,,,5.0,8,True
the women that see the man fall.,N,3.0,pl,f,True,Intrans,,pl,True,False,False,False,True,True,,,,,That,,,5.0,8,True
the women that see the men play.,N,3.0,pl,f,True,Intrans,,pl,True,False,False,False,True,True,,,,,That,,,5.0,8,False
the women that see the men fall.,N,3.0,pl,f,True,Intrans,,pl,True,False,False,False,True,True,,,,,That,,,5.0,8,False
the men that see the woman play.,N,3.0,pl,m,True,Intrans,,pl,True,False,False,False,True,True,,,,,That,,,5.0,8,True
the men that see the woman fall.,N,3.0,pl,m,True,Intrans,,pl,True,False,False,False,True,True,,,,,That,,,5.0,8,True
the men that see the women play.,N,3.0,pl,m,True,Intrans,,pl,True,False,False,False,True,True,,,,,That,,,5.0,8,False
the men that see the women fall.,N,3.0,pl,m,True,Intrans,,pl,True,False,False,False,True,True,,,,,That,,,5.0,8,False
