sentence,prep_LEMMA,sentence_PP_attached,subj_NUM,subj_GEN,subj_ZIPF,obj_NUM,obj_GEN,obj_ZIPF,embedobj_NUM,embedobj_GEN,embedobj_ZIPF,verb_LEMMA
the woman sees the girl near the lady.,near,peripheral,sg,f,5.35,sg,f,5.38,sg,f,4.95,see
the woman near the lady sees the girl.,near,center_embedding,sg,f,5.35,sg,f,5.38,sg,f,4.95,see
the woman sees the girl behind the lady.,behind,peripheral,sg,f,5.35,sg,f,5.38,sg,f,4.95,see
the woman behind the lady sees the girl.,behind,center_embedding,sg,f,5.35,sg,f,5.38,sg,f,4.95,see
the woman likes the girl near the lady.,near,peripheral,sg,f,5.35,sg,f,5.38,sg,f,4.95,like
the woman near the lady likes the girl.,near,center_embedding,sg,f,5.35,sg,f,5.38,sg,f,4.95,like
the woman likes the girl behind the lady.,behind,peripheral,sg,f,5.35,sg,f,5.38,sg,f,4.95,like
the woman behind the lady likes the girl.,behind,center_embedding,sg,f,5.35,sg,f,5.38,sg,f,4.95,like
the woman sees the girl near the ladies.,near,peripheral,sg,f,5.35,sg,f,5.38,pl,f,4.95,see
the woman near the ladies sees the girl.,near,center_embedding,sg,f,5.35,sg,f,5.38,pl,f,4.95,see
the woman sees the girl behind the ladies.,behind,peripheral,sg,f,5.35,sg,f,5.38,pl,f,4.95,see
the woman behind the ladies sees the girl.,behind,center_embedding,sg,f,5.35,sg,f,5.38,pl,f,4.95,see
the woman likes the girl near the ladies.,near,peripheral,sg,f,5.35,sg,f,5.38,pl,f,4.95,like
the woman near the ladies likes the girl.,near,center_embedding,sg,f,5.35,sg,f,5.38,pl,f,4.95,like
the woman likes the girl behind the ladies.,behind,peripheral,sg,f,5.35,sg,f,5.38,pl,f,4.95,like
the woman behind the ladies likes the girl.,behind,center_embedding,sg,f,5.35,sg,f,5.38,pl,f,4.95,like
the woman sees the girls near the lady.,near,peripheral,sg,f,5.35,pl,f,5.38,sg,f,4.95,see
the woman near the lady sees the girls.,near,center_embedding,sg,f,5.35,pl,f,5.38,sg,f,4.95,see
the woman sees the girls behind the lady.,behind,peripheral,sg,f,5.35,pl,f,5.38,sg,f,4.95,see
the woman behind the lady sees the girls.,behind,center_embedding,sg,f,5.35,pl,f,5.38,sg,f,4.95,see
the woman likes the girls near the lady.,near,peripheral,sg,f,5.35,pl,f,5.38,sg,f,4.95,like
the woman near the lady likes the girls.,near,center_embedding,sg,f,5.35,pl,f,5.38,sg,f,4.95,like
the woman likes the girls behind the lady.,behind,peripheral,sg,f,5.35,pl,f,5.38,sg,f,4.95,like
the woman behind the lady likes the girls.,behind,center_embedding,sg,f,5.35,pl,f,5.38,sg,f,4.95,like
the woman sees the girls near the ladies.,near,peripheral,sg,f,5.35,pl,f,5.38,pl,f,4.95,see
the woman near the ladies sees the girls.,near,center_embedding,sg,f,5.35,pl,f,5.38,pl,f,4.95,see
the woman sees the girls behind the ladies.,behind,peripheral,sg,f,5.35,pl,f,5.38,pl,f,4.95,see
the woman behind the ladies sees the girls.,behind,center_embedding,sg,f,5.35,pl,f,5.38,pl,f,4.95,see
the woman likes the girls near the ladies.,near,peripheral,sg,f,5.35,pl,f,5.38,pl,f,4.95,like
the woman near the ladies likes the girls.,near,center_embedding,sg,f,5.35,pl,f,5.38,pl,f,4.95,like
the woman likes the girls behind the ladies.,behind,peripheral,sg,f,5.35,pl,f,5.38,pl,f,4.95,like
the woman behind the ladies likes the girls.,behind,center_embedding,sg,f,5.35,pl,f,5.38,pl,f,4.95,like
the women see the girl near the lady.,near,peripheral,pl,f,5.35,sg,f,5.38,sg,f,4.95,see
the women near the lady see the girl.,near,center_embedding,pl,f,5.35,sg,f,5.38,sg,f,4.95,see
the women see the girl behind the lady.,behind,peripheral,pl,f,5.35,sg,f,5.38,sg,f,4.95,see
the women behind the lady see the girl.,behind,center_embedding,pl,f,5.35,sg,f,5.38,sg,f,4.95,see
the women like the girl near the lady.,near,peripheral,pl,f,5.35,sg,f,5.38,sg,f,4.95,like
the women near the lady like the girl.,near,center_embedding,pl,f,5.35,sg,f,5.38,sg,f,4.95,like
the women like the girl behind the lady.,behind,peripheral,pl,f,5.35,sg,f,5.38,sg,f,4.95,like
the women behind the lady like the girl.,behind,center_embedding,pl,f,5.35,sg,f,5.38,sg,f,4.95,like
the women see the girl near the ladies.,near,peripheral,pl,f,5.35,sg,f,5.38,pl,f,4.95,see
the women near the ladies see the girl.,near,center_embedding,pl,f,5.35,sg,f,5.38,pl,f,4.95,see
the women see the girl behind the ladies.,behind,peripheral,pl,f,5.35,sg,f,5.38,pl,f,4.95,see
the women behind the ladies see the girl.,behind,center_embedding,pl,f,5.35,sg,f,5.38,pl,f,4.95,see
the women like the girl near the ladies.,near,peripheral,pl,f,5.35,sg,f,5.38,pl,f,4.95,like
the women near the ladies like the girl.,near,center_embedding,pl,f,5.35,sg,f,5.38,pl,f,4.95,like
the women like the girl behind the ladies.,behind,peripheral,pl,f,5.35,sg,f,5.38,pl,f,4.95,like
the women behind the ladies like the girl.,behind,center_embedding,pl,f,5.35,sg,f,5.38,pl,f,4.95,like
the women see the girls near the lady.,near,peripheral,pl,f,5.35,pl,f,5.38,sg,f,4.95,see
the women near the lady see the girls.,near,center_embedding,pl,f,5.35,pl,f,5.38,sg,f,4.95,see
the women see the girls behind the lady.,behind,peripheral,pl,f,5.35,pl,f,5.38,sg,f,4.95,see
the women behind the lady see the girls.,behind,center_embedding,pl,f,5.35,pl,f,5.38,sg,f,4.95,see
the women like the girls near the lady.,near,peripheral,pl,f,5.35,pl,f,5.38,sg,f,4.95,like
the women near the lady like the girls.,near,center_embedding,pl,f,5.35,pl,f,5.38,sg,f,4.95,like
the women like the girls behind the lady.,behind,peripheral,pl,f,5.35,pl,f,5.38,sg,f,4.95,like
the women behind the lady like the girls.,behind,center_embedding,pl,f,5.35,pl,f,5.38,sg,f,4.95,like
the women see the girls near the ladies.,near,peripheral,pl,f,5.35,pl,f,5.38,pl,f,4.95,see
the women near the ladies see the girls.,near,center_embedding,pl,f,5.35,pl,f,5.38,pl,f,4.95,see
the women see the girls behind the ladies.,behind,peripheral,pl,f,5.35,pl,f,5.38,pl,f,4.95,see
the women behind the ladies see the girls.,behind,center_embedding,pl,f,5.35,pl,f,5.38,pl,f,4.95,see
the women like the girls near the ladies.,near,peripheral,pl,f,5.35,pl,f,5.38,pl,f,4.95,like
the women near the ladies like the girls.,near,center_embedding,pl,f,5.35,pl,f,5.38,pl,f,4.95,like
the women like the girls behind the ladies.,behind,peripheral,pl,f,5.35,pl,f,5.38,pl,f,4.95,like
the women behind the ladies like the girls.,behind,center_embedding,pl,f,5.35,pl,f,5.38,pl,f,4.95,like
the woman sees the girl near the man.,near,peripheral,sg,f,5.35,sg,f,5.38,sg,m,5.82,see
the woman near the man sees the girl.,near,center_embedding,sg,f,5.35,sg,f,5.38,sg,m,5.82,see
the woman sees the girl behind the man.,behind,peripheral,sg,f,5.35,sg,f,5.38,sg,m,5.82,see
the woman behind the man sees the girl.,behind,center_embedding,sg,f,5.35,sg,f,5.38,sg,m,5.82,see
the woman likes the girl near the man.,near,peripheral,sg,f,5.35,sg,f,5.38,sg,m,5.82,like
the woman near the man likes the girl.,near,center_embedding,sg,f,5.35,sg,f,5.38,sg,m,5.82,like
the woman likes the girl behind the man.,behind,peripheral,sg,f,5.35,sg,f,5.38,sg,m,5.82,like
the woman behind the man likes the girl.,behind,center_embedding,sg,f,5.35,sg,f,5.38,sg,m,5.82,like
the woman sees the girl near the men.,near,peripheral,sg,f,5.35,sg,f,5.38,pl,m,5.82,see
the woman near the men sees the girl.,near,center_embedding,sg,f,5.35,sg,f,5.38,pl,m,5.82,see
the woman sees the girl behind the men.,behind,peripheral,sg,f,5.35,sg,f,5.38,pl,m,5.82,see
the woman behind the men sees the girl.,behind,center_embedding,sg,f,5.35,sg,f,5.38,pl,m,5.82,see
the woman likes the girl near the men.,near,peripheral,sg,f,5.35,sg,f,5.38,pl,m,5.82,like
the woman near the men likes the girl.,near,center_embedding,sg,f,5.35,sg,f,5.38,pl,m,5.82,like
the woman likes the girl behind the men.,behind,peripheral,sg,f,5.35,sg,f,5.38,pl,m,5.82,like
the woman behind the men likes the girl.,behind,center_embedding,sg,f,5.35,sg,f,5.38,pl,m,5.82,like
the woman sees the girls near the man.,near,peripheral,sg,f,5.35,pl,f,5.38,sg,m,5.82,see
the woman near the man sees the girls.,near,center_embedding,sg,f,5.35,pl,f,5.38,sg,m,5.82,see
the woman sees the girls behind the man.,behind,peripheral,sg,f,5.35,pl,f,5.38,sg,m,5.82,see
the woman behind the man sees the girls.,behind,center_embedding,sg,f,5.35,pl,f,5.38,sg,m,5.82,see
the woman likes the girls near the man.,near,peripheral,sg,f,5.35,pl,f,5.38,sg,m,5.82,like
the woman near the man likes the girls.,near,center_embedding,sg,f,5.35,pl,f,5.38,sg,m,5.82,like
the woman likes the girls behind the man.,behind,peripheral,sg,f,5.35,pl,f,5.38,sg,m,5.82,like
the woman behind the man likes the girls.,behind,center_embedding,sg,f,5.35,pl,f,5.38,sg,m,5.82,like
the woman sees the girls near the men.,near,peripheral,sg,f,5.35,pl,f,5.38,pl,m,5.82,see
the woman near the men sees the girls.,near,center_embedding,sg,f,5.35,pl,f,5.38,pl,m,5.82,see
the woman sees the girls behind the men.,behind,peripheral,sg,f,5.35,pl,f,5.38,pl,m,5.82,see
the woman behind the men sees the girls.,behind,center_embedding,sg,f,5.35,pl,f,5.38,pl,m,5.82,see
the woman likes the girls near the men.,near,peripheral,sg,f,5.35,pl,f,5.38,pl,m,5.82,like
the woman near the men likes the girls.,near,center_embedding,sg,f,5.35,pl,f,5.38,pl,m,5.82,like
the woman likes the girls behind the men.,behind,peripheral,sg,f,5.35,pl,f,5.38,pl,m,5.82,like
the woman behind the men likes the girls.,behind,center_embedding,sg,f,5.35,pl,f,5.38,pl,m,5.82,like
the women see the girl near the man.,near,peripheral,pl,f,5.35,sg,f,5.38,sg,m,5.82,see
the women near the man see the girl.,near,center_embedding,pl,f,5.35,sg,f,5.38,sg,m,5.82,see
the women see the girl behind the man.,behind,peripheral,pl,f,5.35,sg,f,5.38,sg,m,5.82,see
the women behind the man see the girl.,behind,center_embedding,pl,f,5.35,sg,f,5.38,sg,m,5.82,see
the women like the girl near the man.,near,peripheral,pl,f,5.35,sg,f,5.38,sg,m,5.82,like
the women near the man like the girl.,near,center_embedding,pl,f,5.35,sg,f,5.38,sg,m,5.82,like
the women like the girl behind the man.,behind,peripheral,pl,f,5.35,sg,f,5.38,sg,m,5.82,like
the women behind the man like the girl.,behind,center_embedding,pl,f,5.35,sg,f,5.38,sg,m,5.82,like
the women see the girl near the men.,near,peripheral,pl,f,5.35,sg,f,5.38,pl,m,5.82,see
the women near the men see the girl.,near,center_embedding,pl,f,5.35,sg,f,5.38,pl,m,5.82,see
the women see the girl behind the men.,behind,peripheral,pl,f,5.35,sg,f,5.38,pl,m,5.82,see
the women behind the men see the girl.,behind,center_embedding,pl,f,5.35,sg,f,5.38,pl,m,5.82,see
the women like the girl near the men.,near,peripheral,pl,f,5.35,sg,f,5.38,pl,m,5.82,like
the women near the men like the girl.,near,center_embedding,pl,f,5.35,sg,f,5.38,pl,m,5.82,like
the women like the girl behind the men.,behind,peripheral,pl,f,5.35,sg,f,5.38,pl,m,5.82,like
the women behind the men like the girl.,behind,center_embedding,pl,f,5.35,sg,f,5.38,pl,m,5.82,like
the women see the girls near the man.,near,peripheral,pl,f,5.35,pl,f,5.38,sg,m,5.82,see
the women near the man see the girls.,near,center_embedding,pl,f,5.35,pl,f,5.38,sg,m,5.82,see
the women see the girls behind the man.,behind,peripheral,pl,f,5.35,pl,f,5.38,sg,m,5.82,see
the women behind the man see the girls.,behind,center_embedding,pl,f,5.35,pl,f,5.38,sg,m,5.82,see
the women like the girls near the man.,near,peripheral,pl,f,5.35,pl,f,5.38,sg,m,5.82,like
the women near the man like the girls.,near,center_embedding,pl,f,5.35,pl,f,5.38,sg,m,5.82,like
the women like the girls behind the man.,behind,peripheral,pl,f,5.35,pl,f,5.38,sg,m,5.82,like
the women behind the man like the girls.,behind,center_embedding,pl,f,5.35,pl,f,5.38,sg,m,5.82,like
the women see the girls near the men.,near,peripheral,pl,f,5.35,pl,f,5.38,pl,m,5.82,see
the women near the men see the girls.,near,center_embedding,pl,f,5.35,pl,f,5.38,pl,m,5.82,see
the women see the girls behind the men.,behind,peripheral,pl,f,5.35,pl,f,5.38,pl,m,5.82,see
the women behind the men see the girls.,behind,center_embedding,pl,f,5.35,pl,f,5.38,pl,m,5.82,see
the women like the girls near the men.,near,peripheral,pl,f,5.35,pl,f,5.38,pl,m,5.82,like
the women near the men like the girls.,near,center_embedding,pl,f,5.35,pl,f,5.38,pl,m,5.82,like
the women like the girls behind the men.,behind,peripheral,pl,f,5.35,pl,f,5.38,pl,m,5.82,like
the women behind the men like the girls.,behind,center_embedding,pl,f,5.35,pl,f,5.38,pl,m,5.82,like
the woman sees the girl near the boy.,near,peripheral,sg,f,5.35,sg,f,5.38,sg,m,5.17,see
the woman near the boy sees the girl.,near,center_embedding,sg,f,5.35,sg,f,5.38,sg,m,5.17,see
the woman sees the girl behind the boy.,behind,peripheral,sg,f,5.35,sg,f,5.38,sg,m,5.17,see
the woman behind the boy sees the girl.,behind,center_embedding,sg,f,5.35,sg,f,5.38,sg,m,5.17,see
the woman likes the girl near the boy.,near,peripheral,sg,f,5.35,sg,f,5.38,sg,m,5.17,like
the woman near the boy likes the girl.,near,center_embedding,sg,f,5.35,sg,f,5.38,sg,m,5.17,like
the woman likes the girl behind the boy.,behind,peripheral,sg,f,5.35,sg,f,5.38,sg,m,5.17,like
the woman behind the boy likes the girl.,behind,center_embedding,sg,f,5.35,sg,f,5.38,sg,m,5.17,like
the woman sees the girl near the boys.,near,peripheral,sg,f,5.35,sg,f,5.38,pl,m,5.17,see
the woman near the boys sees the girl.,near,center_embedding,sg,f,5.35,sg,f,5.38,pl,m,5.17,see
the woman sees the girl behind the boys.,behind,peripheral,sg,f,5.35,sg,f,5.38,pl,m,5.17,see
the woman behind the boys sees the girl.,behind,center_embedding,sg,f,5.35,sg,f,5.38,pl,m,5.17,see
the woman likes the girl near the boys.,near,peripheral,sg,f,5.35,sg,f,5.38,pl,m,5.17,like
the woman near the boys likes the girl.,near,center_embedding,sg,f,5.35,sg,f,5.38,pl,m,5.17,like
the woman likes the girl behind the boys.,behind,peripheral,sg,f,5.35,sg,f,5.38,pl,m,5.17,like
the woman behind the boys likes the girl.,behind,center_embedding,sg,f,5.35,sg,f,5.38,pl,m,5.17,like
the woman sees the girls near the boy.,near,peripheral,sg,f,5.35,pl,f,5.38,sg,m,5.17,see
the woman near the boy sees the girls.,near,center_embedding,sg,f,5.35,pl,f,5.38,sg,m,5.17,see
the woman sees the girls behind the boy.,behind,peripheral,sg,f,5.35,pl,f,5.38,sg,m,5.17,see
the woman behind the boy sees the girls.,behind,center_embedding,sg,f,5.35,pl,f,5.38,sg,m,5.17,see
the woman likes the girls near the boy.,near,peripheral,sg,f,5.35,pl,f,5.38,sg,m,5.17,like
the woman near the boy likes the girls.,near,center_embedding,sg,f,5.35,pl,f,5.38,sg,m,5.17,like
the woman likes the girls behind the boy.,behind,peripheral,sg,f,5.35,pl,f,5.38,sg,m,5.17,like
the woman behind the boy likes the girls.,behind,center_embedding,sg,f,5.35,pl,f,5.38,sg,m,5.17,like
the woman sees the girls near the boys.,near,peripheral,sg,f,5.35,pl,f,5.38,pl,m,5.17,see
the woman near the boys sees the girls.,near,center_embedding,sg,f,5.35,pl,f,5.38,pl,m,5.17,see
the woman sees the girls behind the boys.,behind,peripheral,sg,f,5.35,pl,f,5.38,pl,m,5.17,see
the woman behind the boys sees the girls.,behind,center_embedding,sg,f,5.35,pl,f,5.38,pl,m,5.17,see
the woman likes the girls near the boys.,near,peripheral,sg,f,5.35,pl,f,5.38,pl,m,5.17,like
the woman near the boys likes the girls.,near,center_embedding,sg,f,5.35,pl,f,5.38,pl,m,5.17,like
the woman likes the girls behind the boys.,behind,peripheral,sg,f,5.35,pl,f,5.38,pl,m,5.17,like
the woman behind the boys likes the girls.,behind,center_embedding,sg,f,5.35,pl,f,5.38,pl,m,5.17,like
the women see the girl near the boy.,near,peripheral,pl,f,5.35,sg,f,5.38,sg,m,5.17,see
the women near the boy see the girl.,near,center_embedding,pl,f,5.35,sg,f,5.38,sg,m,5.17,see
the women see the girl behind the boy.,behind,peripheral,pl,f,5.35,sg,f,5.38,sg,m,5.17,see
the women behind the boy see the girl.,behind,center_embedding,pl,f,5.35,sg,f,5.38,sg,m,5.17,see
the women like the girl near the boy.,near,peripheral,pl,f,5.35,sg,f,5.38,sg,m,5.17,like
the women near the boy like the girl.,near,center_embedding,pl,f,5.35,sg,f,5.38,sg,m,5.17,like
the women like the girl behind the boy.,behind,peripheral,pl,f,5.35,sg,f,5.38,sg,m,5.17,like
the women behind the boy like the girl.,behind,center_embedding,pl,f,5.35,sg,f,5.38,sg,m,5.17,like
the women see the girl near the boys.,near,peripheral,pl,f,5.35,sg,f,5.38,pl,m,5.17,see
the women near the boys see the girl.,near,center_embedding,pl,f,5.35,sg,f,5.38,pl,m,5.17,see
the women see the girl behind the boys.,behind,peripheral,pl,f,5.35,sg,f,5.38,pl,m,5.17,see
the women behind the boys see the girl.,behind,center_embedding,pl,f,5.35,sg,f,5.38,pl,m,5.17,see
the women like the girl near the boys.,near,peripheral,pl,f,5.35,sg,f,5.38,pl,m,5.17,like
the women near the boys like the girl.,near,center_embedding,pl,f,5.35,sg,f,5.38,pl,m,5.17,like
the women like the girl behind the boys.,behind,peripheral,pl,f,5.35,sg,f,5.38,pl,m,5.17,like
the women behind the boys like the girl.,behind,center_embedding,pl,f,5.35,sg,f,5.38,pl,m,5.17,like
the women see the girls near the boy.,near,peripheral,pl,f,5.35,pl,f,5.38,sg,m,5.17,see
the women near the boy see the girls.,near,center_embedding,pl,f,5.35,pl,f,5.38,sg,m,5.17,see
the women see the girls behind the boy.,behind,peripheral,pl,f,5.35,pl,f,5.38,sg,m,5.17,see
the women behind the boy see the girls.,behind,center_embedding,pl,f,5.35,pl,f,5.38,sg,m,5.17,see
the women like the girls near the boy.,near,peripheral,pl,f,5.35,pl,f,5.38,sg,m,5.17,like
the women near the boy like the girls.,near,center_embedding,pl,f,5.35,pl,f,5.38,sg,m,5.17,like
the women like the girls behind the boy.,behind,peripheral,pl,f,5.35,pl,f,5.38,sg,m,5.17,like
the women behind the boy like the girls.,behind,center_embedding,pl,f,5.35,pl,f,5.38,sg,m,5.17,like
the women see the girls near the boys.,near,peripheral,pl,f,5.35,pl,f,5.38,pl,m,5.17,see
the women near the boys see the girls.,near,center_embedding,pl,f,5.35,pl,f,5.38,pl,m,5.17,see
the women see the girls behind the boys.,behind,peripheral,pl,f,5.35,pl,f,5.38,pl,m,5.17,see
the women behind the boys see the girls.,behind,center_embedding,pl,f,5.35,pl,f,5.38,pl,m,5.17,see
the women like the girls near the boys.,near,peripheral,pl,f,5.35,pl,f,5.38,pl,m,5.17,like
the women near the boys like the girls.,near,center_embedding,pl,f,5.35,pl,f,5.38,pl,m,5.17,like
the women like the girls behind the boys.,behind,peripheral,pl,f,5.35,pl,f,5.38,pl,m,5.17,like
the women behind the boys like the girls.,behind,center_embedding,pl,f,5.35,pl,f,5.38,pl,m,5.17,like
the woman sees the girl near the king.,near,peripheral,sg,f,5.35,sg,f,5.38,sg,m,5.17,see
the woman near the king sees the girl.,near,center_embedding,sg,f,5.35,sg,f,5.38,sg,m,5.17,see
the woman sees the girl behind the king.,behind,peripheral,sg,f,5.35,sg,f,5.38,sg,m,5.17,see
the woman behind the king sees the girl.,behind,center_embedding,sg,f,5.35,sg,f,5.38,sg,m,5.17,see
the woman likes the girl near the king.,near,peripheral,sg,f,5.35,sg,f,5.38,sg,m,5.17,like
the woman near the king likes the girl.,near,center_embedding,sg,f,5.35,sg,f,5.38,sg,m,5.17,like
the woman likes the girl behind the king.,behind,peripheral,sg,f,5.35,sg,f,5.38,sg,m,5.17,like
the woman behind the king likes the girl.,behind,center_embedding,sg,f,5.35,sg,f,5.38,sg,m,5.17,like
the woman sees the girl near the kings.,near,peripheral,sg,f,5.35,sg,f,5.38,pl,m,5.17,see
the woman near the kings sees the girl.,near,center_embedding,sg,f,5.35,sg,f,5.38,pl,m,5.17,see
the woman sees the girl behind the kings.,behind,peripheral,sg,f,5.35,sg,f,5.38,pl,m,5.17,see
the woman behind the kings sees the girl.,behind,center_embedding,sg,f,5.35,sg,f,5.38,pl,m,5.17,see
the woman likes the girl near the kings.,near,peripheral,sg,f,5.35,sg,f,5.38,pl,m,5.17,like
the woman near the kings likes the girl.,near,center_embedding,sg,f,5.35,sg,f,5.38,pl,m,5.17,like
the woman likes the girl behind the kings.,behind,peripheral,sg,f,5.35,sg,f,5.38,pl,m,5.17,like
the woman behind the kings likes the girl.,behind,center_embedding,sg,f,5.35,sg,f,5.38,pl,m,5.17,like
the woman sees the girls near the king.,near,peripheral,sg,f,5.35,pl,f,5.38,sg,m,5.17,see
the woman near the king sees the girls.,near,center_embedding,sg,f,5.35,pl,f,5.38,sg,m,5.17,see
the woman sees the girls behind the king.,behind,peripheral,sg,f,5.35,pl,f,5.38,sg,m,5.17,see
the woman behind the king sees the girls.,behind,center_embedding,sg,f,5.35,pl,f,5.38,sg,m,5.17,see
the woman likes the girls near the king.,near,peripheral,sg,f,5.35,pl,f,5.38,sg,m,5.17,like
the woman near the king likes the girls.,near,center_embedding,sg,f,5.35,pl,f,5.38,sg,m,5.17,like
the woman likes the girls behind the king.,behind,peripheral,sg,f,5.35,pl,f,5.38,sg,m,5.17,like
the woman behind the king likes the girls.,behind,center_embedding,sg,f,5.35,pl,f,5.38,sg,m,5.17,like
the woman sees the girls near the kings.,near,peripheral,sg,f,5.35,pl,f,5.38,pl,m,5.17,see
the woman near the kings sees the girls.,near,center_embedding,sg,f,5.35,pl,f,5.38,pl,m,5.17,see
the woman sees the girls behind the kings.,behind,peripheral,sg,f,5.35,pl,f,5.38,pl,m,5.17,see
the woman behind the kings sees the girls.,behind,center_embedding,sg,f,5.35,pl,f,5.38,pl,m,5.17,see
the woman likes the girls near the kings.,near,peripheral,sg,f,5.35,pl,f,5.38,pl,m,5.17,like
the woman near the kings likes the girls.,near,center_embedding,sg,f,5.35,pl,f,5.38,pl,m,5.17,like
the woman likes the girls behind the kings.,behind,peripheral,sg,f,5.35,pl,f,5.38,pl,m,5.17,like
the woman behind the kings likes the girls.,behind,center_embedding,sg,f,5.35,pl,f,5.38,pl,m,5.17,like
the women see the girl near the king.,near,peripheral,pl,f,5.35,sg,f,5.38,sg,m,5.17,see
the women near the king see the girl.,near,center_embedding,pl,f,5.35,sg,f,5.38,sg,m,5.17,see
the women see the girl behind the king.,behind,peripheral,pl,f,5.35,sg,f,5.38,sg,m,5.17,see
the women behind the king see the girl.,behind,center_embedding,pl,f,5.35,sg,f,5.38,sg,m,5.17,see
the women like the girl near the king.,near,peripheral,pl,f,5.35,sg,f,5.38,sg,m,5.17,like
the women near the king like the girl.,near,center_embedding,pl,f,5.35,sg,f,5.38,sg,m,5.17,like
the women like the girl behind the king.,behind,peripheral,pl,f,5.35,sg,f,5.38,sg,m,5.17,like
the women behind the king like the girl.,behind,center_embedding,pl,f,5.35,sg,f,5.38,sg,m,5.17,like
the women see the girl near the kings.,near,peripheral,pl,f,5.35,sg,f,5.38,pl,m,5.17,see
the women near the kings see the girl.,near,center_embedding,pl,f,5.35,sg,f,5.38,pl,m,5.17,see
the women see the girl behind the kings.,behind,peripheral,pl,f,5.35,sg,f,5.38,pl,m,5.17,see
the women behind the kings see the girl.,behind,center_embedding,pl,f,5.35,sg,f,5.38,pl,m,5.17,see
the women like the girl near the kings.,near,peripheral,pl,f,5.35,sg,f,5.38,pl,m,5.17,like
the women near the kings like the girl.,near,center_embedding,pl,f,5.35,sg,f,5.38,pl,m,5.17,like
the women like the girl behind the kings.,behind,peripheral,pl,f,5.35,sg,f,5.38,pl,m,5.17,like
the women behind the kings like the girl.,behind,center_embedding,pl,f,5.35,sg,f,5.38,pl,m,5.17,like
the women see the girls near the king.,near,peripheral,pl,f,5.35,pl,f,5.38,sg,m,5.17,see
the women near the king see the girls.,near,center_embedding,pl,f,5.35,pl,f,5.38,sg,m,5.17,see
the women see the girls behind the king.,behind,peripheral,pl,f,5.35,pl,f,5.38,sg,m,5.17,see
the women behind the king see the girls.,behind,center_embedding,pl,f,5.35,pl,f,5.38,sg,m,5.17,see
the women like the girls near the king.,near,peripheral,pl,f,5.35,pl,f,5.38,sg,m,5.17,like
the women near the king like the girls.,near,center_embedding,pl,f,5.35,pl,f,5.38,sg,m,5.17,like
the women like the girls behind the king.,behind,peripheral,pl,f,5.35,pl,f,5.38,sg,m,5.17,like
the women behind the king like the girls.,behind,center_embedding,pl,f,5.35,pl,f,5.38,sg,m,5.17,like
the women see the girls near the kings.,near,peripheral,pl,f,5.35,pl,f,5.38,pl,m,5.17,see
the women near the kings see the girls.,near,center_embedding,pl,f,5.35,pl,f,5.38,pl,m,5.17,see
the women see the girls behind the kings.,behind,peripheral,pl,f,5.35,pl,f,5.38,pl,m,5.17,see
the women behind the kings see the girls.,behind,center_embedding,pl,f,5.35,pl,f,5.38,pl,m,5.17,see
the women like the girls near the kings.,near,peripheral,pl,f,5.35,pl,f,5.38,pl,m,5.17,like
the women near the kings like the girls.,near,center_embedding,pl,f,5.35,pl,f,5.38,pl,m,5.17,like
the women like the girls behind the kings.,behind,peripheral,pl,f,5.35,pl,f,5.38,pl,m,5.17,like
the women behind the kings like the girls.,behind,center_embedding,pl,f,5.35,pl,f,5.38,pl,m,5.17,like
the woman sees the lady near the girl.,near,peripheral,sg,f,5.35,sg,f,4.95,sg,f,5.38,see
the woman near the girl sees the lady.,near,center_embedding,sg,f,5.35,sg,f,4.95,sg,f,5.38,see
the woman sees the lady behind the girl.,behind,peripheral,sg,f,5.35,sg,f,4.95,sg,f,5.38,see
the woman behind the girl sees the lady.,behind,center_embedding,sg,f,5.35,sg,f,4.95,sg,f,5.38,see
the woman likes the lady near the girl.,near,peripheral,sg,f,5.35,sg,f,4.95,sg,f,5.38,like
the woman near the girl likes the lady.,near,center_embedding,sg,f,5.35,sg,f,4.95,sg,f,5.38,like
the woman likes the lady behind the girl.,behind,peripheral,sg,f,5.35,sg,f,4.95,sg,f,5.38,like
the woman behind the girl likes the lady.,behind,center_embedding,sg,f,5.35,sg,f,4.95,sg,f,5.38,like
the woman sees the lady near the girls.,near,peripheral,sg,f,5.35,sg,f,4.95,pl,f,5.38,see
the woman near the girls sees the lady.,near,center_embedding,sg,f,5.35,sg,f,4.95,pl,f,5.38,see
the woman sees the lady behind the girls.,behind,peripheral,sg,f,5.35,sg,f,4.95,pl,f,5.38,see
the woman behind the girls sees the lady.,behind,center_embedding,sg,f,5.35,sg,f,4.95,pl,f,5.38,see
the woman likes the lady near the girls.,near,peripheral,sg,f,5.35,sg,f,4.95,pl,f,5.38,like
the woman near the girls likes the lady.,near,center_embedding,sg,f,5.35,sg,f,4.95,pl,f,5.38,like
the woman likes the lady behind the girls.,behind,peripheral,sg,f,5.35,sg,f,4.95,pl,f,5.38,like
the woman behind the girls likes the lady.,behind,center_embedding,sg,f,5.35,sg,f,4.95,pl,f,5.38,like
the woman sees the ladies near the girl.,near,peripheral,sg,f,5.35,pl,f,4.95,sg,f,5.38,see
the woman near the girl sees the ladies.,near,center_embedding,sg,f,5.35,pl,f,4.95,sg,f,5.38,see
the woman sees the ladies behind the girl.,behind,peripheral,sg,f,5.35,pl,f,4.95,sg,f,5.38,see
the woman behind the girl sees the ladies.,behind,center_embedding,sg,f,5.35,pl,f,4.95,sg,f,5.38,see
the woman likes the ladies near the girl.,near,peripheral,sg,f,5.35,pl,f,4.95,sg,f,5.38,like
the woman near the girl likes the ladies.,near,center_embedding,sg,f,5.35,pl,f,4.95,sg,f,5.38,like
the woman likes the ladies behind the girl.,behind,peripheral,sg,f,5.35,pl,f,4.95,sg,f,5.38,like
the woman behind the girl likes the ladies.,behind,center_embedding,sg,f,5.35,pl,f,4.95,sg,f,5.38,like
the woman sees the ladies near the girls.,near,peripheral,sg,f,5.35,pl,f,4.95,pl,f,5.38,see
the woman near the girls sees the ladies.,near,center_embedding,sg,f,5.35,pl,f,4.95,pl,f,5.38,see
the woman sees the ladies behind the girls.,behind,peripheral,sg,f,5.35,pl,f,4.95,pl,f,5.38,see
the woman behind the girls sees the ladies.,behind,center_embedding,sg,f,5.35,pl,f,4.95,pl,f,5.38,see
the woman likes the ladies near the girls.,near,peripheral,sg,f,5.35,pl,f,4.95,pl,f,5.38,like
the woman near the girls likes the ladies.,near,center_embedding,sg,f,5.35,pl,f,4.95,pl,f,5.38,like
the woman likes the ladies behind the girls.,behind,peripheral,sg,f,5.35,pl,f,4.95,pl,f,5.38,like
the woman behind the girls likes the ladies.,behind,center_embedding,sg,f,5.35,pl,f,4.95,pl,f,5.38,like
the women see the lady near the girl.,near,peripheral,pl,f,5.35,sg,f,4.95,sg,f,5.38,see
the women near the girl see the lady.,near,center_embedding,pl,f,5.35,sg,f,4.95,sg,f,5.38,see
the women see the lady behind the girl.,behind,peripheral,pl,f,5.35,sg,f,4.95,sg,f,5.38,see
the women behind the girl see the lady.,behind,center_embedding,pl,f,5.35,sg,f,4.95,sg,f,5.38,see
the women like the lady near the girl.,near,peripheral,pl,f,5.35,sg,f,4.95,sg,f,5.38,like
the women near the girl like the lady.,near,center_embedding,pl,f,5.35,sg,f,4.95,sg,f,5.38,like
the women like the lady behind the girl.,behind,peripheral,pl,f,5.35,sg,f,4.95,sg,f,5.38,like
the women behind the girl like the lady.,behind,center_embedding,pl,f,5.35,sg,f,4.95,sg,f,5.38,like
the women see the lady near the girls.,near,peripheral,pl,f,5.35,sg,f,4.95,pl,f,5.38,see
the women near the girls see the lady.,near,center_embedding,pl,f,5.35,sg,f,4.95,pl,f,5.38,see
the women see the lady behind the girls.,behind,peripheral,pl,f,5.35,sg,f,4.95,pl,f,5.38,see
the women behind the girls see the lady.,behind,center_embedding,pl,f,5.35,sg,f,4.95,pl,f,5.38,see
the women like the lady near the girls.,near,peripheral,pl,f,5.35,sg,f,4.95,pl,f,5.38,like
the women near the girls like the lady.,near,center_embedding,pl,f,5.35,sg,f,4.95,pl,f,5.38,like
the women like the lady behind the girls.,behind,peripheral,pl,f,5.35,sg,f,4.95,pl,f,5.38,like
the women behind the girls like the lady.,behind,center_embedding,pl,f,5.35,sg,f,4.95,pl,f,5.38,like
the women see the ladies near the girl.,near,peripheral,pl,f,5.35,pl,f,4.95,sg,f,5.38,see
the women near the girl see the ladies.,near,center_embedding,pl,f,5.35,pl,f,4.95,sg,f,5.38,see
the women see the ladies behind the girl.,behind,peripheral,pl,f,5.35,pl,f,4.95,sg,f,5.38,see
the women behind the girl see the ladies.,behind,center_embedding,pl,f,5.35,pl,f,4.95,sg,f,5.38,see
the women like the ladies near the girl.,near,peripheral,pl,f,5.35,pl,f,4.95,sg,f,5.38,like
the women near the girl like the ladies.,near,center_embedding,pl,f,5.35,pl,f,4.95,sg,f,5.38,like
the women like the ladies behind the girl.,behind,peripheral,pl,f,5.35,pl,f,4.95,sg,f,5.38,like
the women behind the girl like the ladies.,behind,center_embedding,pl,f,5.35,pl,f,4.95,sg,f,5.38,like
the women see the ladies near the girls.,near,peripheral,pl,f,5.35,pl,f,4.95,pl,f,5.38,see
the women near the girls see the ladies.,near,center_embedding,pl,f,5.35,pl,f,4.95,pl,f,5.38,see
the women see the ladies behind the girls.,behind,peripheral,pl,f,5.35,pl,f,4.95,pl,f,5.38,see
the women behind the girls see the ladies.,behind,center_embedding,pl,f,5.35,pl,f,4.95,pl,f,5.38,see
the women like the ladies near the girls.,near,peripheral,pl,f,5.35,pl,f,4.95,pl,f,5.38,like
the women near the girls like the ladies.,near,center_embedding,pl,f,5.35,pl,f,4.95,pl,f,5.38,like
the women like the ladies behind the girls.,behind,peripheral,pl,f,5.35,pl,f,4.95,pl,f,5.38,like
the women behind the girls like the ladies.,behind,center_embedding,pl,f,5.35,pl,f,4.95,pl,f,5.38,like
the woman sees the lady near the man.,near,peripheral,sg,f,5.35,sg,f,4.95,sg,m,5.82,see
the woman near the man sees the lady.,near,center_embedding,sg,f,5.35,sg,f,4.95,sg,m,5.82,see
the woman sees the lady behind the man.,behind,peripheral,sg,f,5.35,sg,f,4.95,sg,m,5.82,see
the woman behind the man sees the lady.,behind,center_embedding,sg,f,5.35,sg,f,4.95,sg,m,5.82,see
the woman likes the lady near the man.,near,peripheral,sg,f,5.35,sg,f,4.95,sg,m,5.82,like
the woman near the man likes the lady.,near,center_embedding,sg,f,5.35,sg,f,4.95,sg,m,5.82,like
the woman likes the lady behind the man.,behind,peripheral,sg,f,5.35,sg,f,4.95,sg,m,5.82,like
the woman behind the man likes the lady.,behind,center_embedding,sg,f,5.35,sg,f,4.95,sg,m,5.82,like
the woman sees the lady near the men.,near,peripheral,sg,f,5.35,sg,f,4.95,pl,m,5.82,see
the woman near the men sees the lady.,near,center_embedding,sg,f,5.35,sg,f,4.95,pl,m,5.82,see
the woman sees the lady behind the men.,behind,peripheral,sg,f,5.35,sg,f,4.95,pl,m,5.82,see
the woman behind the men sees the lady.,behind,center_embedding,sg,f,5.35,sg,f,4.95,pl,m,5.82,see
the woman likes the lady near the men.,near,peripheral,sg,f,5.35,sg,f,4.95,pl,m,5.82,like
the woman near the men likes the lady.,near,center_embedding,sg,f,5.35,sg,f,4.95,pl,m,5.82,like
the woman likes the lady behind the men.,behind,peripheral,sg,f,5.35,sg,f,4.95,pl,m,5.82,like
the woman behind the men likes the lady.,behind,center_embedding,sg,f,5.35,sg,f,4.95,pl,m,5.82,like
the woman sees the ladies near the man.,near,peripheral,sg,f,5.35,pl,f,4.95,sg,m,5.82,see
the woman near the man sees the ladies.,near,center_embedding,sg,f,5.35,pl,f,4.95,sg,m,5.82,see
the woman sees the ladies behind the man.,behind,peripheral,sg,f,5.35,pl,f,4.95,sg,m,5.82,see
the woman behind the man sees the ladies.,behind,center_embedding,sg,f,5.35,pl,f,4.95,sg,m,5.82,see
the woman likes the ladies near the man.,near,peripheral,sg,f,5.35,pl,f,4.95,sg,m,5.82,like
the woman near the man likes the ladies.,near,center_embedding,sg,f,5.35,pl,f,4.95,sg,m,5.82,like
the woman likes the ladies behind the man.,behind,peripheral,sg,f,5.35,pl,f,4.95,sg,m,5.82,like
the woman behind the man likes the ladies.,behind,center_embedding,sg,f,5.35,pl,f,4.95,sg,m,5.82,like
the woman sees the ladies near the men.,near,peripheral,sg,f,5.35,pl,f,4.95,pl,m,5.82,see
the woman near the men sees the ladies.,near,center_embedding,sg,f,5.35,pl,f,4.95,pl,m,5.82,see
the woman sees the ladies behind the men.,behind,peripheral,sg,f,5.35,pl,f,4.95,pl,m,5.82,see
the woman behind the men sees the ladies.,behind,center_embedding,sg,f,5.35,pl,f,4.95,pl,m,5.82,see
the woman likes the ladies near the men.,near,peripheral,sg,f,5.35,pl,f,4.95,pl,m,5.82,like
the woman near the men likes the ladies.,near,center_embedding,sg,f,5.35,pl,f,4.95,pl,m,5.82,like
the woman likes the ladies behind the men.,behind,peripheral,sg,f,5.35,pl,f,4.95,pl,m,5.82,like
the woman behind the men likes the ladies.,behind,center_embedding,sg,f,5.35,pl,f,4.95,pl,m,5.82,like
the women see the lady near the man.,near,peripheral,pl,f,5.35,sg,f,4.95,sg,m,5.82,see
the women near the man see the lady.,near,center_embedding,pl,f,5.35,sg,f,4.95,sg,m,5.82,see
the women see the lady behind the man.,behind,peripheral,pl,f,5.35,sg,f,4.95,sg,m,5.82,see
the women behind the man see the lady.,behind,center_embedding,pl,f,5.35,sg,f,4.95,sg,m,5.82,see
the women like the lady near the man.,near,peripheral,pl,f,5.35,sg,f,4.95,sg,m,5.82,like
the women near the man like the lady.,near,center_embedding,pl,f,5.35,sg,f,4.95,sg,m,5.82,like
the women like the lady behind the man.,behind,peripheral,pl,f,5.35,sg,f,4.95,sg,m,5.82,like
the women behind the man like the lady.,behind,center_embedding,pl,f,5.35,sg,f,4.95,sg,m,5.82,like
the women see the lady near the men.,near,peripheral,pl,f,5.35,sg,f,4.95,pl,m,5.82,see
the women near the men see the lady.,near,center_embedding,pl,f,5.35,sg,f,4.95,pl,m,5.82,see
the women see the lady behind the men.,behind,peripheral,pl,f,5.35,sg,f,4.95,pl,m,5.82,see
the women behind the men see the lady.,behind,center_embedding,pl,f,5.35,sg,f,4.95,pl,m,5.82,see
the women like the lady near the men.,near,peripheral,pl,f,5.35,sg,f,4.95,pl,m,5.82,like
the women near the men like the lady.,near,center_embedding,pl,f,5.35,sg,f,4.95,pl,m,5.82,like
the women like the lady behind the men.,behind,peripheral,pl,f,5.35,sg,f,4.95,pl,m,5.82,like
the women behind the men like the lady.,behind,center_embedding,pl,f,5.35,sg,f,4.95,pl,m,5.82,like
the women see the ladies near the man.,near,peripheral,pl,f,5.35,pl,f,4.95,sg,m,5.82,see
the women near the man see the ladies.,near,center_embedding,pl,f,5.35,pl,f,4.95,sg,m,5.82,see
the women see the ladies behind the man.,behind,peripheral,pl,f,5.35,pl,f,4.95,sg,m,5.82,see
the women behind the man see the ladies.,behind,center_embedding,pl,f,5.35,pl,f,4.95,sg,m,5.82,see
the women like the ladies near the man.,near,peripheral,pl,f,5.35,pl,f,4.95,sg,m,5.82,like
the women near the man like the ladies.,near,center_embedding,pl,f,5.35,pl,f,4.95,sg,m,5.82,like
the women like the ladies behind the man.,behind,peripheral,pl,f,5.35,pl,f,4.95,sg,m,5.82,like
the women behind the man like the ladies.,behind,center_embedding,pl,f,5.35,pl,f,4.95,sg,m,5.82,like
the women see the ladies near the men.,near,peripheral,pl,f,5.35,pl,f,4.95,pl,m,5.82,see
the women near the men see the ladies.,near,center_embedding,pl,f,5.35,pl,f,4.95,pl,m,5.82,see
the women see the ladies behind the men.,behind,peripheral,pl,f,5.35,pl,f,4.95,pl,m,5.82,see
the women behind the men see the ladies.,behind,center_embedding,pl,f,5.35,pl,f,4.95,pl,m,5.82,see
the women like the ladies near the men.,near,peripheral,pl,f,5.35,pl,f,4.95,pl,m,5.82,like
the women near the men like the ladies.,near,center_embedding,pl,f,5.35,pl,f,4.95,pl,m,5.82,like
the women like the ladies behind the men.,behind,peripheral,pl,f,5.35,pl,f,4.95,pl,m,5.82,like
the women behind the men like the ladies.,behind,center_embedding,pl,f,5.35,pl,f,4.95,pl,m,5.82,like
the woman sees the lady near the boy.,near,peripheral,sg,f,5.35,sg,f,4.95,sg,m,5.17,see
the woman near the boy sees the lady.,near,center_embedding,sg,f,5.35,sg,f,4.95,sg,m,5.17,see
the woman sees the lady behind the boy.,behind,peripheral,sg,f,5.35,sg,f,4.95,sg,m,5.17,see
the woman behind the boy sees the lady.,behind,center_embedding,sg,f,5.35,sg,f,4.95,sg,m,5.17,see
the woman likes the lady near the boy.,near,peripheral,sg,f,5.35,sg,f,4.95,sg,m,5.17,like
the woman near the boy likes the lady.,near,center_embedding,sg,f,5.35,sg,f,4.95,sg,m,5.17,like
the woman likes the lady behind the boy.,behind,peripheral,sg,f,5.35,sg,f,4.95,sg,m,5.17,like
the woman behind the boy likes the lady.,behind,center_embedding,sg,f,5.35,sg,f,4.95,sg,m,5.17,like
the woman sees the lady near the boys.,near,peripheral,sg,f,5.35,sg,f,4.95,pl,m,5.17,see
the woman near the boys sees the lady.,near,center_embedding,sg,f,5.35,sg,f,4.95,pl,m,5.17,see
the woman sees the lady behind the boys.,behind,peripheral,sg,f,5.35,sg,f,4.95,pl,m,5.17,see
the woman behind the boys sees the lady.,behind,center_embedding,sg,f,5.35,sg,f,4.95,pl,m,5.17,see
the woman likes the lady near the boys.,near,peripheral,sg,f,5.35,sg,f,4.95,pl,m,5.17,like
the woman near the boys likes the lady.,near,center_embedding,sg,f,5.35,sg,f,4.95,pl,m,5.17,like
the woman likes the lady behind the boys.,behind,peripheral,sg,f,5.35,sg,f,4.95,pl,m,5.17,like
the woman behind the boys likes the lady.,behind,center_embedding,sg,f,5.35,sg,f,4.95,pl,m,5.17,like
the woman sees the ladies near the boy.,near,peripheral,sg,f,5.35,pl,f,4.95,sg,m,5.17,see
the woman near the boy sees the ladies.,near,center_embedding,sg,f,5.35,pl,f,4.95,sg,m,5.17,see
the woman sees the ladies behind the boy.,behind,peripheral,sg,f,5.35,pl,f,4.95,sg,m,5.17,see
the woman behind the boy sees the ladies.,behind,center_embedding,sg,f,5.35,pl,f,4.95,sg,m,5.17,see
the woman likes the ladies near the boy.,near,peripheral,sg,f,5.35,pl,f,4.95,sg,m,5.17,like
the woman near the boy likes the ladies.,near,center_embedding,sg,f,5.35,pl,f,4.95,sg,m,5.17,like
the woman likes the ladies behind the boy.,behind,peripheral,sg,f,5.35,pl,f,4.95,sg,m,5.17,like
the woman behind the boy likes the ladies.,behind,center_embedding,sg,f,5.35,pl,f,4.95,sg,m,5.17,like
the woman sees the ladies near the boys.,near,peripheral,sg,f,5.35,pl,f,4.95,pl,m,5.17,see
the woman near the boys sees the ladies.,near,center_embedding,sg,f,5.35,pl,f,4.95,pl,m,5.17,see
the woman sees the ladies behind the boys.,behind,peripheral,sg,f,5.35,pl,f,4.95,pl,m,5.17,see
the woman behind the boys sees the ladies.,behind,center_embedding,sg,f,5.35,pl,f,4.95,pl,m,5.17,see
the woman likes the ladies near the boys.,near,peripheral,sg,f,5.35,pl,f,4.95,pl,m,5.17,like
the woman near the boys likes the ladies.,near,center_embedding,sg,f,5.35,pl,f,4.95,pl,m,5.17,like
the woman likes the ladies behind the boys.,behind,peripheral,sg,f,5.35,pl,f,4.95,pl,m,5.17,like
the woman behind the boys likes the ladies.,behind,center_embedding,sg,f,5.35,pl,f,4.95,pl,m,5.17,like
the women see the lady near the boy.,near,peripheral,pl,f,5.35,sg,f,4.95,sg,m,5.17,see
the women near the boy see the lady.,near,center_embedding,pl,f,5.35,sg,f,4.95,sg,m,5.17,see
the women see the lady behind the boy.,behind,peripheral,pl,f,5.35,sg,f,4.95,sg,m,5.17,see
the women behind the boy see the lady.,behind,center_embedding,pl,f,5.35,sg,f,4.95,sg,m,5.17,see
the women like the lady near the boy.,near,peripheral,pl,f,5.35,sg,f,4.95,sg,m,5.17,like
the women near the boy like the lady.,near,center_embedding,pl,f,5.35,sg,f,4.95,sg,m,5.17,like
the women like the lady behind the boy.,behind,peripheral,pl,f,5.35,sg,f,4.95,sg,m,5.17,like
the women behind the boy like the lady.,behind,center_embedding,pl,f,5.35,sg,f,4.95,sg,m,5.17,like
the women see the lady near the boys.,near,peripheral,pl,f,5.35,sg,f,4.95,pl,m,5.17,see
the women near the boys see the lady.,near,center_embedding,pl,f,5.35,sg,f,4.95,pl,m,5.17,see
the women see the lady behind the boys.,behind,peripheral,pl,f,5.35,sg,f,4.95,pl,m,5.17,see
the women behind the boys see the lady.,behind,center_embedding,pl,f,5.35,sg,f,4.95,pl,m,5.17,see
the women like the lady near the boys.,near,peripheral,pl,f,5.35,sg,f,4.95,pl,m,5.17,like
the women near the boys like the lady.,near,center_embedding,pl,f,5.35,sg,f,4.95,pl,m,5.17,like
the women like the lady behind the boys.,behind,peripheral,pl,f,5.35,sg,f,4.95,pl,m,5.17,like
the women behind the boys like the lady.,behind,center_embedding,pl,f,5.35,sg,f,4.95,pl,m,5.17,like
the women see the ladies near the boy.,near,peripheral,pl,f,5.35,pl,f,4.95,sg,m,5.17,see
the women near the boy see the ladies.,near,center_embedding,pl,f,5.35,pl,f,4.95,sg,m,5.17,see
the women see the ladies behind the boy.,behind,peripheral,pl,f,5.35,pl,f,4.95,sg,m,5.17,see
the women behind the boy see the ladies.,behind,center_embedding,pl,f,5.35,pl,f,4.95,sg,m,5.17,see
the women like the ladies near the boy.,near,peripheral,pl,f,5.35,pl,f,4.95,sg,m,5.17,like
the women near the boy like the ladies.,near,center_embedding,pl,f,5.35,pl,f,4.95,sg,m,5.17,like
the women like the ladies behind the boy.,behind,peripheral,pl,f,5.35,pl,f,4.95,sg,m,5.17,like
the women behind the boy like the ladies.,behind,center_embedding,pl,f,5.35,pl,f,4.95,sg,m,5.17,like
the women see the ladies near the boys.,near,peripheral,pl,f,5.35,pl,f,4.95,pl,m,5.17,see
the women near the boys see the ladies.,near,center_embedding,pl,f,5.35,pl,f,4.95,pl,m,5.17,see
the women see the ladies behind the boys.,behind,peripheral,pl,f,5.35,pl,f,4.95,pl,m,5.17,see
the women behind the boys see the ladies.,behind,center_embedding,pl,f,5.35,pl,f,4.95,pl,m,5.17,see
the women like the ladies near the boys.,near,peripheral,pl,f,5.35,pl,f,4.95,pl,m,5.17,like
the women near the boys like the ladies.,near,center_embedding,pl,f,5.35,pl,f,4.95,pl,m,5.17,like
the women like the ladies behind the boys.,behind,peripheral,pl,f,5.35,pl,f,4.95,pl,m,5.17,like
the women behind the boys like the ladies.,behind,center_embedding,pl,f,5.35,pl,f,4.95,pl,m,5.17,like
the woman sees the lady near the king.,near,peripheral,sg,f,5.35,sg,f,4.95,sg,m,5.17,see
the woman near the king sees the lady.,near,center_embedding,sg,f,5.35,sg,f,4.95,sg,m,5.17,see
the woman sees the lady behind the king.,behind,peripheral,sg,f,5.35,sg,f,4.95,sg,m,5.17,see
the woman behind the king sees the lady.,behind,center_embedding,sg,f,5.35,sg,f,4.95,sg,m,5.17,see
the woman likes the lady near the king.,near,peripheral,sg,f,5.35,sg,f,4.95,sg,m,5.17,like
the woman near the king likes the lady.,near,center_embedding,sg,f,5.35,sg,f,4.95,sg,m,5.17,like
the woman likes the lady behind the king.,behind,peripheral,sg,f,5.35,sg,f,4.95,sg,m,5.17,like
the woman behind the king likes the lady.,behind,center_embedding,sg,f,5.35,sg,f,4.95,sg,m,5.17,like
the woman sees the lady near the kings.,near,peripheral,sg,f,5.35,sg,f,4.95,pl,m,5.17,see
the woman near the kings sees the lady.,near,center_embedding,sg,f,5.35,sg,f,4.95,pl,m,5.17,see
the woman sees the lady behind the kings.,behind,peripheral,sg,f,5.35,sg,f,4.95,pl,m,5.17,see
the woman behind the kings sees the lady.,behind,center_embedding,sg,f,5.35,sg,f,4.95,pl,m,5.17,see
the woman likes the lady near the kings.,near,peripheral,sg,f,5.35,sg,f,4.95,pl,m,5.17,like
the woman near the kings likes the lady.,near,center_embedding,sg,f,5.35,sg,f,4.95,pl,m,5.17,like
the woman likes the lady behind the kings.,behind,peripheral,sg,f,5.35,sg,f,4.95,pl,m,5.17,like
the woman behind the kings likes the lady.,behind,center_embedding,sg,f,5.35,sg,f,4.95,pl,m,5.17,like
the woman sees the ladies near the king.,near,peripheral,sg,f,5.35,pl,f,4.95,sg,m,5.17,see
the woman near the king sees the ladies.,near,center_embedding,sg,f,5.35,pl,f,4.95,sg,m,5.17,see
the woman sees the ladies behind the king.,behind,peripheral,sg,f,5.35,pl,f,4.95,sg,m,5.17,see
the woman behind the king sees the ladies.,behind,center_embedding,sg,f,5.35,pl,f,4.95,sg,m,5.17,see
the woman likes the ladies near the king.,near,peripheral,sg,f,5.35,pl,f,4.95,sg,m,5.17,like
the woman near the king likes the ladies.,near,center_embedding,sg,f,5.35,pl,f,4.95,sg,m,5.17,like
the woman likes the ladies behind the king.,behind,peripheral,sg,f,5.35,pl,f,4.95,sg,m,5.17,like
the woman behind the king likes the ladies.,behind,center_embedding,sg,f,5.35,pl,f,4.95,sg,m,5.17,like
the woman sees the ladies near the kings.,near,peripheral,sg,f,5.35,pl,f,4.95,pl,m,5.17,see
the woman near the kings sees the ladies.,near,center_embedding,sg,f,5.35,pl,f,4.95,pl,m,5.17,see
the woman sees the ladies behind the kings.,behind,peripheral,sg,f,5.35,pl,f,4.95,pl,m,5.17,see
the woman behind the kings sees the ladies.,behind,center_embedding,sg,f,5.35,pl,f,4.95,pl,m,5.17,see
the woman likes the ladies near the kings.,near,peripheral,sg,f,5.35,pl,f,4.95,pl,m,5.17,like
the woman near the kings likes the ladies.,near,center_embedding,sg,f,5.35,pl,f,4.95,pl,m,5.17,like
the woman likes the ladies behind the kings.,behind,peripheral,sg,f,5.35,pl,f,4.95,pl,m,5.17,like
the woman behind the kings likes the ladies.,behind,center_embedding,sg,f,5.35,pl,f,4.95,pl,m,5.17,like
the women see the lady near the king.,near,peripheral,pl,f,5.35,sg,f,4.95,sg,m,5.17,see
the women near the king see the lady.,near,center_embedding,pl,f,5.35,sg,f,4.95,sg,m,5.17,see
the women see the lady behind the king.,behind,peripheral,pl,f,5.35,sg,f,4.95,sg,m,5.17,see
the women behind the king see the lady.,behind,center_embedding,pl,f,5.35,sg,f,4.95,sg,m,5.17,see
the women like the lady near the king.,near,peripheral,pl,f,5.35,sg,f,4.95,sg,m,5.17,like
the women near the king like the lady.,near,center_embedding,pl,f,5.35,sg,f,4.95,sg,m,5.17,like
the women like the lady behind the king.,behind,peripheral,pl,f,5.35,sg,f,4.95,sg,m,5.17,like
the women behind the king like the lady.,behind,center_embedding,pl,f,5.35,sg,f,4.95,sg,m,5.17,like
the women see the lady near the kings.,near,peripheral,pl,f,5.35,sg,f,4.95,pl,m,5.17,see
the women near the kings see the lady.,near,center_embedding,pl,f,5.35,sg,f,4.95,pl,m,5.17,see
the women see the lady behind the kings.,behind,peripheral,pl,f,5.35,sg,f,4.95,pl,m,5.17,see
the women behind the kings see the lady.,behind,center_embedding,pl,f,5.35,sg,f,4.95,pl,m,5.17,see
the women like the lady near the kings.,near,peripheral,pl,f,5.35,sg,f,4.95,pl,m,5.17,like
the women near the kings like the lady.,near,center_embedding,pl,f,5.35,sg,f,4.95,pl,m,5.17,like
the women like the lady behind the kings.,behind,peripheral,pl,f,5.35,sg,f,4.95,pl,m,5.17,like
the women behind the kings like the lady.,behind,center_embedding,pl,f,5.35,sg,f,4.95,pl,m,5.17,like
the women see the ladies near the king.,near,peripheral,pl,f,5.35,pl,f,4.95,sg,m,5.17,see
the women near the king see the ladies.,near,center_embedding,pl,f,5.35,pl,f,4.95,sg,m,5.17,see
the women see the ladies behind the king.,behind,peripheral,pl,f,5.35,pl,f,4.95,sg,m,5.17,see
the women behind the king see the ladies.,behind,center_embedding,pl,f,5.35,pl,f,4.95,sg,m,5.17,see
the women like the ladies near the king.,near,peripheral,pl,f,5.35,pl,f,4.95,sg,m,5.17,like
the women near the king like the ladies.,near,center_embedding,pl,f,5.35,pl,f,4.95,sg,m,5.17,like
the women like the ladies behind the king.,behind,peripheral,pl,f,5.35,pl,f,4.95,sg,m,5.17,like
the women behind the king like the ladies.,behind,center_embedding,pl,f,5.35,pl,f,4.95,sg,m,5.17,like
the women see the ladies near the kings.,near,peripheral,pl,f,5.35,pl,f,4.95,pl,m,5.17,see
the women near the kings see the ladies.,near,center_embedding,pl,f,5.35,pl,f,4.95,pl,m,5.17,see
the women see the ladies behind the kings.,behind,peripheral,pl,f,5.35,pl,f,4.95,pl,m,5.17,see
the women behind the kings see the ladies.,behind,center_embedding,pl,f,5.35,pl,f,4.95,pl,m,5.17,see
the women like the ladies near the kings.,near,peripheral,pl,f,5.35,pl,f,4.95,pl,m,5.17,like
the women near the kings like the ladies.,near,center_embedding,pl,f,5.35,pl,f,4.95,pl,m,5.17,like
the women like the ladies behind the kings.,behind,peripheral,pl,f,5.35,pl,f,4.95,pl,m,5.17,like
the women behind the kings like the ladies.,behind,center_embedding,pl,f,5.35,pl,f,4.95,pl,m,5.17,like
the woman sees the man near the girl.,near,peripheral,sg,f,5.35,sg,m,5.82,sg,f,5.38,see
the woman near the girl sees the man.,near,center_embedding,sg,f,5.35,sg,m,5.82,sg,f,5.38,see
the woman sees the man behind the girl.,behind,peripheral,sg,f,5.35,sg,m,5.82,sg,f,5.38,see
the woman behind the girl sees the man.,behind,center_embedding,sg,f,5.35,sg,m,5.82,sg,f,5.38,see
the woman likes the man near the girl.,near,peripheral,sg,f,5.35,sg,m,5.82,sg,f,5.38,like
the woman near the girl likes the man.,near,center_embedding,sg,f,5.35,sg,m,5.82,sg,f,5.38,like
the woman likes the man behind the girl.,behind,peripheral,sg,f,5.35,sg,m,5.82,sg,f,5.38,like
the woman behind the girl likes the man.,behind,center_embedding,sg,f,5.35,sg,m,5.82,sg,f,5.38,like
the woman sees the man near the girls.,near,peripheral,sg,f,5.35,sg,m,5.82,pl,f,5.38,see
the woman near the girls sees the man.,near,center_embedding,sg,f,5.35,sg,m,5.82,pl,f,5.38,see
the woman sees the man behind the girls.,behind,peripheral,sg,f,5.35,sg,m,5.82,pl,f,5.38,see
the woman behind the girls sees the man.,behind,center_embedding,sg,f,5.35,sg,m,5.82,pl,f,5.38,see
the woman likes the man near the girls.,near,peripheral,sg,f,5.35,sg,m,5.82,pl,f,5.38,like
the woman near the girls likes the man.,near,center_embedding,sg,f,5.35,sg,m,5.82,pl,f,5.38,like
the woman likes the man behind the girls.,behind,peripheral,sg,f,5.35,sg,m,5.82,pl,f,5.38,like
the woman behind the girls likes the man.,behind,center_embedding,sg,f,5.35,sg,m,5.82,pl,f,5.38,like
the woman sees the men near the girl.,near,peripheral,sg,f,5.35,pl,m,5.82,sg,f,5.38,see
the woman near the girl sees the men.,near,center_embedding,sg,f,5.35,pl,m,5.82,sg,f,5.38,see
the woman sees the men behind the girl.,behind,peripheral,sg,f,5.35,pl,m,5.82,sg,f,5.38,see
the woman behind the girl sees the men.,behind,center_embedding,sg,f,5.35,pl,m,5.82,sg,f,5.38,see
the woman likes the men near the girl.,near,peripheral,sg,f,5.35,pl,m,5.82,sg,f,5.38,like
the woman near the girl likes the men.,near,center_embedding,sg,f,5.35,pl,m,5.82,sg,f,5.38,like
the woman likes the men behind the girl.,behind,peripheral,sg,f,5.35,pl,m,5.82,sg,f,5.38,like
the woman behind the girl likes the men.,behind,center_embedding,sg,f,5.35,pl,m,5.82,sg,f,5.38,like
the woman sees the men near the girls.,near,peripheral,sg,f,5.35,pl,m,5.82,pl,f,5.38,see
the woman near the girls sees the men.,near,center_embedding,sg,f,5.35,pl,m,5.82,pl,f,5.38,see
the woman sees the men behind the girls.,behind,peripheral,sg,f,5.35,pl,m,5.82,pl,f,5.38,see
the woman behind the girls sees the men.,behind,center_embedding,sg,f,5.35,pl,m,5.82,pl,f,5.38,see
the woman likes the men near the girls.,near,peripheral,sg,f,5.35,pl,m,5.82,pl,f,5.38,like
the woman near the girls likes the men.,near,center_embedding,sg,f,5.35,pl,m,5.82,pl,f,5.38,like
the woman likes the men behind the girls.,behind,peripheral,sg,f,5.35,pl,m,5.82,pl,f,5.38,like
the woman behind the girls likes the men.,behind,center_embedding,sg,f,5.35,pl,m,5.82,pl,f,5.38,like
the women see the man near the girl.,near,peripheral,pl,f,5.35,sg,m,5.82,sg,f,5.38,see
the women near the girl see the man.,near,center_embedding,pl,f,5.35,sg,m,5.82,sg,f,5.38,see
the women see the man behind the girl.,behind,peripheral,pl,f,5.35,sg,m,5.82,sg,f,5.38,see
the women behind the girl see the man.,behind,center_embedding,pl,f,5.35,sg,m,5.82,sg,f,5.38,see
the women like the man near the girl.,near,peripheral,pl,f,5.35,sg,m,5.82,sg,f,5.38,like
the women near the girl like the man.,near,center_embedding,pl,f,5.35,sg,m,5.82,sg,f,5.38,like
the women like the man behind the girl.,behind,peripheral,pl,f,5.35,sg,m,5.82,sg,f,5.38,like
the women behind the girl like the man.,behind,center_embedding,pl,f,5.35,sg,m,5.82,sg,f,5.38,like
the women see the man near the girls.,near,peripheral,pl,f,5.35,sg,m,5.82,pl,f,5.38,see
the women near the girls see the man.,near,center_embedding,pl,f,5.35,sg,m,5.82,pl,f,5.38,see
the women see the man behind the girls.,behind,peripheral,pl,f,5.35,sg,m,5.82,pl,f,5.38,see
the women behind the girls see the man.,behind,center_embedding,pl,f,5.35,sg,m,5.82,pl,f,5.38,see
the women like the man near the girls.,near,peripheral,pl,f,5.35,sg,m,5.82,pl,f,5.38,like
the women near the girls like the man.,near,center_embedding,pl,f,5.35,sg,m,5.82,pl,f,5.38,like
the women like the man behind the girls.,behind,peripheral,pl,f,5.35,sg,m,5.82,pl,f,5.38,like
the women behind the girls like the man.,behind,center_embedding,pl,f,5.35,sg,m,5.82,pl,f,5.38,like
the women see the men near the girl.,near,peripheral,pl,f,5.35,pl,m,5.82,sg,f,5.38,see
the women near the girl see the men.,near,center_embedding,pl,f,5.35,pl,m,5.82,sg,f,5.38,see
the women see the men behind the girl.,behind,peripheral,pl,f,5.35,pl,m,5.82,sg,f,5.38,see
the women behind the girl see the men.,behind,center_embedding,pl,f,5.35,pl,m,5.82,sg,f,5.38,see
the women like the men near the girl.,near,peripheral,pl,f,5.35,pl,m,5.82,sg,f,5.38,like
the women near the girl like the men.,near,center_embedding,pl,f,5.35,pl,m,5.82,sg,f,5.38,like
the women like the men behind the girl.,behind,peripheral,pl,f,5.35,pl,m,5.82,sg,f,5.38,like
the women behind the girl like the men.,behind,center_embedding,pl,f,5.35,pl,m,5.82,sg,f,5.38,like
the women see the men near the girls.,near,peripheral,pl,f,5.35,pl,m,5.82,pl,f,5.38,see
the women near the girls see the men.,near,center_embedding,pl,f,5.35,pl,m,5.82,pl,f,5.38,see
the women see the men behind the girls.,behind,peripheral,pl,f,5.35,pl,m,5.82,pl,f,5.38,see
the women behind the girls see the men.,behind,center_embedding,pl,f,5.35,pl,m,5.82,pl,f,5.38,see
the women like the men near the girls.,near,peripheral,pl,f,5.35,pl,m,5.82,pl,f,5.38,like
the women near the girls like the men.,near,center_embedding,pl,f,5.35,pl,m,5.82,pl,f,5.38,like
the women like the men behind the girls.,behind,peripheral,pl,f,5.35,pl,m,5.82,pl,f,5.38,like
the women behind the girls like the men.,behind,center_embedding,pl,f,5.35,pl,m,5.82,pl,f,5.38,like
the woman sees the man near the lady.,near,peripheral,sg,f,5.35,sg,m,5.82,sg,f,4.95,see
the woman near the lady sees the man.,near,center_embedding,sg,f,5.35,sg,m,5.82,sg,f,4.95,see
the woman sees the man behind the lady.,behind,peripheral,sg,f,5.35,sg,m,5.82,sg,f,4.95,see
the woman behind the lady sees the man.,behind,center_embedding,sg,f,5.35,sg,m,5.82,sg,f,4.95,see
the woman likes the man near the lady.,near,peripheral,sg,f,5.35,sg,m,5.82,sg,f,4.95,like
the woman near the lady likes the man.,near,center_embedding,sg,f,5.35,sg,m,5.82,sg,f,4.95,like
the woman likes the man behind the lady.,behind,peripheral,sg,f,5.35,sg,m,5.82,sg,f,4.95,like
the woman behind the lady likes the man.,behind,center_embedding,sg,f,5.35,sg,m,5.82,sg,f,4.95,like
the woman sees the man near the ladies.,near,peripheral,sg,f,5.35,sg,m,5.82,pl,f,4.95,see
the woman near the ladies sees the man.,near,center_embedding,sg,f,5.35,sg,m,5.82,pl,f,4.95,see
the woman sees the man behind the ladies.,behind,peripheral,sg,f,5.35,sg,m,5.82,pl,f,4.95,see
the woman behind the ladies sees the man.,behind,center_embedding,sg,f,5.35,sg,m,5.82,pl,f,4.95,see
the woman likes the man near the ladies.,near,peripheral,sg,f,5.35,sg,m,5.82,pl,f,4.95,like
the woman near the ladies likes the man.,near,center_embedding,sg,f,5.35,sg,m,5.82,pl,f,4.95,like
the woman likes the man behind the ladies.,behind,peripheral,sg,f,5.35,sg,m,5.82,pl,f,4.95,like
the woman behind the ladies likes the man.,behind,center_embedding,sg,f,5.35,sg,m,5.82,pl,f,4.95,like
the woman sees the men near the lady.,near,peripheral,sg,f,5.35,pl,m,5.82,sg,f,4.95,see
the woman near the lady sees the men.,near,center_embedding,sg,f,5.35,pl,m,5.82,sg,f,4.95,see
the woman sees the men behind the lady.,behind,peripheral,sg,f,5.35,pl,m,5.82,sg,f,4.95,see
the woman behind the lady sees the men.,behind,center_embedding,sg,f,5.35,pl,m,5.82,sg,f,4.95,see
the woman likes the men near the lady.,near,peripheral,sg,f,5.35,pl,m,5.82,sg,f,4.95,like
the woman near the lady likes the men.,near,center_embedding,sg,f,5.35,pl,m,5.82,sg,f,4.95,like
the woman likes the men behind the lady.,behind,peripheral,sg,f,5.35,pl,m,5.82,sg,f,4.95,like
the woman behind the lady likes the men.,behind,center_embedding,sg,f,5.35,pl,m,5.82,sg,f,4.95,like
the woman sees the men near the ladies.,near,peripheral,sg,f,5.35,pl,m,5.82,pl,f,4.95,see
the woman near the ladies sees the men.,near,center_embedding,sg,f,5.35,pl,m,5.82,pl,f,4.95,see
the woman sees the men behind the ladies.,behind,peripheral,sg,f,5.35,pl,m,5.82,pl,f,4.95,see
the woman behind the ladies sees the men.,behind,center_embedding,sg,f,5.35,pl,m,5.82,pl,f,4.95,see
the woman likes the men near the ladies.,near,peripheral,sg,f,5.35,pl,m,5.82,pl,f,4.95,like
the woman near the ladies likes the men.,near,center_embedding,sg,f,5.35,pl,m,5.82,pl,f,4.95,like
the woman likes the men behind the ladies.,behind,peripheral,sg,f,5.35,pl,m,5.82,pl,f,4.95,like
the woman behind the ladies likes the men.,behind,center_embedding,sg,f,5.35,pl,m,5.82,pl,f,4.95,like
the women see the man near the lady.,near,peripheral,pl,f,5.35,sg,m,5.82,sg,f,4.95,see
the women near the lady see the man.,near,center_embedding,pl,f,5.35,sg,m,5.82,sg,f,4.95,see
the women see the man behind the lady.,behind,peripheral,pl,f,5.35,sg,m,5.82,sg,f,4.95,see
the women behind the lady see the man.,behind,center_embedding,pl,f,5.35,sg,m,5.82,sg,f,4.95,see
the women like the man near the lady.,near,peripheral,pl,f,5.35,sg,m,5.82,sg,f,4.95,like
the women near the lady like the man.,near,center_embedding,pl,f,5.35,sg,m,5.82,sg,f,4.95,like
the women like the man behind the lady.,behind,peripheral,pl,f,5.35,sg,m,5.82,sg,f,4.95,like
the women behind the lady like the man.,behind,center_embedding,pl,f,5.35,sg,m,5.82,sg,f,4.95,like
the women see the man near the ladies.,near,peripheral,pl,f,5.35,sg,m,5.82,pl,f,4.95,see
the women near the ladies see the man.,near,center_embedding,pl,f,5.35,sg,m,5.82,pl,f,4.95,see
the women see the man behind the ladies.,behind,peripheral,pl,f,5.35,sg,m,5.82,pl,f,4.95,see
the women behind the ladies see the man.,behind,center_embedding,pl,f,5.35,sg,m,5.82,pl,f,4.95,see
the women like the man near the ladies.,near,peripheral,pl,f,5.35,sg,m,5.82,pl,f,4.95,like
the women near the ladies like the man.,near,center_embedding,pl,f,5.35,sg,m,5.82,pl,f,4.95,like
the women like the man behind the ladies.,behind,peripheral,pl,f,5.35,sg,m,5.82,pl,f,4.95,like
the women behind the ladies like the man.,behind,center_embedding,pl,f,5.35,sg,m,5.82,pl,f,4.95,like
the women see the men near the lady.,near,peripheral,pl,f,5.35,pl,m,5.82,sg,f,4.95,see
the women near the lady see the men.,near,center_embedding,pl,f,5.35,pl,m,5.82,sg,f,4.95,see
the women see the men behind the lady.,behind,peripheral,pl,f,5.35,pl,m,5.82,sg,f,4.95,see
the women behind the lady see the men.,behind,center_embedding,pl,f,5.35,pl,m,5.82,sg,f,4.95,see
the women like the men near the lady.,near,peripheral,pl,f,5.35,pl,m,5.82,sg,f,4.95,like
the women near the lady like the men.,near,center_embedding,pl,f,5.35,pl,m,5.82,sg,f,4.95,like
the women like the men behind the lady.,behind,peripheral,pl,f,5.35,pl,m,5.82,sg,f,4.95,like
the women behind the lady like the men.,behind,center_embedding,pl,f,5.35,pl,m,5.82,sg,f,4.95,like
the women see the men near the ladies.,near,peripheral,pl,f,5.35,pl,m,5.82,pl,f,4.95,see
the women near the ladies see the men.,near,center_embedding,pl,f,5.35,pl,m,5.82,pl,f,4.95,see
the women see the men behind the ladies.,behind,peripheral,pl,f,5.35,pl,m,5.82,pl,f,4.95,see
the women behind the ladies see the men.,behind,center_embedding,pl,f,5.35,pl,m,5.82,pl,f,4.95,see
the women like the men near the ladies.,near,peripheral,pl,f,5.35,pl,m,5.82,pl,f,4.95,like
the women near the ladies like the men.,near,center_embedding,pl,f,5.35,pl,m,5.82,pl,f,4.95,like
the women like the men behind the ladies.,behind,peripheral,pl,f,5.35,pl,m,5.82,pl,f,4.95,like
the women behind the ladies like the men.,behind,center_embedding,pl,f,5.35,pl,m,5.82,pl,f,4.95,like
the woman sees the man near the boy.,near,peripheral,sg,f,5.35,sg,m,5.82,sg,m,5.17,see
the woman near the boy sees the man.,near,center_embedding,sg,f,5.35,sg,m,5.82,sg,m,5.17,see
the woman sees the man behind the boy.,behind,peripheral,sg,f,5.35,sg,m,5.82,sg,m,5.17,see
the woman behind the boy sees the man.,behind,center_embedding,sg,f,5.35,sg,m,5.82,sg,m,5.17,see
the woman likes the man near the boy.,near,peripheral,sg,f,5.35,sg,m,5.82,sg,m,5.17,like
the woman near the boy likes the man.,near,center_embedding,sg,f,5.35,sg,m,5.82,sg,m,5.17,like
the woman likes the man behind the boy.,behind,peripheral,sg,f,5.35,sg,m,5.82,sg,m,5.17,like
the woman behind the boy likes the man.,behind,center_embedding,sg,f,5.35,sg,m,5.82,sg,m,5.17,like
the woman sees the man near the boys.,near,peripheral,sg,f,5.35,sg,m,5.82,pl,m,5.17,see
the woman near the boys sees the man.,near,center_embedding,sg,f,5.35,sg,m,5.82,pl,m,5.17,see
the woman sees the man behind the boys.,behind,peripheral,sg,f,5.35,sg,m,5.82,pl,m,5.17,see
the woman behind the boys sees the man.,behind,center_embedding,sg,f,5.35,sg,m,5.82,pl,m,5.17,see
the woman likes the man near the boys.,near,peripheral,sg,f,5.35,sg,m,5.82,pl,m,5.17,like
the woman near the boys likes the man.,near,center_embedding,sg,f,5.35,sg,m,5.82,pl,m,5.17,like
the woman likes the man behind the boys.,behind,peripheral,sg,f,5.35,sg,m,5.82,pl,m,5.17,like
the woman behind the boys likes the man.,behind,center_embedding,sg,f,5.35,sg,m,5.82,pl,m,5.17,like
the woman sees the men near the boy.,near,peripheral,sg,f,5.35,pl,m,5.82,sg,m,5.17,see
the woman near the boy sees the men.,near,center_embedding,sg,f,5.35,pl,m,5.82,sg,m,5.17,see
the woman sees the men behind the boy.,behind,peripheral,sg,f,5.35,pl,m,5.82,sg,m,5.17,see
the woman behind the boy sees the men.,behind,center_embedding,sg,f,5.35,pl,m,5.82,sg,m,5.17,see
the woman likes the men near the boy.,near,peripheral,sg,f,5.35,pl,m,5.82,sg,m,5.17,like
the woman near the boy likes the men.,near,center_embedding,sg,f,5.35,pl,m,5.82,sg,m,5.17,like
the woman likes the men behind the boy.,behind,peripheral,sg,f,5.35,pl,m,5.82,sg,m,5.17,like
the woman behind the boy likes the men.,behind,center_embedding,sg,f,5.35,pl,m,5.82,sg,m,5.17,like
the woman sees the men near the boys.,near,peripheral,sg,f,5.35,pl,m,5.82,pl,m,5.17,see
the woman near the boys sees the men.,near,center_embedding,sg,f,5.35,pl,m,5.82,pl,m,5.17,see
the woman sees the men behind the boys.,behind,peripheral,sg,f,5.35,pl,m,5.82,pl,m,5.17,see
the woman behind the boys sees the men.,behind,center_embedding,sg,f,5.35,pl,m,5.82,pl,m,5.17,see
the woman likes the men near the boys.,near,peripheral,sg,f,5.35,pl,m,5.82,pl,m,5.17,like
the woman near the boys likes the men.,near,center_embedding,sg,f,5.35,pl,m,5.82,pl,m,5.17,like
the woman likes the men behind the boys.,behind,peripheral,sg,f,5.35,pl,m,5.82,pl,m,5.17,like
the woman behind the boys likes the men.,behind,center_embedding,sg,f,5.35,pl,m,5.82,pl,m,5.17,like
the women see the man near the boy.,near,peripheral,pl,f,5.35,sg,m,5.82,sg,m,5.17,see
the women near the boy see the man.,near,center_embedding,pl,f,5.35,sg,m,5.82,sg,m,5.17,see
the women see the man behind the boy.,behind,peripheral,pl,f,5.35,sg,m,5.82,sg,m,5.17,see
the women behind the boy see the man.,behind,center_embedding,pl,f,5.35,sg,m,5.82,sg,m,5.17,see
the women like the man near the boy.,near,peripheral,pl,f,5.35,sg,m,5.82,sg,m,5.17,like
the women near the boy like the man.,near,center_embedding,pl,f,5.35,sg,m,5.82,sg,m,5.17,like
the women like the man behind the boy.,behind,peripheral,pl,f,5.35,sg,m,5.82,sg,m,5.17,like
the women behind the boy like the man.,behind,center_embedding,pl,f,5.35,sg,m,5.82,sg,m,5.17,like
the women see the man near the boys.,near,peripheral,pl,f,5.35,sg,m,5.82,pl,m,5.17,see
the women near the boys see the man.,near,center_embedding,pl,f,5.35,sg,m,5.82,pl,m,5.17,see
the women see the man behind the boys.,behind,peripheral,pl,f,5.35,sg,m,5.82,pl,m,5.17,see
the women behind the boys see the man.,behind,center_embedding,pl,f,5.35,sg,m,5.82,pl,m,5.17,see
the women like the man near the boys.,near,peripheral,pl,f,5.35,sg,m,5.82,pl,m,5.17,like
the women near the boys like the man.,near,center_embedding,pl,f,5.35,sg,m,5.82,pl,m,5.17,like
the women like the man behind the boys.,behind,peripheral,pl,f,5.35,sg,m,5.82,pl,m,5.17,like
the women behind the boys like the man.,behind,center_embedding,pl,f,5.35,sg,m,5.82,pl,m,5.17,like
the women see the men near the boy.,near,peripheral,pl,f,5.35,pl,m,5.82,sg,m,5.17,see
the women near the boy see the men.,near,center_embedding,pl,f,5.35,pl,m,5.82,sg,m,5.17,see
the women see the men behind the boy.,behind,peripheral,pl,f,5.35,pl,m,5.82,sg,m,5.17,see
the women behind the boy see the men.,behind,center_embedding,pl,f,5.35,pl,m,5.82,sg,m,5.17,see
the women like the men near the boy.,near,peripheral,pl,f,5.35,pl,m,5.82,sg,m,5.17,like
the women near the boy like the men.,near,center_embedding,pl,f,5.35,pl,m,5.82,sg,m,5.17,like
the women like the men behind the boy.,behind,peripheral,pl,f,5.35,pl,m,5.82,sg,m,5.17,like
the women behind the boy like the men.,behind,center_embedding,pl,f,5.35,pl,m,5.82,sg,m,5.17,like
the women see the men near the boys.,near,peripheral,pl,f,5.35,pl,m,5.82,pl,m,5.17,see
the women near the boys see the men.,near,center_embedding,pl,f,5.35,pl,m,5.82,pl,m,5.17,see
the women see the men behind the boys.,behind,peripheral,pl,f,5.35,pl,m,5.82,pl,m,5.17,see
the women behind the boys see the men.,behind,center_embedding,pl,f,5.35,pl,m,5.82,pl,m,5.17,see
the women like the men near the boys.,near,peripheral,pl,f,5.35,pl,m,5.82,pl,m,5.17,like
the women near the boys like the men.,near,center_embedding,pl,f,5.35,pl,m,5.82,pl,m,5.17,like
the women like the men behind the boys.,behind,peripheral,pl,f,5.35,pl,m,5.82,pl,m,5.17,like
the women behind the boys like the men.,behind,center_embedding,pl,f,5.35,pl,m,5.82,pl,m,5.17,like
the woman sees the man near the king.,near,peripheral,sg,f,5.35,sg,m,5.82,sg,m,5.17,see
the woman near the king sees the man.,near,center_embedding,sg,f,5.35,sg,m,5.82,sg,m,5.17,see
the woman sees the man behind the king.,behind,peripheral,sg,f,5.35,sg,m,5.82,sg,m,5.17,see
the woman behind the king sees the man.,behind,center_embedding,sg,f,5.35,sg,m,5.82,sg,m,5.17,see
the woman likes the man near the king.,near,peripheral,sg,f,5.35,sg,m,5.82,sg,m,5.17,like
the woman near the king likes the man.,near,center_embedding,sg,f,5.35,sg,m,5.82,sg,m,5.17,like
the woman likes the man behind the king.,behind,peripheral,sg,f,5.35,sg,m,5.82,sg,m,5.17,like
the woman behind the king likes the man.,behind,center_embedding,sg,f,5.35,sg,m,5.82,sg,m,5.17,like
the woman sees the man near the kings.,near,peripheral,sg,f,5.35,sg,m,5.82,pl,m,5.17,see
the woman near the kings sees the man.,near,center_embedding,sg,f,5.35,sg,m,5.82,pl,m,5.17,see
the woman sees the man behind the kings.,behind,peripheral,sg,f,5.35,sg,m,5.82,pl,m,5.17,see
the woman behind the kings sees the man.,behind,center_embedding,sg,f,5.35,sg,m,5.82,pl,m,5.17,see
the woman likes the man near the kings.,near,peripheral,sg,f,5.35,sg,m,5.82,pl,m,5.17,like
the woman near the kings likes the man.,near,center_embedding,sg,f,5.35,sg,m,5.82,pl,m,5.17,like
the woman likes the man behind the kings.,behind,peripheral,sg,f,5.35,sg,m,5.82,pl,m,5.17,like
the woman behind the kings likes the man.,behind,center_embedding,sg,f,5.35,sg,m,5.82,pl,m,5.17,like
the woman sees the men near the king.,near,peripheral,sg,f,5.35,pl,m,5.82,sg,m,5.17,see
the woman near the king sees the men.,near,center_embedding,sg,f,5.35,pl,m,5.82,sg,m,5.17,see
the woman sees the men behind the king.,behind,peripheral,sg,f,5.35,pl,m,5.82,sg,m,5.17,see
the woman behind the king sees the men.,behind,center_embedding,sg,f,5.35,pl,m,5.82,sg,m,5.17,see
the woman likes the men near the king.,near,peripheral,sg,f,5.35,pl,m,5.82,sg,m,5.17,like
the woman near the king likes the men.,near,center_embedding,sg,f,5.35,pl,m,5.82,sg,m,5.17,like
the woman likes the men behind the king.,behind,peripheral,sg,f,5.35,pl,m,5.82,sg,m,5.17,like
the woman behind the king likes the men.,behind,center_embedding,sg,f,5.35,pl,m,5.82,sg,m,5.17,like
the woman sees the men near the kings.,near,peripheral,sg,f,5.35,pl,m,5.82,pl,m,5.17,see
the woman near the kings sees the men.,near,center_embedding,sg,f,5.35,pl,m,5.82,pl,m,5.17,see
the woman sees the men behind the kings.,behind,peripheral,sg,f,5.35,pl,m,5.82,pl,m,5.17,see
the woman behind the kings sees the men.,behind,center_embedding,sg,f,5.35,pl,m,5.82,pl,m,5.17,see
the woman likes the men near the kings.,near,peripheral,sg,f,5.35,pl,m,5.82,pl,m,5.17,like
the woman near the kings likes the men.,near,center_embedding,sg,f,5.35,pl,m,5.82,pl,m,5.17,like
the woman likes the men behind the kings.,behind,peripheral,sg,f,5.35,pl,m,5.82,pl,m,5.17,like
the woman behind the kings likes the men.,behind,center_embedding,sg,f,5.35,pl,m,5.82,pl,m,5.17,like
the women see the man near the king.,near,peripheral,pl,f,5.35,sg,m,5.82,sg,m,5.17,see
the women near the king see the man.,near,center_embedding,pl,f,5.35,sg,m,5.82,sg,m,5.17,see
the women see the man behind the king.,behind,peripheral,pl,f,5.35,sg,m,5.82,sg,m,5.17,see
the women behind the king see the man.,behind,center_embedding,pl,f,5.35,sg,m,5.82,sg,m,5.17,see
the women like the man near the king.,near,peripheral,pl,f,5.35,sg,m,5.82,sg,m,5.17,like
the women near the king like the man.,near,center_embedding,pl,f,5.35,sg,m,5.82,sg,m,5.17,like
the women like the man behind the king.,behind,peripheral,pl,f,5.35,sg,m,5.82,sg,m,5.17,like
the women behind the king like the man.,behind,center_embedding,pl,f,5.35,sg,m,5.82,sg,m,5.17,like
the women see the man near the kings.,near,peripheral,pl,f,5.35,sg,m,5.82,pl,m,5.17,see
the women near the kings see the man.,near,center_embedding,pl,f,5.35,sg,m,5.82,pl,m,5.17,see
the women see the man behind the kings.,behind,peripheral,pl,f,5.35,sg,m,5.82,pl,m,5.17,see
the women behind the kings see the man.,behind,center_embedding,pl,f,5.35,sg,m,5.82,pl,m,5.17,see
the women like the man near the kings.,near,peripheral,pl,f,5.35,sg,m,5.82,pl,m,5.17,like
the women near the kings like the man.,near,center_embedding,pl,f,5.35,sg,m,5.82,pl,m,5.17,like
the women like the man behind the kings.,behind,peripheral,pl,f,5.35,sg,m,5.82,pl,m,5.17,like
the women behind the kings like the man.,behind,center_embedding,pl,f,5.35,sg,m,5.82,pl,m,5.17,like
the women see the men near the king.,near,peripheral,pl,f,5.35,pl,m,5.82,sg,m,5.17,see
the women near the king see the men.,near,center_embedding,pl,f,5.35,pl,m,5.82,sg,m,5.17,see
the women see the men behind the king.,behind,peripheral,pl,f,5.35,pl,m,5.82,sg,m,5.17,see
the women behind the king see the men.,behind,center_embedding,pl,f,5.35,pl,m,5.82,sg,m,5.17,see
the women like the men near the king.,near,peripheral,pl,f,5.35,pl,m,5.82,sg,m,5.17,like
the women near the king like the men.,near,center_embedding,pl,f,5.35,pl,m,5.82,sg,m,5.17,like
the women like the men behind the king.,behind,peripheral,pl,f,5.35,pl,m,5.82,sg,m,5.17,like
the women behind the king like the men.,behind,center_embedding,pl,f,5.35,pl,m,5.82,sg,m,5.17,like
the women see the men near the kings.,near,peripheral,pl,f,5.35,pl,m,5.82,pl,m,5.17,see
the women near the kings see the men.,near,center_embedding,pl,f,5.35,pl,m,5.82,pl,m,5.17,see
the women see the men behind the kings.,behind,peripheral,pl,f,5.35,pl,m,5.82,pl,m,5.17,see
the women behind the kings see the men.,behind,center_embedding,pl,f,5.35,pl,m,5.82,pl,m,5.17,see
the women like the men near the kings.,near,peripheral,pl,f,5.35,pl,m,5.82,pl,m,5.17,like
the women near the kings like the men.,near,center_embedding,pl,f,5.35,pl,m,5.82,pl,m,5.17,like
the women like the men behind the kings.,behind,peripheral,pl,f,5.35,pl,m,5.82,pl,m,5.17,like
the women behind the kings like the men.,behind,center_embedding,pl,f,5.35,pl,m,5.82,pl,m,5.17,like
the woman sees the boy near the girl.,near,peripheral,sg,f,5.35,sg,m,5.17,sg,f,5.38,see
the woman near the girl sees the boy.,near,center_embedding,sg,f,5.35,sg,m,5.17,sg,f,5.38,see
the woman sees the boy behind the girl.,behind,peripheral,sg,f,5.35,sg,m,5.17,sg,f,5.38,see
the woman behind the girl sees the boy.,behind,center_embedding,sg,f,5.35,sg,m,5.17,sg,f,5.38,see
the woman likes the boy near the girl.,near,peripheral,sg,f,5.35,sg,m,5.17,sg,f,5.38,like
the woman near the girl likes the boy.,near,center_embedding,sg,f,5.35,sg,m,5.17,sg,f,5.38,like
the woman likes the boy behind the girl.,behind,peripheral,sg,f,5.35,sg,m,5.17,sg,f,5.38,like
the woman behind the girl likes the boy.,behind,center_embedding,sg,f,5.35,sg,m,5.17,sg,f,5.38,like
the woman sees the boy near the girls.,near,peripheral,sg,f,5.35,sg,m,5.17,pl,f,5.38,see
the woman near the girls sees the boy.,near,center_embedding,sg,f,5.35,sg,m,5.17,pl,f,5.38,see
the woman sees the boy behind the girls.,behind,peripheral,sg,f,5.35,sg,m,5.17,pl,f,5.38,see
the woman behind the girls sees the boy.,behind,center_embedding,sg,f,5.35,sg,m,5.17,pl,f,5.38,see
the woman likes the boy near the girls.,near,peripheral,sg,f,5.35,sg,m,5.17,pl,f,5.38,like
the woman near the girls likes the boy.,near,center_embedding,sg,f,5.35,sg,m,5.17,pl,f,5.38,like
the woman likes the boy behind the girls.,behind,peripheral,sg,f,5.35,sg,m,5.17,pl,f,5.38,like
the woman behind the girls likes the boy.,behind,center_embedding,sg,f,5.35,sg,m,5.17,pl,f,5.38,like
the woman sees the boys near the girl.,near,peripheral,sg,f,5.35,pl,m,5.17,sg,f,5.38,see
the woman near the girl sees the boys.,near,center_embedding,sg,f,5.35,pl,m,5.17,sg,f,5.38,see
the woman sees the boys behind the girl.,behind,peripheral,sg,f,5.35,pl,m,5.17,sg,f,5.38,see
the woman behind the girl sees the boys.,behind,center_embedding,sg,f,5.35,pl,m,5.17,sg,f,5.38,see
the woman likes the boys near the girl.,near,peripheral,sg,f,5.35,pl,m,5.17,sg,f,5.38,like
the woman near the girl likes the boys.,near,center_embedding,sg,f,5.35,pl,m,5.17,sg,f,5.38,like
the woman likes the boys behind the girl.,behind,peripheral,sg,f,5.35,pl,m,5.17,sg,f,5.38,like
the woman behind the girl likes the boys.,behind,center_embedding,sg,f,5.35,pl,m,5.17,sg,f,5.38,like
the woman sees the boys near the girls.,near,peripheral,sg,f,5.35,pl,m,5.17,pl,f,5.38,see
the woman near the girls sees the boys.,near,center_embedding,sg,f,5.35,pl,m,5.17,pl,f,5.38,see
the woman sees the boys behind the girls.,behind,peripheral,sg,f,5.35,pl,m,5.17,pl,f,5.38,see
the woman behind the girls sees the boys.,behind,center_embedding,sg,f,5.35,pl,m,5.17,pl,f,5.38,see
the woman likes the boys near the girls.,near,peripheral,sg,f,5.35,pl,m,5.17,pl,f,5.38,like
the woman near the girls likes the boys.,near,center_embedding,sg,f,5.35,pl,m,5.17,pl,f,5.38,like
the woman likes the boys behind the girls.,behind,peripheral,sg,f,5.35,pl,m,5.17,pl,f,5.38,like
the woman behind the girls likes the boys.,behind,center_embedding,sg,f,5.35,pl,m,5.17,pl,f,5.38,like
the women see the boy near the girl.,near,peripheral,pl,f,5.35,sg,m,5.17,sg,f,5.38,see
the women near the girl see the boy.,near,center_embedding,pl,f,5.35,sg,m,5.17,sg,f,5.38,see
the women see the boy behind the girl.,behind,peripheral,pl,f,5.35,sg,m,5.17,sg,f,5.38,see
the women behind the girl see the boy.,behind,center_embedding,pl,f,5.35,sg,m,5.17,sg,f,5.38,see
the women like the boy near the girl.,near,peripheral,pl,f,5.35,sg,m,5.17,sg,f,5.38,like
the women near the girl like the boy.,near,center_embedding,pl,f,5.35,sg,m,5.17,sg,f,5.38,like
the women like the boy behind the girl.,behind,peripheral,pl,f,5.35,sg,m,5.17,sg,f,5.38,like
the women behind the girl like the boy.,behind,center_embedding,pl,f,5.35,sg,m,5.17,sg,f,5.38,like
the women see the boy near the girls.,near,peripheral,pl,f,5.35,sg,m,5.17,pl,f,5.38,see
the women near the girls see the boy.,near,center_embedding,pl,f,5.35,sg,m,5.17,pl,f,5.38,see
the women see the boy behind the girls.,behind,peripheral,pl,f,5.35,sg,m,5.17,pl,f,5.38,see
the women behind the girls see the boy.,behind,center_embedding,pl,f,5.35,sg,m,5.17,pl,f,5.38,see
the women like the boy near the girls.,near,peripheral,pl,f,5.35,sg,m,5.17,pl,f,5.38,like
the women near the girls like the boy.,near,center_embedding,pl,f,5.35,sg,m,5.17,pl,f,5.38,like
the women like the boy behind the girls.,behind,peripheral,pl,f,5.35,sg,m,5.17,pl,f,5.38,like
the women behind the girls like the boy.,behind,center_embedding,pl,f,5.35,sg,m,5.17,pl,f,5.38,like
the women see the boys near the girl.,near,peripheral,pl,f,5.35,pl,m,5.17,sg,f,5.38,see
the women near the girl see the boys.,near,center_embedding,pl,f,5.35,pl,m,5.17,sg,f,5.38,see
the women see the boys behind the girl.,behind,peripheral,pl,f,5.35,pl,m,5.17,sg,f,5.38,see
the women behind the girl see the boys.,behind,center_embedding,pl,f,5.35,pl,m,5.17,sg,f,5.38,see
the women like the boys near the girl.,near,peripheral,pl,f,5.35,pl,m,5.17,sg,f,5.38,like
the women near the girl like the boys.,near,center_embedding,pl,f,5.35,pl,m,5.17,sg,f,5.38,like
the women like the boys behind the girl.,behind,peripheral,pl,f,5.35,pl,m,5.17,sg,f,5.38,like
the women behind the girl like the boys.,behind,center_embedding,pl,f,5.35,pl,m,5.17,sg,f,5.38,like
the women see the boys near the girls.,near,peripheral,pl,f,5.35,pl,m,5.17,pl,f,5.38,see
the women near the girls see the boys.,near,center_embedding,pl,f,5.35,pl,m,5.17,pl,f,5.38,see
the women see the boys behind the girls.,behind,peripheral,pl,f,5.35,pl,m,5.17,pl,f,5.38,see
the women behind the girls see the boys.,behind,center_embedding,pl,f,5.35,pl,m,5.17,pl,f,5.38,see
the women like the boys near the girls.,near,peripheral,pl,f,5.35,pl,m,5.17,pl,f,5.38,like
the women near the girls like the boys.,near,center_embedding,pl,f,5.35,pl,m,5.17,pl,f,5.38,like
the women like the boys behind the girls.,behind,peripheral,pl,f,5.35,pl,m,5.17,pl,f,5.38,like
the women behind the girls like the boys.,behind,center_embedding,pl,f,5.35,pl,m,5.17,pl,f,5.38,like
the woman sees the boy near the lady.,near,peripheral,sg,f,5.35,sg,m,5.17,sg,f,4.95,see
the woman near the lady sees the boy.,near,center_embedding,sg,f,5.35,sg,m,5.17,sg,f,4.95,see
the woman sees the boy behind the lady.,behind,peripheral,sg,f,5.35,sg,m,5.17,sg,f,4.95,see
the woman behind the lady sees the boy.,behind,center_embedding,sg,f,5.35,sg,m,5.17,sg,f,4.95,see
the woman likes the boy near the lady.,near,peripheral,sg,f,5.35,sg,m,5.17,sg,f,4.95,like
the woman near the lady likes the boy.,near,center_embedding,sg,f,5.35,sg,m,5.17,sg,f,4.95,like
the woman likes the boy behind the lady.,behind,peripheral,sg,f,5.35,sg,m,5.17,sg,f,4.95,like
the woman behind the lady likes the boy.,behind,center_embedding,sg,f,5.35,sg,m,5.17,sg,f,4.95,like
the woman sees the boy near the ladies.,near,peripheral,sg,f,5.35,sg,m,5.17,pl,f,4.95,see
the woman near the ladies sees the boy.,near,center_embedding,sg,f,5.35,sg,m,5.17,pl,f,4.95,see
the woman sees the boy behind the ladies.,behind,peripheral,sg,f,5.35,sg,m,5.17,pl,f,4.95,see
the woman behind the ladies sees the boy.,behind,center_embedding,sg,f,5.35,sg,m,5.17,pl,f,4.95,see
the woman likes the boy near the ladies.,near,peripheral,sg,f,5.35,sg,m,5.17,pl,f,4.95,like
the woman near the ladies likes the boy.,near,center_embedding,sg,f,5.35,sg,m,5.17,pl,f,4.95,like
the woman likes the boy behind the ladies.,behind,peripheral,sg,f,5.35,sg,m,5.17,pl,f,4.95,like
the woman behind the ladies likes the boy.,behind,center_embedding,sg,f,5.35,sg,m,5.17,pl,f,4.95,like
the woman sees the boys near the lady.,near,peripheral,sg,f,5.35,pl,m,5.17,sg,f,4.95,see
the woman near the lady sees the boys.,near,center_embedding,sg,f,5.35,pl,m,5.17,sg,f,4.95,see
the woman sees the boys behind the lady.,behind,peripheral,sg,f,5.35,pl,m,5.17,sg,f,4.95,see
the woman behind the lady sees the boys.,behind,center_embedding,sg,f,5.35,pl,m,5.17,sg,f,4.95,see
the woman likes the boys near the lady.,near,peripheral,sg,f,5.35,pl,m,5.17,sg,f,4.95,like
the woman near the lady likes the boys.,near,center_embedding,sg,f,5.35,pl,m,5.17,sg,f,4.95,like
the woman likes the boys behind the lady.,behind,peripheral,sg,f,5.35,pl,m,5.17,sg,f,4.95,like
the woman behind the lady likes the boys.,behind,center_embedding,sg,f,5.35,pl,m,5.17,sg,f,4.95,like
the woman sees the boys near the ladies.,near,peripheral,sg,f,5.35,pl,m,5.17,pl,f,4.95,see
the woman near the ladies sees the boys.,near,center_embedding,sg,f,5.35,pl,m,5.17,pl,f,4.95,see
the woman sees the boys behind the ladies.,behind,peripheral,sg,f,5.35,pl,m,5.17,pl,f,4.95,see
the woman behind the ladies sees the boys.,behind,center_embedding,sg,f,5.35,pl,m,5.17,pl,f,4.95,see
the woman likes the boys near the ladies.,near,peripheral,sg,f,5.35,pl,m,5.17,pl,f,4.95,like
the woman near the ladies likes the boys.,near,center_embedding,sg,f,5.35,pl,m,5.17,pl,f,4.95,like
the woman likes the boys behind the ladies.,behind,peripheral,sg,f,5.35,pl,m,5.17,pl,f,4.95,like
the woman behind the ladies likes the boys.,behind,center_embedding,sg,f,5.35,pl,m,5.17,pl,f,4.95,like
the women see the boy near the lady.,near,peripheral,pl,f,5.35,sg,m,5.17,sg,f,4.95,see
the women near the lady see the boy.,near,center_embedding,pl,f,5.35,sg,m,5.17,sg,f,4.95,see
the women see the boy behind the lady.,behind,peripheral,pl,f,5.35,sg,m,5.17,sg,f,4.95,see
the women behind the lady see the boy.,behind,center_embedding,pl,f,5.35,sg,m,5.17,sg,f,4.95,see
the women like the boy near the lady.,near,peripheral,pl,f,5.35,sg,m,5.17,sg,f,4.95,like
the women near the lady like the boy.,near,center_embedding,pl,f,5.35,sg,m,5.17,sg,f,4.95,like
the women like the boy behind the lady.,behind,peripheral,pl,f,5.35,sg,m,5.17,sg,f,4.95,like
the women behind the lady like the boy.,behind,center_embedding,pl,f,5.35,sg,m,5.17,sg,f,4.95,like
the women see the boy near the ladies.,near,peripheral,pl,f,5.35,sg,m,5.17,pl,f,4.95,see
the women near the ladies see the boy.,near,center_embedding,pl,f,5.35,sg,m,5.17,pl,f,4.95,see
the women see the boy behind the ladies.,behind,peripheral,pl,f,5.35,sg,m,5.17,pl,f,4.95,see
the women behind the ladies see the boy.,behind,center_embedding,pl,f,5.35,sg,m,5.17,pl,f,4.95,see
the women like the boy near the ladies.,near,peripheral,pl,f,5.35,sg,m,5.17,pl,f,4.95,like
the women near the ladies like the boy.,near,center_embedding,pl,f,5.35,sg,m,5.17,pl,f,4.95,like
the women like the boy behind the ladies.,behind,peripheral,pl,f,5.35,sg,m,5.17,pl,f,4.95,like
the women behind the ladies like the boy.,behind,center_embedding,pl,f,5.35,sg,m,5.17,pl,f,4.95,like
the women see the boys near the lady.,near,peripheral,pl,f,5.35,pl,m,5.17,sg,f,4.95,see
the women near the lady see the boys.,near,center_embedding,pl,f,5.35,pl,m,5.17,sg,f,4.95,see
the women see the boys behind the lady.,behind,peripheral,pl,f,5.35,pl,m,5.17,sg,f,4.95,see
the women behind the lady see the boys.,behind,center_embedding,pl,f,5.35,pl,m,5.17,sg,f,4.95,see
the women like the boys near the lady.,near,peripheral,pl,f,5.35,pl,m,5.17,sg,f,4.95,like
the women near the lady like the boys.,near,center_embedding,pl,f,5.35,pl,m,5.17,sg,f,4.95,like
the women like the boys behind the lady.,behind,peripheral,pl,f,5.35,pl,m,5.17,sg,f,4.95,like
the women behind the lady like the boys.,behind,center_embedding,pl,f,5.35,pl,m,5.17,sg,f,4.95,like
the women see the boys near the ladies.,near,peripheral,pl,f,5.35,pl,m,5.17,pl,f,4.95,see
the women near the ladies see the boys.,near,center_embedding,pl,f,5.35,pl,m,5.17,pl,f,4.95,see
the women see the boys behind the ladies.,behind,peripheral,pl,f,5.35,pl,m,5.17,pl,f,4.95,see
the women behind the ladies see the boys.,behind,center_embedding,pl,f,5.35,pl,m,5.17,pl,f,4.95,see
the women like the boys near the ladies.,near,peripheral,pl,f,5.35,pl,m,5.17,pl,f,4.95,like
the women near the ladies like the boys.,near,center_embedding,pl,f,5.35,pl,m,5.17,pl,f,4.95,like
the women like the boys behind the ladies.,behind,peripheral,pl,f,5.35,pl,m,5.17,pl,f,4.95,like
the women behind the ladies like the boys.,behind,center_embedding,pl,f,5.35,pl,m,5.17,pl,f,4.95,like
the woman sees the boy near the man.,near,peripheral,sg,f,5.35,sg,m,5.17,sg,m,5.82,see
the woman near the man sees the boy.,near,center_embedding,sg,f,5.35,sg,m,5.17,sg,m,5.82,see
the woman sees the boy behind the man.,behind,peripheral,sg,f,5.35,sg,m,5.17,sg,m,5.82,see
the woman behind the man sees the boy.,behind,center_embedding,sg,f,5.35,sg,m,5.17,sg,m,5.82,see
the woman likes the boy near the man.,near,peripheral,sg,f,5.35,sg,m,5.17,sg,m,5.82,like
the woman near the man likes the boy.,near,center_embedding,sg,f,5.35,sg,m,5.17,sg,m,5.82,like
the woman likes the boy behind the man.,behind,peripheral,sg,f,5.35,sg,m,5.17,sg,m,5.82,like
the woman behind the man likes the boy.,behind,center_embedding,sg,f,5.35,sg,m,5.17,sg,m,5.82,like
the woman sees the boy near the men.,near,peripheral,sg,f,5.35,sg,m,5.17,pl,m,5.82,see
the woman near the men sees the boy.,near,center_embedding,sg,f,5.35,sg,m,5.17,pl,m,5.82,see
the woman sees the boy behind the men.,behind,peripheral,sg,f,5.35,sg,m,5.17,pl,m,5.82,see
the woman behind the men sees the boy.,behind,center_embedding,sg,f,5.35,sg,m,5.17,pl,m,5.82,see
the woman likes the boy near the men.,near,peripheral,sg,f,5.35,sg,m,5.17,pl,m,5.82,like
the woman near the men likes the boy.,near,center_embedding,sg,f,5.35,sg,m,5.17,pl,m,5.82,like
the woman likes the boy behind the men.,behind,peripheral,sg,f,5.35,sg,m,5.17,pl,m,5.82,like
the woman behind the men likes the boy.,behind,center_embedding,sg,f,5.35,sg,m,5.17,pl,m,5.82,like
the woman sees the boys near the man.,near,peripheral,sg,f,5.35,pl,m,5.17,sg,m,5.82,see
the woman near the man sees the boys.,near,center_embedding,sg,f,5.35,pl,m,5.17,sg,m,5.82,see
the woman sees the boys behind the man.,behind,peripheral,sg,f,5.35,pl,m,5.17,sg,m,5.82,see
the woman behind the man sees the boys.,behind,center_embedding,sg,f,5.35,pl,m,5.17,sg,m,5.82,see
the woman likes the boys near the man.,near,peripheral,sg,f,5.35,pl,m,5.17,sg,m,5.82,like
the woman near the man likes the boys.,near,center_embedding,sg,f,5.35,pl,m,5.17,sg,m,5.82,like
the woman likes the boys behind the man.,behind,peripheral,sg,f,5.35,pl,m,5.17,sg,m,5.82,like
the woman behind the man likes the boys.,behind,center_embedding,sg,f,5.35,pl,m,5.17,sg,m,5.82,like
the woman sees the boys near the men.,near,peripheral,sg,f,5.35,pl,m,5.17,pl,m,5.82,see
the woman near the men sees the boys.,near,center_embedding,sg,f,5.35,pl,m,5.17,pl,m,5.82,see
the woman sees the boys behind the men.,behind,peripheral,sg,f,5.35,pl,m,5.17,pl,m,5.82,see
the woman behind the men sees the boys.,behind,center_embedding,sg,f,5.35,pl,m,5.17,pl,m,5.82,see
the woman likes the boys near the men.,near,peripheral,sg,f,5.35,pl,m,5.17,pl,m,5.82,like
the woman near the men likes the boys.,near,center_embedding,sg,f,5.35,pl,m,5.17,pl,m,5.82,like
the woman likes the boys behind the men.,behind,peripheral,sg,f,5.35,pl,m,5.17,pl,m,5.82,like
the woman behind the men likes the boys.,behind,center_embedding,sg,f,5.35,pl,m,5.17,pl,m,5.82,like
the women see the boy near the man.,near,peripheral,pl,f,5.35,sg,m,5.17,sg,m,5.82,see
the women near the man see the boy.,near,center_embedding,pl,f,5.35,sg,m,5.17,sg,m,5.82,see
the women see the boy behind the man.,behind,peripheral,pl,f,5.35,sg,m,5.17,sg,m,5.82,see
the women behind the man see the boy.,behind,center_embedding,pl,f,5.35,sg,m,5.17,sg,m,5.82,see
the women like the boy near the man.,near,peripheral,pl,f,5.35,sg,m,5.17,sg,m,5.82,like
the women near the man like the boy.,near,center_embedding,pl,f,5.35,sg,m,5.17,sg,m,5.82,like
the women like the boy behind the man.,behind,peripheral,pl,f,5.35,sg,m,5.17,sg,m,5.82,like
the women behind the man like the boy.,behind,center_embedding,pl,f,5.35,sg,m,5.17,sg,m,5.82,like
the women see the boy near the men.,near,peripheral,pl,f,5.35,sg,m,5.17,pl,m,5.82,see
the women near the men see the boy.,near,center_embedding,pl,f,5.35,sg,m,5.17,pl,m,5.82,see
the women see the boy behind the men.,behind,peripheral,pl,f,5.35,sg,m,5.17,pl,m,5.82,see
the women behind the men see the boy.,behind,center_embedding,pl,f,5.35,sg,m,5.17,pl,m,5.82,see
the women like the boy near the men.,near,peripheral,pl,f,5.35,sg,m,5.17,pl,m,5.82,like
the women near the men like the boy.,near,center_embedding,pl,f,5.35,sg,m,5.17,pl,m,5.82,like
the women like the boy behind the men.,behind,peripheral,pl,f,5.35,sg,m,5.17,pl,m,5.82,like
the women behind the men like the boy.,behind,center_embedding,pl,f,5.35,sg,m,5.17,pl,m,5.82,like
the women see the boys near the man.,near,peripheral,pl,f,5.35,pl,m,5.17,sg,m,5.82,see
the women near the man see the boys.,near,center_embedding,pl,f,5.35,pl,m,5.17,sg,m,5.82,see
the women see the boys behind the man.,behind,peripheral,pl,f,5.35,pl,m,5.17,sg,m,5.82,see
the women behind the man see the boys.,behind,center_embedding,pl,f,5.35,pl,m,5.17,sg,m,5.82,see
the women like the boys near the man.,near,peripheral,pl,f,5.35,pl,m,5.17,sg,m,5.82,like
the women near the man like the boys.,near,center_embedding,pl,f,5.35,pl,m,5.17,sg,m,5.82,like
the women like the boys behind the man.,behind,peripheral,pl,f,5.35,pl,m,5.17,sg,m,5.82,like
the women behind the man like the boys.,behind,center_embedding,pl,f,5.35,pl,m,5.17,sg,m,5.82,like
the women see the boys near the men.,near,peripheral,pl,f,5.35,pl,m,5.17,pl,m,5.82,see
the women near the men see the boys.,near,center_embedding,pl,f,5.35,pl,m,5.17,pl,m,5.82,see
the women see the boys behind the men.,behind,peripheral,pl,f,5.35,pl,m,5.17,pl,m,5.82,see
the women behind the men see the boys.,behind,center_embedding,pl,f,5.35,pl,m,5.17,pl,m,5.82,see
the women like the boys near the men.,near,peripheral,pl,f,5.35,pl,m,5.17,pl,m,5.82,like
the women near the men like the boys.,near,center_embedding,pl,f,5.35,pl,m,5.17,pl,m,5.82,like
the women like the boys behind the men.,behind,peripheral,pl,f,5.35,pl,m,5.17,pl,m,5.82,like
the women behind the men like the boys.,behind,center_embedding,pl,f,5.35,pl,m,5.17,pl,m,5.82,like
the woman sees the boy near the king.,near,peripheral,sg,f,5.35,sg,m,5.17,sg,m,5.17,see
the woman near the king sees the boy.,near,center_embedding,sg,f,5.35,sg,m,5.17,sg,m,5.17,see
the woman sees the boy behind the king.,behind,peripheral,sg,f,5.35,sg,m,5.17,sg,m,5.17,see
the woman behind the king sees the boy.,behind,center_embedding,sg,f,5.35,sg,m,5.17,sg,m,5.17,see
the woman likes the boy near the king.,near,peripheral,sg,f,5.35,sg,m,5.17,sg,m,5.17,like
the woman near the king likes the boy.,near,center_embedding,sg,f,5.35,sg,m,5.17,sg,m,5.17,like
the woman likes the boy behind the king.,behind,peripheral,sg,f,5.35,sg,m,5.17,sg,m,5.17,like
the woman behind the king likes the boy.,behind,center_embedding,sg,f,5.35,sg,m,5.17,sg,m,5.17,like
the woman sees the boy near the kings.,near,peripheral,sg,f,5.35,sg,m,5.17,pl,m,5.17,see
the woman near the kings sees the boy.,near,center_embedding,sg,f,5.35,sg,m,5.17,pl,m,5.17,see
the woman sees the boy behind the kings.,behind,peripheral,sg,f,5.35,sg,m,5.17,pl,m,5.17,see
the woman behind the kings sees the boy.,behind,center_embedding,sg,f,5.35,sg,m,5.17,pl,m,5.17,see
the woman likes the boy near the kings.,near,peripheral,sg,f,5.35,sg,m,5.17,pl,m,5.17,like
the woman near the kings likes the boy.,near,center_embedding,sg,f,5.35,sg,m,5.17,pl,m,5.17,like
the woman likes the boy behind the kings.,behind,peripheral,sg,f,5.35,sg,m,5.17,pl,m,5.17,like
the woman behind the kings likes the boy.,behind,center_embedding,sg,f,5.35,sg,m,5.17,pl,m,5.17,like
the woman sees the boys near the king.,near,peripheral,sg,f,5.35,pl,m,5.17,sg,m,5.17,see
the woman near the king sees the boys.,near,center_embedding,sg,f,5.35,pl,m,5.17,sg,m,5.17,see
the woman sees the boys behind the king.,behind,peripheral,sg,f,5.35,pl,m,5.17,sg,m,5.17,see
the woman behind the king sees the boys.,behind,center_embedding,sg,f,5.35,pl,m,5.17,sg,m,5.17,see
the woman likes the boys near the king.,near,peripheral,sg,f,5.35,pl,m,5.17,sg,m,5.17,like
the woman near the king likes the boys.,near,center_embedding,sg,f,5.35,pl,m,5.17,sg,m,5.17,like
the woman likes the boys behind the king.,behind,peripheral,sg,f,5.35,pl,m,5.17,sg,m,5.17,like
the woman behind the king likes the boys.,behind,center_embedding,sg,f,5.35,pl,m,5.17,sg,m,5.17,like
the woman sees the boys near the kings.,near,peripheral,sg,f,5.35,pl,m,5.17,pl,m,5.17,see
the woman near the kings sees the boys.,near,center_embedding,sg,f,5.35,pl,m,5.17,pl,m,5.17,see
the woman sees the boys behind the kings.,behind,peripheral,sg,f,5.35,pl,m,5.17,pl,m,5.17,see
the woman behind the kings sees the boys.,behind,center_embedding,sg,f,5.35,pl,m,5.17,pl,m,5.17,see
the woman likes the boys near the kings.,near,peripheral,sg,f,5.35,pl,m,5.17,pl,m,5.17,like
the woman near the kings likes the boys.,near,center_embedding,sg,f,5.35,pl,m,5.17,pl,m,5.17,like
the woman likes the boys behind the kings.,behind,peripheral,sg,f,5.35,pl,m,5.17,pl,m,5.17,like
the woman behind the kings likes the boys.,behind,center_embedding,sg,f,5.35,pl,m,5.17,pl,m,5.17,like
the women see the boy near the king.,near,peripheral,pl,f,5.35,sg,m,5.17,sg,m,5.17,see
the women near the king see the boy.,near,center_embedding,pl,f,5.35,sg,m,5.17,sg,m,5.17,see
the women see the boy behind the king.,behind,peripheral,pl,f,5.35,sg,m,5.17,sg,m,5.17,see
the women behind the king see the boy.,behind,center_embedding,pl,f,5.35,sg,m,5.17,sg,m,5.17,see
the women like the boy near the king.,near,peripheral,pl,f,5.35,sg,m,5.17,sg,m,5.17,like
the women near the king like the boy.,near,center_embedding,pl,f,5.35,sg,m,5.17,sg,m,5.17,like
the women like the boy behind the king.,behind,peripheral,pl,f,5.35,sg,m,5.17,sg,m,5.17,like
the women behind the king like the boy.,behind,center_embedding,pl,f,5.35,sg,m,5.17,sg,m,5.17,like
the women see the boy near the kings.,near,peripheral,pl,f,5.35,sg,m,5.17,pl,m,5.17,see
the women near the kings see the boy.,near,center_embedding,pl,f,5.35,sg,m,5.17,pl,m,5.17,see
the women see the boy behind the kings.,behind,peripheral,pl,f,5.35,sg,m,5.17,pl,m,5.17,see
the women behind the kings see the boy.,behind,center_embedding,pl,f,5.35,sg,m,5.17,pl,m,5.17,see
the women like the boy near the kings.,near,peripheral,pl,f,5.35,sg,m,5.17,pl,m,5.17,like
the women near the kings like the boy.,near,center_embedding,pl,f,5.35,sg,m,5.17,pl,m,5.17,like
the women like the boy behind the kings.,behind,peripheral,pl,f,5.35,sg,m,5.17,pl,m,5.17,like
the women behind the kings like the boy.,behind,center_embedding,pl,f,5.35,sg,m,5.17,pl,m,5.17,like
the women see the boys near the king.,near,peripheral,pl,f,5.35,pl,m,5.17,sg,m,5.17,see
the women near the king see the boys.,near,center_embedding,pl,f,5.35,pl,m,5.17,sg,m,5.17,see
the women see the boys behind the king.,behind,peripheral,pl,f,5.35,pl,m,5.17,sg,m,5.17,see
the women behind the king see the boys.,behind,center_embedding,pl,f,5.35,pl,m,5.17,sg,m,5.17,see
the women like the boys near the king.,near,peripheral,pl,f,5.35,pl,m,5.17,sg,m,5.17,like
the women near the king like the boys.,near,center_embedding,pl,f,5.35,pl,m,5.17,sg,m,5.17,like
the women like the boys behind the king.,behind,peripheral,pl,f,5.35,pl,m,5.17,sg,m,5.17,like
the women behind the king like the boys.,behind,center_embedding,pl,f,5.35,pl,m,5.17,sg,m,5.17,like
the women see the boys near the kings.,near,peripheral,pl,f,5.35,pl,m,5.17,pl,m,5.17,see
the women near the kings see the boys.,near,center_embedding,pl,f,5.35,pl,m,5.17,pl,m,5.17,see
the women see the boys behind the kings.,behind,peripheral,pl,f,5.35,pl,m,5.17,pl,m,5.17,see
the women behind the kings see the boys.,behind,center_embedding,pl,f,5.35,pl,m,5.17,pl,m,5.17,see
the women like the boys near the kings.,near,peripheral,pl,f,5.35,pl,m,5.17,pl,m,5.17,like
the women near the kings like the boys.,near,center_embedding,pl,f,5.35,pl,m,5.17,pl,m,5.17,like
the women like the boys behind the kings.,behind,peripheral,pl,f,5.35,pl,m,5.17,pl,m,5.17,like
the women behind the kings like the boys.,behind,center_embedding,pl,f,5.35,pl,m,5.17,pl,m,5.17,like
the woman sees the king near the girl.,near,peripheral,sg,f,5.35,sg,m,5.17,sg,f,5.38,see
the woman near the girl sees the king.,near,center_embedding,sg,f,5.35,sg,m,5.17,sg,f,5.38,see
the woman sees the king behind the girl.,behind,peripheral,sg,f,5.35,sg,m,5.17,sg,f,5.38,see
the woman behind the girl sees the king.,behind,center_embedding,sg,f,5.35,sg,m,5.17,sg,f,5.38,see
the woman likes the king near the girl.,near,peripheral,sg,f,5.35,sg,m,5.17,sg,f,5.38,like
the woman near the girl likes the king.,near,center_embedding,sg,f,5.35,sg,m,5.17,sg,f,5.38,like
the woman likes the king behind the girl.,behind,peripheral,sg,f,5.35,sg,m,5.17,sg,f,5.38,like
the woman behind the girl likes the king.,behind,center_embedding,sg,f,5.35,sg,m,5.17,sg,f,5.38,like
the woman sees the king near the girls.,near,peripheral,sg,f,5.35,sg,m,5.17,pl,f,5.38,see
the woman near the girls sees the king.,near,center_embedding,sg,f,5.35,sg,m,5.17,pl,f,5.38,see
the woman sees the king behind the girls.,behind,peripheral,sg,f,5.35,sg,m,5.17,pl,f,5.38,see
the woman behind the girls sees the king.,behind,center_embedding,sg,f,5.35,sg,m,5.17,pl,f,5.38,see
the woman likes the king near the girls.,near,peripheral,sg,f,5.35,sg,m,5.17,pl,f,5.38,like
the woman near the girls likes the king.,near,center_embedding,sg,f,5.35,sg,m,5.17,pl,f,5.38,like
the woman likes the king behind the girls.,behind,peripheral,sg,f,5.35,sg,m,5.17,pl,f,5.38,like
the woman behind the girls likes the king.,behind,center_embedding,sg,f,5.35,sg,m,5.17,pl,f,5.38,like
the woman sees the kings near the girl.,near,peripheral,sg,f,5.35,pl,m,5.17,sg,f,5.38,see
the woman near the girl sees the kings.,near,center_embedding,sg,f,5.35,pl,m,5.17,sg,f,5.38,see
the woman sees the kings behind the girl.,behind,peripheral,sg,f,5.35,pl,m,5.17,sg,f,5.38,see
the woman behind the girl sees the kings.,behind,center_embedding,sg,f,5.35,pl,m,5.17,sg,f,5.38,see
the woman likes the kings near the girl.,near,peripheral,sg,f,5.35,pl,m,5.17,sg,f,5.38,like
the woman near the girl likes the kings.,near,center_embedding,sg,f,5.35,pl,m,5.17,sg,f,5.38,like
the woman likes the kings behind the girl.,behind,peripheral,sg,f,5.35,pl,m,5.17,sg,f,5.38,like
the woman behind the girl likes the kings.,behind,center_embedding,sg,f,5.35,pl,m,5.17,sg,f,5.38,like
the woman sees the kings near the girls.,near,peripheral,sg,f,5.35,pl,m,5.17,pl,f,5.38,see
the woman near the girls sees the kings.,near,center_embedding,sg,f,5.35,pl,m,5.17,pl,f,5.38,see
the woman sees the kings behind the girls.,behind,peripheral,sg,f,5.35,pl,m,5.17,pl,f,5.38,see
the woman behind the girls sees the kings.,behind,center_embedding,sg,f,5.35,pl,m,5.17,pl,f,5.38,see
the woman likes the kings near the girls.,near,peripheral,sg,f,5.35,pl,m,5.17,pl,f,5.38,like
the woman near the girls likes the kings.,near,center_embedding,sg,f,5.35,pl,m,5.17,pl,f,5.38,like
the woman likes the kings behind the girls.,behind,peripheral,sg,f,5.35,pl,m,5.17,pl,f,5.38,like
the woman behind the girls likes the kings.,behind,center_embedding,sg,f,5.35,pl,m,5.17,pl,f,5.38,like
the women see the king near the girl.,near,peripheral,pl,f,5.35,sg,m,5.17,sg,f,5.38,see
the women near the girl see the king.,near,center_embedding,pl,f,5.35,sg,m,5.17,sg,f,5.38,see
the women see the king behind the girl.,behind,peripheral,pl,f,5.35,sg,m,5.17,sg,f,5.38,see
the women behind the girl see the king.,behind,center_embedding,pl,f,5.35,sg,m,5.17,sg,f,5.38,see
the women like the king near the girl.,near,peripheral,pl,f,5.35,sg,m,5.17,sg,f,5.38,like
the women near the girl like the king.,near,center_embedding,pl,f,5.35,sg,m,5.17,sg,f,5.38,like
the women like the king behind the girl.,behind,peripheral,pl,f,5.35,sg,m,5.17,sg,f,5.38,like
the women behind the girl like the king.,behind,center_embedding,pl,f,5.35,sg,m,5.17,sg,f,5.38,like
the women see the king near the girls.,near,peripheral,pl,f,5.35,sg,m,5.17,pl,f,5.38,see
the women near the girls see the king.,near,center_embedding,pl,f,5.35,sg,m,5.17,pl,f,5.38,see
the women see the king behind the girls.,behind,peripheral,pl,f,5.35,sg,m,5.17,pl,f,5.38,see
the women behind the girls see the king.,behind,center_embedding,pl,f,5.35,sg,m,5.17,pl,f,5.38,see
the women like the king near the girls.,near,peripheral,pl,f,5.35,sg,m,5.17,pl,f,5.38,like
the women near the girls like the king.,near,center_embedding,pl,f,5.35,sg,m,5.17,pl,f,5.38,like
the women like the king behind the girls.,behind,peripheral,pl,f,5.35,sg,m,5.17,pl,f,5.38,like
the women behind the girls like the king.,behind,center_embedding,pl,f,5.35,sg,m,5.17,pl,f,5.38,like
the women see the kings near the girl.,near,peripheral,pl,f,5.35,pl,m,5.17,sg,f,5.38,see
the women near the girl see the kings.,near,center_embedding,pl,f,5.35,pl,m,5.17,sg,f,5.38,see
the women see the kings behind the girl.,behind,peripheral,pl,f,5.35,pl,m,5.17,sg,f,5.38,see
the women behind the girl see the kings.,behind,center_embedding,pl,f,5.35,pl,m,5.17,sg,f,5.38,see
the women like the kings near the girl.,near,peripheral,pl,f,5.35,pl,m,5.17,sg,f,5.38,like
the women near the girl like the kings.,near,center_embedding,pl,f,5.35,pl,m,5.17,sg,f,5.38,like
the women like the kings behind the girl.,behind,peripheral,pl,f,5.35,pl,m,5.17,sg,f,5.38,like
the women behind the girl like the kings.,behind,center_embedding,pl,f,5.35,pl,m,5.17,sg,f,5.38,like
the women see the kings near the girls.,near,peripheral,pl,f,5.35,pl,m,5.17,pl,f,5.38,see
the women near the girls see the kings.,near,center_embedding,pl,f,5.35,pl,m,5.17,pl,f,5.38,see
the women see the kings behind the girls.,behind,peripheral,pl,f,5.35,pl,m,5.17,pl,f,5.38,see
the women behind the girls see the kings.,behind,center_embedding,pl,f,5.35,pl,m,5.17,pl,f,5.38,see
the women like the kings near the girls.,near,peripheral,pl,f,5.35,pl,m,5.17,pl,f,5.38,like
the women near the girls like the kings.,near,center_embedding,pl,f,5.35,pl,m,5.17,pl,f,5.38,like
the women like the kings behind the girls.,behind,peripheral,pl,f,5.35,pl,m,5.17,pl,f,5.38,like
the women behind the girls like the kings.,behind,center_embedding,pl,f,5.35,pl,m,5.17,pl,f,5.38,like
the woman sees the king near the lady.,near,peripheral,sg,f,5.35,sg,m,5.17,sg,f,4.95,see
the woman near the lady sees the king.,near,center_embedding,sg,f,5.35,sg,m,5.17,sg,f,4.95,see
the woman sees the king behind the lady.,behind,peripheral,sg,f,5.35,sg,m,5.17,sg,f,4.95,see
the woman behind the lady sees the king.,behind,center_embedding,sg,f,5.35,sg,m,5.17,sg,f,4.95,see
the woman likes the king near the lady.,near,peripheral,sg,f,5.35,sg,m,5.17,sg,f,4.95,like
the woman near the lady likes the king.,near,center_embedding,sg,f,5.35,sg,m,5.17,sg,f,4.95,like
the woman likes the king behind the lady.,behind,peripheral,sg,f,5.35,sg,m,5.17,sg,f,4.95,like
the woman behind the lady likes the king.,behind,center_embedding,sg,f,5.35,sg,m,5.17,sg,f,4.95,like
the woman sees the king near the ladies.,near,peripheral,sg,f,5.35,sg,m,5.17,pl,f,4.95,see
the woman near the ladies sees the king.,near,center_embedding,sg,f,5.35,sg,m,5.17,pl,f,4.95,see
the woman sees the king behind the ladies.,behind,peripheral,sg,f,5.35,sg,m,5.17,pl,f,4.95,see
the woman behind the ladies sees the king.,behind,center_embedding,sg,f,5.35,sg,m,5.17,pl,f,4.95,see
the woman likes the king near the ladies.,near,peripheral,sg,f,5.35,sg,m,5.17,pl,f,4.95,like
the woman near the ladies likes the king.,near,center_embedding,sg,f,5.35,sg,m,5.17,pl,f,4.95,like
the woman likes the king behind the ladies.,behind,peripheral,sg,f,5.35,sg,m,5.17,pl,f,4.95,like
the woman behind the ladies likes the king.,behind,center_embedding,sg,f,5.35,sg,m,5.17,pl,f,4.95,like
the woman sees the kings near the lady.,near,peripheral,sg,f,5.35,pl,m,5.17,sg,f,4.95,see
the woman near the lady sees the kings.,near,center_embedding,sg,f,5.35,pl,m,5.17,sg,f,4.95,see
the woman sees the kings behind the lady.,behind,peripheral,sg,f,5.35,pl,m,5.17,sg,f,4.95,see
the woman behind the lady sees the kings.,behind,center_embedding,sg,f,5.35,pl,m,5.17,sg,f,4.95,see
the woman likes the kings near the lady.,near,peripheral,sg,f,5.35,pl,m,5.17,sg,f,4.95,like
the woman near the lady likes the kings.,near,center_embedding,sg,f,5.35,pl,m,5.17,sg,f,4.95,like
the woman likes the kings behind the lady.,behind,peripheral,sg,f,5.35,pl,m,5.17,sg,f,4.95,like
the woman behind the lady likes the kings.,behind,center_embedding,sg,f,5.35,pl,m,5.17,sg,f,4.95,like
the woman sees the kings near the ladies.,near,peripheral,sg,f,5.35,pl,m,5.17,pl,f,4.95,see
the woman near the ladies sees the kings.,near,center_embedding,sg,f,5.35,pl,m,5.17,pl,f,4.95,see
the woman sees the kings behind the ladies.,behind,peripheral,sg,f,5.35,pl,m,5.17,pl,f,4.95,see
the woman behind the ladies sees the kings.,behind,center_embedding,sg,f,5.35,pl,m,5.17,pl,f,4.95,see
the woman likes the kings near the ladies.,near,peripheral,sg,f,5.35,pl,m,5.17,pl,f,4.95,like
the woman near the ladies likes the kings.,near,center_embedding,sg,f,5.35,pl,m,5.17,pl,f,4.95,like
the woman likes the kings behind the ladies.,behind,peripheral,sg,f,5.35,pl,m,5.17,pl,f,4.95,like
the woman behind the ladies likes the kings.,behind,center_embedding,sg,f,5.35,pl,m,5.17,pl,f,4.95,like
the women see the king near the lady.,near,peripheral,pl,f,5.35,sg,m,5.17,sg,f,4.95,see
the women near the lady see the king.,near,center_embedding,pl,f,5.35,sg,m,5.17,sg,f,4.95,see
the women see the king behind the lady.,behind,peripheral,pl,f,5.35,sg,m,5.17,sg,f,4.95,see
the women behind the lady see the king.,behind,center_embedding,pl,f,5.35,sg,m,5.17,sg,f,4.95,see
the women like the king near the lady.,near,peripheral,pl,f,5.35,sg,m,5.17,sg,f,4.95,like
the women near the lady like the king.,near,center_embedding,pl,f,5.35,sg,m,5.17,sg,f,4.95,like
the women like the king behind the lady.,behind,peripheral,pl,f,5.35,sg,m,5.17,sg,f,4.95,like
the women behind the lady like the king.,behind,center_embedding,pl,f,5.35,sg,m,5.17,sg,f,4.95,like
the women see the king near the ladies.,near,peripheral,pl,f,5.35,sg,m,5.17,pl,f,4.95,see
the women near the ladies see the king.,near,center_embedding,pl,f,5.35,sg,m,5.17,pl,f,4.95,see
the women see the king behind the ladies.,behind,peripheral,pl,f,5.35,sg,m,5.17,pl,f,4.95,see
the women behind the ladies see the king.,behind,center_embedding,pl,f,5.35,sg,m,5.17,pl,f,4.95,see
the women like the king near the ladies.,near,peripheral,pl,f,5.35,sg,m,5.17,pl,f,4.95,like
the women near the ladies like the king.,near,center_embedding,pl,f,5.35,sg,m,5.17,pl,f,4.95,like
the women like the king behind the ladies.,behind,peripheral,pl,f,5.35,sg,m,5.17,pl,f,4.95,like
the women behind the ladies like the king.,behind,center_embedding,pl,f,5.35,sg,m,5.17,pl,f,4.95,like
the women see the kings near the lady.,near,peripheral,pl,f,5.35,pl,m,5.17,sg,f,4.95,see
the women near the lady see the kings.,near,center_embedding,pl,f,5.35,pl,m,5.17,sg,f,4.95,see
the women see the kings behind the lady.,behind,peripheral,pl,f,5.35,pl,m,5.17,sg,f,4.95,see
the women behind the lady see the kings.,behind,center_embedding,pl,f,5.35,pl,m,5.17,sg,f,4.95,see
the women like the kings near the lady.,near,peripheral,pl,f,5.35,pl,m,5.17,sg,f,4.95,like
the women near the lady like the kings.,near,center_embedding,pl,f,5.35,pl,m,5.17,sg,f,4.95,like
the women like the kings behind the lady.,behind,peripheral,pl,f,5.35,pl,m,5.17,sg,f,4.95,like
the women behind the lady like the kings.,behind,center_embedding,pl,f,5.35,pl,m,5.17,sg,f,4.95,like
the women see the kings near the ladies.,near,peripheral,pl,f,5.35,pl,m,5.17,pl,f,4.95,see
the women near the ladies see the kings.,near,center_embedding,pl,f,5.35,pl,m,5.17,pl,f,4.95,see
the women see the kings behind the ladies.,behind,peripheral,pl,f,5.35,pl,m,5.17,pl,f,4.95,see
the women behind the ladies see the kings.,behind,center_embedding,pl,f,5.35,pl,m,5.17,pl,f,4.95,see
the women like the kings near the ladies.,near,peripheral,pl,f,5.35,pl,m,5.17,pl,f,4.95,like
the women near the ladies like the kings.,near,center_embedding,pl,f,5.35,pl,m,5.17,pl,f,4.95,like
the women like the kings behind the ladies.,behind,peripheral,pl,f,5.35,pl,m,5.17,pl,f,4.95,like
the women behind the ladies like the kings.,behind,center_embedding,pl,f,5.35,pl,m,5.17,pl,f,4.95,like
the woman sees the king near the man.,near,peripheral,sg,f,5.35,sg,m,5.17,sg,m,5.82,see
the woman near the man sees the king.,near,center_embedding,sg,f,5.35,sg,m,5.17,sg,m,5.82,see
the woman sees the king behind the man.,behind,peripheral,sg,f,5.35,sg,m,5.17,sg,m,5.82,see
the woman behind the man sees the king.,behind,center_embedding,sg,f,5.35,sg,m,5.17,sg,m,5.82,see
the woman likes the king near the man.,near,peripheral,sg,f,5.35,sg,m,5.17,sg,m,5.82,like
the woman near the man likes the king.,near,center_embedding,sg,f,5.35,sg,m,5.17,sg,m,5.82,like
the woman likes the king behind the man.,behind,peripheral,sg,f,5.35,sg,m,5.17,sg,m,5.82,like
the woman behind the man likes the king.,behind,center_embedding,sg,f,5.35,sg,m,5.17,sg,m,5.82,like
the woman sees the king near the men.,near,peripheral,sg,f,5.35,sg,m,5.17,pl,m,5.82,see
the woman near the men sees the king.,near,center_embedding,sg,f,5.35,sg,m,5.17,pl,m,5.82,see
the woman sees the king behind the men.,behind,peripheral,sg,f,5.35,sg,m,5.17,pl,m,5.82,see
the woman behind the men sees the king.,behind,center_embedding,sg,f,5.35,sg,m,5.17,pl,m,5.82,see
the woman likes the king near the men.,near,peripheral,sg,f,5.35,sg,m,5.17,pl,m,5.82,like
the woman near the men likes the king.,near,center_embedding,sg,f,5.35,sg,m,5.17,pl,m,5.82,like
the woman likes the king behind the men.,behind,peripheral,sg,f,5.35,sg,m,5.17,pl,m,5.82,like
the woman behind the men likes the king.,behind,center_embedding,sg,f,5.35,sg,m,5.17,pl,m,5.82,like
the woman sees the kings near the man.,near,peripheral,sg,f,5.35,pl,m,5.17,sg,m,5.82,see
the woman near the man sees the kings.,near,center_embedding,sg,f,5.35,pl,m,5.17,sg,m,5.82,see
the woman sees the kings behind the man.,behind,peripheral,sg,f,5.35,pl,m,5.17,sg,m,5.82,see
the woman behind the man sees the kings.,behind,center_embedding,sg,f,5.35,pl,m,5.17,sg,m,5.82,see
the woman likes the kings near the man.,near,peripheral,sg,f,5.35,pl,m,5.17,sg,m,5.82,like
the woman near the man likes the kings.,near,center_embedding,sg,f,5.35,pl,m,5.17,sg,m,5.82,like
the woman likes the kings behind the man.,behind,peripheral,sg,f,5.35,pl,m,5.17,sg,m,5.82,like
the woman behind the man likes the kings.,behind,center_embedding,sg,f,5.35,pl,m,5.17,sg,m,5.82,like
the woman sees the kings near the men.,near,peripheral,sg,f,5.35,pl,m,5.17,pl,m,5.82,see
the woman near the men sees the kings.,near,center_embedding,sg,f,5.35,pl,m,5.17,pl,m,5.82,see
the woman sees the kings behind the men.,behind,peripheral,sg,f,5.35,pl,m,5.17,pl,m,5.82,see
the woman behind the men sees the kings.,behind,center_embedding,sg,f,5.35,pl,m,5.17,pl,m,5.82,see
the woman likes the kings near the men.,near,peripheral,sg,f,5.35,pl,m,5.17,pl,m,5.82,like
the woman near the men likes the kings.,near,center_embedding,sg,f,5.35,pl,m,5.17,pl,m,5.82,like
the woman likes the kings behind the men.,behind,peripheral,sg,f,5.35,pl,m,5.17,pl,m,5.82,like
the woman behind the men likes the kings.,behind,center_embedding,sg,f,5.35,pl,m,5.17,pl,m,5.82,like
the women see the king near the man.,near,peripheral,pl,f,5.35,sg,m,5.17,sg,m,5.82,see
the women near the man see the king.,near,center_embedding,pl,f,5.35,sg,m,5.17,sg,m,5.82,see
the women see the king behind the man.,behind,peripheral,pl,f,5.35,sg,m,5.17,sg,m,5.82,see
the women behind the man see the king.,behind,center_embedding,pl,f,5.35,sg,m,5.17,sg,m,5.82,see
the women like the king near the man.,near,peripheral,pl,f,5.35,sg,m,5.17,sg,m,5.82,like
the women near the man like the king.,near,center_embedding,pl,f,5.35,sg,m,5.17,sg,m,5.82,like
the women like the king behind the man.,behind,peripheral,pl,f,5.35,sg,m,5.17,sg,m,5.82,like
the women behind the man like the king.,behind,center_embedding,pl,f,5.35,sg,m,5.17,sg,m,5.82,like
the women see the king near the men.,near,peripheral,pl,f,5.35,sg,m,5.17,pl,m,5.82,see
the women near the men see the king.,near,center_embedding,pl,f,5.35,sg,m,5.17,pl,m,5.82,see
the women see the king behind the men.,behind,peripheral,pl,f,5.35,sg,m,5.17,pl,m,5.82,see
the women behind the men see the king.,behind,center_embedding,pl,f,5.35,sg,m,5.17,pl,m,5.82,see
the women like the king near the men.,near,peripheral,pl,f,5.35,sg,m,5.17,pl,m,5.82,like
the women near the men like the king.,near,center_embedding,pl,f,5.35,sg,m,5.17,pl,m,5.82,like
the women like the king behind the men.,behind,peripheral,pl,f,5.35,sg,m,5.17,pl,m,5.82,like
the women behind the men like the king.,behind,center_embedding,pl,f,5.35,sg,m,5.17,pl,m,5.82,like
the women see the kings near the man.,near,peripheral,pl,f,5.35,pl,m,5.17,sg,m,5.82,see
the women near the man see the kings.,near,center_embedding,pl,f,5.35,pl,m,5.17,sg,m,5.82,see
the women see the kings behind the man.,behind,peripheral,pl,f,5.35,pl,m,5.17,sg,m,5.82,see
the women behind the man see the kings.,behind,center_embedding,pl,f,5.35,pl,m,5.17,sg,m,5.82,see
the women like the kings near the man.,near,peripheral,pl,f,5.35,pl,m,5.17,sg,m,5.82,like
the women near the man like the kings.,near,center_embedding,pl,f,5.35,pl,m,5.17,sg,m,5.82,like
the women like the kings behind the man.,behind,peripheral,pl,f,5.35,pl,m,5.17,sg,m,5.82,like
the women behind the man like the kings.,behind,center_embedding,pl,f,5.35,pl,m,5.17,sg,m,5.82,like
the women see the kings near the men.,near,peripheral,pl,f,5.35,pl,m,5.17,pl,m,5.82,see
the women near the men see the kings.,near,center_embedding,pl,f,5.35,pl,m,5.17,pl,m,5.82,see
the women see the kings behind the men.,behind,peripheral,pl,f,5.35,pl,m,5.17,pl,m,5.82,see
the women behind the men see the kings.,behind,center_embedding,pl,f,5.35,pl,m,5.17,pl,m,5.82,see
the women like the kings near the men.,near,peripheral,pl,f,5.35,pl,m,5.17,pl,m,5.82,like
the women near the men like the kings.,near,center_embedding,pl,f,5.35,pl,m,5.17,pl,m,5.82,like
the women like the kings behind the men.,behind,peripheral,pl,f,5.35,pl,m,5.17,pl,m,5.82,like
the women behind the men like the kings.,behind,center_embedding,pl,f,5.35,pl,m,5.17,pl,m,5.82,like
the woman sees the king near the boy.,near,peripheral,sg,f,5.35,sg,m,5.17,sg,m,5.17,see
the woman near the boy sees the king.,near,center_embedding,sg,f,5.35,sg,m,5.17,sg,m,5.17,see
the woman sees the king behind the boy.,behind,peripheral,sg,f,5.35,sg,m,5.17,sg,m,5.17,see
the woman behind the boy sees the king.,behind,center_embedding,sg,f,5.35,sg,m,5.17,sg,m,5.17,see
the woman likes the king near the boy.,near,peripheral,sg,f,5.35,sg,m,5.17,sg,m,5.17,like
the woman near the boy likes the king.,near,center_embedding,sg,f,5.35,sg,m,5.17,sg,m,5.17,like
the woman likes the king behind the boy.,behind,peripheral,sg,f,5.35,sg,m,5.17,sg,m,5.17,like
the woman behind the boy likes the king.,behind,center_embedding,sg,f,5.35,sg,m,5.17,sg,m,5.17,like
the woman sees the king near the boys.,near,peripheral,sg,f,5.35,sg,m,5.17,pl,m,5.17,see
the woman near the boys sees the king.,near,center_embedding,sg,f,5.35,sg,m,5.17,pl,m,5.17,see
the woman sees the king behind the boys.,behind,peripheral,sg,f,5.35,sg,m,5.17,pl,m,5.17,see
the woman behind the boys sees the king.,behind,center_embedding,sg,f,5.35,sg,m,5.17,pl,m,5.17,see
the woman likes the king near the boys.,near,peripheral,sg,f,5.35,sg,m,5.17,pl,m,5.17,like
the woman near the boys likes the king.,near,center_embedding,sg,f,5.35,sg,m,5.17,pl,m,5.17,like
the woman likes the king behind the boys.,behind,peripheral,sg,f,5.35,sg,m,5.17,pl,m,5.17,like
the woman behind the boys likes the king.,behind,center_embedding,sg,f,5.35,sg,m,5.17,pl,m,5.17,like
the woman sees the kings near the boy.,near,peripheral,sg,f,5.35,pl,m,5.17,sg,m,5.17,see
the woman near the boy sees the kings.,near,center_embedding,sg,f,5.35,pl,m,5.17,sg,m,5.17,see
the woman sees the kings behind the boy.,behind,peripheral,sg,f,5.35,pl,m,5.17,sg,m,5.17,see
the woman behind the boy sees the kings.,behind,center_embedding,sg,f,5.35,pl,m,5.17,sg,m,5.17,see
the woman likes the kings near the boy.,near,peripheral,sg,f,5.35,pl,m,5.17,sg,m,5.17,like
the woman near the boy likes the kings.,near,center_embedding,sg,f,5.35,pl,m,5.17,sg,m,5.17,like
the woman likes the kings behind the boy.,behind,peripheral,sg,f,5.35,pl,m,5.17,sg,m,5.17,like
the woman behind the boy likes the kings.,behind,center_embedding,sg,f,5.35,pl,m,5.17,sg,m,5.17,like
the woman sees the kings near the boys.,near,peripheral,sg,f,5.35,pl,m,5.17,pl,m,5.17,see
the woman near the boys sees the kings.,near,center_embedding,sg,f,5.35,pl,m,5.17,pl,m,5.17,see
the woman sees the kings behind the boys.,behind,peripheral,sg,f,5.35,pl,m,5.17,pl,m,5.17,see
the woman behind the boys sees the kings.,behind,center_embedding,sg,f,5.35,pl,m,5.17,pl,m,5.17,see
the woman likes the kings near the boys.,near,peripheral,sg,f,5.35,pl,m,5.17,pl,m,5.17,like
the woman near the boys likes the kings.,near,center_embedding,sg,f,5.35,pl,m,5.17,pl,m,5.17,like
the woman likes the kings behind the boys.,behind,peripheral,sg,f,5.35,pl,m,5.17,pl,m,5.17,like
the woman behind the boys likes the kings.,behind,center_embedding,sg,f,5.35,pl,m,5.17,pl,m,5.17,like
the women see the king near the boy.,near,peripheral,pl,f,5.35,sg,m,5.17,sg,m,5.17,see
the women near the boy see the king.,near,center_embedding,pl,f,5.35,sg,m,5.17,sg,m,5.17,see
the women see the king behind the boy.,behind,peripheral,pl,f,5.35,sg,m,5.17,sg,m,5.17,see
the women behind the boy see the king.,behind,center_embedding,pl,f,5.35,sg,m,5.17,sg,m,5.17,see
the women like the king near the boy.,near,peripheral,pl,f,5.35,sg,m,5.17,sg,m,5.17,like
the women near the boy like the king.,near,center_embedding,pl,f,5.35,sg,m,5.17,sg,m,5.17,like
the women like the king behind the boy.,behind,peripheral,pl,f,5.35,sg,m,5.17,sg,m,5.17,like
the women behind the boy like the king.,behind,center_embedding,pl,f,5.35,sg,m,5.17,sg,m,5.17,like
the women see the king near the boys.,near,peripheral,pl,f,5.35,sg,m,5.17,pl,m,5.17,see
the women near the boys see the king.,near,center_embedding,pl,f,5.35,sg,m,5.17,pl,m,5.17,see
the women see the king behind the boys.,behind,peripheral,pl,f,5.35,sg,m,5.17,pl,m,5.17,see
the women behind the boys see the king.,behind,center_embedding,pl,f,5.35,sg,m,5.17,pl,m,5.17,see
the women like the king near the boys.,near,peripheral,pl,f,5.35,sg,m,5.17,pl,m,5.17,like
the women near the boys like the king.,near,center_embedding,pl,f,5.35,sg,m,5.17,pl,m,5.17,like
the women like the king behind the boys.,behind,peripheral,pl,f,5.35,sg,m,5.17,pl,m,5.17,like
the women behind the boys like the king.,behind,center_embedding,pl,f,5.35,sg,m,5.17,pl,m,5.17,like
the women see the kings near the boy.,near,peripheral,pl,f,5.35,pl,m,5.17,sg,m,5.17,see
the women near the boy see the kings.,near,center_embedding,pl,f,5.35,pl,m,5.17,sg,m,5.17,see
the women see the kings behind the boy.,behind,peripheral,pl,f,5.35,pl,m,5.17,sg,m,5.17,see
the women behind the boy see the kings.,behind,center_embedding,pl,f,5.35,pl,m,5.17,sg,m,5.17,see
the women like the kings near the boy.,near,peripheral,pl,f,5.35,pl,m,5.17,sg,m,5.17,like
the women near the boy like the kings.,near,center_embedding,pl,f,5.35,pl,m,5.17,sg,m,5.17,like
the women like the kings behind the boy.,behind,peripheral,pl,f,5.35,pl,m,5.17,sg,m,5.17,like
the women behind the boy like the kings.,behind,center_embedding,pl,f,5.35,pl,m,5.17,sg,m,5.17,like
the women see the kings near the boys.,near,peripheral,pl,f,5.35,pl,m,5.17,pl,m,5.17,see
the women near the boys see the kings.,near,center_embedding,pl,f,5.35,pl,m,5.17,pl,m,5.17,see
the women see the kings behind the boys.,behind,peripheral,pl,f,5.35,pl,m,5.17,pl,m,5.17,see
the women behind the boys see the kings.,behind,center_embedding,pl,f,5.35,pl,m,5.17,pl,m,5.17,see
the women like the kings near the boys.,near,peripheral,pl,f,5.35,pl,m,5.17,pl,m,5.17,like
the women near the boys like the kings.,near,center_embedding,pl,f,5.35,pl,m,5.17,pl,m,5.17,like
the women like the kings behind the boys.,behind,peripheral,pl,f,5.35,pl,m,5.17,pl,m,5.17,like
the women behind the boys like the kings.,behind,center_embedding,pl,f,5.35,pl,m,5.17,pl,m,5.17,like
the girl sees the woman near the lady.,near,peripheral,sg,f,5.38,sg,f,5.35,sg,f,4.95,see
the girl near the lady sees the woman.,near,center_embedding,sg,f,5.38,sg,f,5.35,sg,f,4.95,see
the girl sees the woman behind the lady.,behind,peripheral,sg,f,5.38,sg,f,5.35,sg,f,4.95,see
the girl behind the lady sees the woman.,behind,center_embedding,sg,f,5.38,sg,f,5.35,sg,f,4.95,see
the girl likes the woman near the lady.,near,peripheral,sg,f,5.38,sg,f,5.35,sg,f,4.95,like
the girl near the lady likes the woman.,near,center_embedding,sg,f,5.38,sg,f,5.35,sg,f,4.95,like
the girl likes the woman behind the lady.,behind,peripheral,sg,f,5.38,sg,f,5.35,sg,f,4.95,like
the girl behind the lady likes the woman.,behind,center_embedding,sg,f,5.38,sg,f,5.35,sg,f,4.95,like
the girl sees the woman near the ladies.,near,peripheral,sg,f,5.38,sg,f,5.35,pl,f,4.95,see
the girl near the ladies sees the woman.,near,center_embedding,sg,f,5.38,sg,f,5.35,pl,f,4.95,see
the girl sees the woman behind the ladies.,behind,peripheral,sg,f,5.38,sg,f,5.35,pl,f,4.95,see
the girl behind the ladies sees the woman.,behind,center_embedding,sg,f,5.38,sg,f,5.35,pl,f,4.95,see
the girl likes the woman near the ladies.,near,peripheral,sg,f,5.38,sg,f,5.35,pl,f,4.95,like
the girl near the ladies likes the woman.,near,center_embedding,sg,f,5.38,sg,f,5.35,pl,f,4.95,like
the girl likes the woman behind the ladies.,behind,peripheral,sg,f,5.38,sg,f,5.35,pl,f,4.95,like
the girl behind the ladies likes the woman.,behind,center_embedding,sg,f,5.38,sg,f,5.35,pl,f,4.95,like
the girl sees the women near the lady.,near,peripheral,sg,f,5.38,pl,f,5.35,sg,f,4.95,see
the girl near the lady sees the women.,near,center_embedding,sg,f,5.38,pl,f,5.35,sg,f,4.95,see
the girl sees the women behind the lady.,behind,peripheral,sg,f,5.38,pl,f,5.35,sg,f,4.95,see
the girl behind the lady sees the women.,behind,center_embedding,sg,f,5.38,pl,f,5.35,sg,f,4.95,see
the girl likes the women near the lady.,near,peripheral,sg,f,5.38,pl,f,5.35,sg,f,4.95,like
the girl near the lady likes the women.,near,center_embedding,sg,f,5.38,pl,f,5.35,sg,f,4.95,like
the girl likes the women behind the lady.,behind,peripheral,sg,f,5.38,pl,f,5.35,sg,f,4.95,like
the girl behind the lady likes the women.,behind,center_embedding,sg,f,5.38,pl,f,5.35,sg,f,4.95,like
the girl sees the women near the ladies.,near,peripheral,sg,f,5.38,pl,f,5.35,pl,f,4.95,see
the girl near the ladies sees the women.,near,center_embedding,sg,f,5.38,pl,f,5.35,pl,f,4.95,see
the girl sees the women behind the ladies.,behind,peripheral,sg,f,5.38,pl,f,5.35,pl,f,4.95,see
the girl behind the ladies sees the women.,behind,center_embedding,sg,f,5.38,pl,f,5.35,pl,f,4.95,see
the girl likes the women near the ladies.,near,peripheral,sg,f,5.38,pl,f,5.35,pl,f,4.95,like
the girl near the ladies likes the women.,near,center_embedding,sg,f,5.38,pl,f,5.35,pl,f,4.95,like
the girl likes the women behind the ladies.,behind,peripheral,sg,f,5.38,pl,f,5.35,pl,f,4.95,like
the girl behind the ladies likes the women.,behind,center_embedding,sg,f,5.38,pl,f,5.35,pl,f,4.95,like
the girls see the woman near the lady.,near,peripheral,pl,f,5.38,sg,f,5.35,sg,f,4.95,see
the girls near the lady see the woman.,near,center_embedding,pl,f,5.38,sg,f,5.35,sg,f,4.95,see
the girls see the woman behind the lady.,behind,peripheral,pl,f,5.38,sg,f,5.35,sg,f,4.95,see
the girls behind the lady see the woman.,behind,center_embedding,pl,f,5.38,sg,f,5.35,sg,f,4.95,see
the girls like the woman near the lady.,near,peripheral,pl,f,5.38,sg,f,5.35,sg,f,4.95,like
the girls near the lady like the woman.,near,center_embedding,pl,f,5.38,sg,f,5.35,sg,f,4.95,like
the girls like the woman behind the lady.,behind,peripheral,pl,f,5.38,sg,f,5.35,sg,f,4.95,like
the girls behind the lady like the woman.,behind,center_embedding,pl,f,5.38,sg,f,5.35,sg,f,4.95,like
the girls see the woman near the ladies.,near,peripheral,pl,f,5.38,sg,f,5.35,pl,f,4.95,see
the girls near the ladies see the woman.,near,center_embedding,pl,f,5.38,sg,f,5.35,pl,f,4.95,see
the girls see the woman behind the ladies.,behind,peripheral,pl,f,5.38,sg,f,5.35,pl,f,4.95,see
the girls behind the ladies see the woman.,behind,center_embedding,pl,f,5.38,sg,f,5.35,pl,f,4.95,see
the girls like the woman near the ladies.,near,peripheral,pl,f,5.38,sg,f,5.35,pl,f,4.95,like
the girls near the ladies like the woman.,near,center_embedding,pl,f,5.38,sg,f,5.35,pl,f,4.95,like
the girls like the woman behind the ladies.,behind,peripheral,pl,f,5.38,sg,f,5.35,pl,f,4.95,like
the girls behind the ladies like the woman.,behind,center_embedding,pl,f,5.38,sg,f,5.35,pl,f,4.95,like
the girls see the women near the lady.,near,peripheral,pl,f,5.38,pl,f,5.35,sg,f,4.95,see
the girls near the lady see the women.,near,center_embedding,pl,f,5.38,pl,f,5.35,sg,f,4.95,see
the girls see the women behind the lady.,behind,peripheral,pl,f,5.38,pl,f,5.35,sg,f,4.95,see
the girls behind the lady see the women.,behind,center_embedding,pl,f,5.38,pl,f,5.35,sg,f,4.95,see
the girls like the women near the lady.,near,peripheral,pl,f,5.38,pl,f,5.35,sg,f,4.95,like
the girls near the lady like the women.,near,center_embedding,pl,f,5.38,pl,f,5.35,sg,f,4.95,like
the girls like the women behind the lady.,behind,peripheral,pl,f,5.38,pl,f,5.35,sg,f,4.95,like
the girls behind the lady like the women.,behind,center_embedding,pl,f,5.38,pl,f,5.35,sg,f,4.95,like
the girls see the women near the ladies.,near,peripheral,pl,f,5.38,pl,f,5.35,pl,f,4.95,see
the girls near the ladies see the women.,near,center_embedding,pl,f,5.38,pl,f,5.35,pl,f,4.95,see
the girls see the women behind the ladies.,behind,peripheral,pl,f,5.38,pl,f,5.35,pl,f,4.95,see
the girls behind the ladies see the women.,behind,center_embedding,pl,f,5.38,pl,f,5.35,pl,f,4.95,see
the girls like the women near the ladies.,near,peripheral,pl,f,5.38,pl,f,5.35,pl,f,4.95,like
the girls near the ladies like the women.,near,center_embedding,pl,f,5.38,pl,f,5.35,pl,f,4.95,like
the girls like the women behind the ladies.,behind,peripheral,pl,f,5.38,pl,f,5.35,pl,f,4.95,like
the girls behind the ladies like the women.,behind,center_embedding,pl,f,5.38,pl,f,5.35,pl,f,4.95,like
the girl sees the woman near the man.,near,peripheral,sg,f,5.38,sg,f,5.35,sg,m,5.82,see
the girl near the man sees the woman.,near,center_embedding,sg,f,5.38,sg,f,5.35,sg,m,5.82,see
the girl sees the woman behind the man.,behind,peripheral,sg,f,5.38,sg,f,5.35,sg,m,5.82,see
the girl behind the man sees the woman.,behind,center_embedding,sg,f,5.38,sg,f,5.35,sg,m,5.82,see
the girl likes the woman near the man.,near,peripheral,sg,f,5.38,sg,f,5.35,sg,m,5.82,like
the girl near the man likes the woman.,near,center_embedding,sg,f,5.38,sg,f,5.35,sg,m,5.82,like
the girl likes the woman behind the man.,behind,peripheral,sg,f,5.38,sg,f,5.35,sg,m,5.82,like
the girl behind the man likes the woman.,behind,center_embedding,sg,f,5.38,sg,f,5.35,sg,m,5.82,like
the girl sees the woman near the men.,near,peripheral,sg,f,5.38,sg,f,5.35,pl,m,5.82,see
the girl near the men sees the woman.,near,center_embedding,sg,f,5.38,sg,f,5.35,pl,m,5.82,see
the girl sees the woman behind the men.,behind,peripheral,sg,f,5.38,sg,f,5.35,pl,m,5.82,see
the girl behind the men sees the woman.,behind,center_embedding,sg,f,5.38,sg,f,5.35,pl,m,5.82,see
the girl likes the woman near the men.,near,peripheral,sg,f,5.38,sg,f,5.35,pl,m,5.82,like
the girl near the men likes the woman.,near,center_embedding,sg,f,5.38,sg,f,5.35,pl,m,5.82,like
the girl likes the woman behind the men.,behind,peripheral,sg,f,5.38,sg,f,5.35,pl,m,5.82,like
the girl behind the men likes the woman.,behind,center_embedding,sg,f,5.38,sg,f,5.35,pl,m,5.82,like
the girl sees the women near the man.,near,peripheral,sg,f,5.38,pl,f,5.35,sg,m,5.82,see
the girl near the man sees the women.,near,center_embedding,sg,f,5.38,pl,f,5.35,sg,m,5.82,see
the girl sees the women behind the man.,behind,peripheral,sg,f,5.38,pl,f,5.35,sg,m,5.82,see
the girl behind the man sees the women.,behind,center_embedding,sg,f,5.38,pl,f,5.35,sg,m,5.82,see
the girl likes the women near the man.,near,peripheral,sg,f,5.38,pl,f,5.35,sg,m,5.82,like
the girl near the man likes the women.,near,center_embedding,sg,f,5.38,pl,f,5.35,sg,m,5.82,like
the girl likes the women behind the man.,behind,peripheral,sg,f,5.38,pl,f,5.35,sg,m,5.82,like
the girl behind the man likes the women.,behind,center_embedding,sg,f,5.38,pl,f,5.35,sg,m,5.82,like
the girl sees the women near the men.,near,peripheral,sg,f,5.38,pl,f,5.35,pl,m,5.82,see
the girl near the men sees the women.,near,center_embedding,sg,f,5.38,pl,f,5.35,pl,m,5.82,see
the girl sees the women behind the men.,behind,peripheral,sg,f,5.38,pl,f,5.35,pl,m,5.82,see
the girl behind the men sees the women.,behind,center_embedding,sg,f,5.38,pl,f,5.35,pl,m,5.82,see
the girl likes the women near the men.,near,peripheral,sg,f,5.38,pl,f,5.35,pl,m,5.82,like
the girl near the men likes the women.,near,center_embedding,sg,f,5.38,pl,f,5.35,pl,m,5.82,like
the girl likes the women behind the men.,behind,peripheral,sg,f,5.38,pl,f,5.35,pl,m,5.82,like
the girl behind the men likes the women.,behind,center_embedding,sg,f,5.38,pl,f,5.35,pl,m,5.82,like
the girls see the woman near the man.,near,peripheral,pl,f,5.38,sg,f,5.35,sg,m,5.82,see
the girls near the man see the woman.,near,center_embedding,pl,f,5.38,sg,f,5.35,sg,m,5.82,see
the girls see the woman behind the man.,behind,peripheral,pl,f,5.38,sg,f,5.35,sg,m,5.82,see
the girls behind the man see the woman.,behind,center_embedding,pl,f,5.38,sg,f,5.35,sg,m,5.82,see
the girls like the woman near the man.,near,peripheral,pl,f,5.38,sg,f,5.35,sg,m,5.82,like
the girls near the man like the woman.,near,center_embedding,pl,f,5.38,sg,f,5.35,sg,m,5.82,like
the girls like the woman behind the man.,behind,peripheral,pl,f,5.38,sg,f,5.35,sg,m,5.82,like
the girls behind the man like the woman.,behind,center_embedding,pl,f,5.38,sg,f,5.35,sg,m,5.82,like
the girls see the woman near the men.,near,peripheral,pl,f,5.38,sg,f,5.35,pl,m,5.82,see
the girls near the men see the woman.,near,center_embedding,pl,f,5.38,sg,f,5.35,pl,m,5.82,see
the girls see the woman behind the men.,behind,peripheral,pl,f,5.38,sg,f,5.35,pl,m,5.82,see
the girls behind the men see the woman.,behind,center_embedding,pl,f,5.38,sg,f,5.35,pl,m,5.82,see
the girls like the woman near the men.,near,peripheral,pl,f,5.38,sg,f,5.35,pl,m,5.82,like
the girls near the men like the woman.,near,center_embedding,pl,f,5.38,sg,f,5.35,pl,m,5.82,like
the girls like the woman behind the men.,behind,peripheral,pl,f,5.38,sg,f,5.35,pl,m,5.82,like
the girls behind the men like the woman.,behind,center_embedding,pl,f,5.38,sg,f,5.35,pl,m,5.82,like
the girls see the women near the man.,near,peripheral,pl,f,5.38,pl,f,5.35,sg,m,5.82,see
the girls near the man see the women.,near,center_embedding,pl,f,5.38,pl,f,5.35,sg,m,5.82,see
the girls see the women behind the man.,behind,peripheral,pl,f,5.38,pl,f,5.35,sg,m,5.82,see
the girls behind the man see the women.,behind,center_embedding,pl,f,5.38,pl,f,5.35,sg,m,5.82,see
the girls like the women near the man.,near,peripheral,pl,f,5.38,pl,f,5.35,sg,m,5.82,like
the girls near the man like the women.,near,center_embedding,pl,f,5.38,pl,f,5.35,sg,m,5.82,like
the girls like the women behind the man.,behind,peripheral,pl,f,5.38,pl,f,5.35,sg,m,5.82,like
the girls behind the man like the women.,behind,center_embedding,pl,f,5.38,pl,f,5.35,sg,m,5.82,like
the girls see the women near the men.,near,peripheral,pl,f,5.38,pl,f,5.35,pl,m,5.82,see
the girls near the men see the women.,near,center_embedding,pl,f,5.38,pl,f,5.35,pl,m,5.82,see
the girls see the women behind the men.,behind,peripheral,pl,f,5.38,pl,f,5.35,pl,m,5.82,see
the girls behind the men see the women.,behind,center_embedding,pl,f,5.38,pl,f,5.35,pl,m,5.82,see
the girls like the women near the men.,near,peripheral,pl,f,5.38,pl,f,5.35,pl,m,5.82,like
the girls near the men like the women.,near,center_embedding,pl,f,5.38,pl,f,5.35,pl,m,5.82,like
the girls like the women behind the men.,behind,peripheral,pl,f,5.38,pl,f,5.35,pl,m,5.82,like
the girls behind the men like the women.,behind,center_embedding,pl,f,5.38,pl,f,5.35,pl,m,5.82,like
the girl sees the woman near the boy.,near,peripheral,sg,f,5.38,sg,f,5.35,sg,m,5.17,see
the girl near the boy sees the woman.,near,center_embedding,sg,f,5.38,sg,f,5.35,sg,m,5.17,see
the girl sees the woman behind the boy.,behind,peripheral,sg,f,5.38,sg,f,5.35,sg,m,5.17,see
the girl behind the boy sees the woman.,behind,center_embedding,sg,f,5.38,sg,f,5.35,sg,m,5.17,see
the girl likes the woman near the boy.,near,peripheral,sg,f,5.38,sg,f,5.35,sg,m,5.17,like
the girl near the boy likes the woman.,near,center_embedding,sg,f,5.38,sg,f,5.35,sg,m,5.17,like
the girl likes the woman behind the boy.,behind,peripheral,sg,f,5.38,sg,f,5.35,sg,m,5.17,like
the girl behind the boy likes the woman.,behind,center_embedding,sg,f,5.38,sg,f,5.35,sg,m,5.17,like
the girl sees the woman near the boys.,near,peripheral,sg,f,5.38,sg,f,5.35,pl,m,5.17,see
the girl near the boys sees the woman.,near,center_embedding,sg,f,5.38,sg,f,5.35,pl,m,5.17,see
the girl sees the woman behind the boys.,behind,peripheral,sg,f,5.38,sg,f,5.35,pl,m,5.17,see
the girl behind the boys sees the woman.,behind,center_embedding,sg,f,5.38,sg,f,5.35,pl,m,5.17,see
the girl likes the woman near the boys.,near,peripheral,sg,f,5.38,sg,f,5.35,pl,m,5.17,like
the girl near the boys likes the woman.,near,center_embedding,sg,f,5.38,sg,f,5.35,pl,m,5.17,like
the girl likes the woman behind the boys.,behind,peripheral,sg,f,5.38,sg,f,5.35,pl,m,5.17,like
the girl behind the boys likes the woman.,behind,center_embedding,sg,f,5.38,sg,f,5.35,pl,m,5.17,like
the girl sees the women near the boy.,near,peripheral,sg,f,5.38,pl,f,5.35,sg,m,5.17,see
the girl near the boy sees the women.,near,center_embedding,sg,f,5.38,pl,f,5.35,sg,m,5.17,see
the girl sees the women behind the boy.,behind,peripheral,sg,f,5.38,pl,f,5.35,sg,m,5.17,see
the girl behind the boy sees the women.,behind,center_embedding,sg,f,5.38,pl,f,5.35,sg,m,5.17,see
the girl likes the women near the boy.,near,peripheral,sg,f,5.38,pl,f,5.35,sg,m,5.17,like
the girl near the boy likes the women.,near,center_embedding,sg,f,5.38,pl,f,5.35,sg,m,5.17,like
the girl likes the women behind the boy.,behind,peripheral,sg,f,5.38,pl,f,5.35,sg,m,5.17,like
the girl behind the boy likes the women.,behind,center_embedding,sg,f,5.38,pl,f,5.35,sg,m,5.17,like
the girl sees the women near the boys.,near,peripheral,sg,f,5.38,pl,f,5.35,pl,m,5.17,see
the girl near the boys sees the women.,near,center_embedding,sg,f,5.38,pl,f,5.35,pl,m,5.17,see
the girl sees the women behind the boys.,behind,peripheral,sg,f,5.38,pl,f,5.35,pl,m,5.17,see
the girl behind the boys sees the women.,behind,center_embedding,sg,f,5.38,pl,f,5.35,pl,m,5.17,see
the girl likes the women near the boys.,near,peripheral,sg,f,5.38,pl,f,5.35,pl,m,5.17,like
the girl near the boys likes the women.,near,center_embedding,sg,f,5.38,pl,f,5.35,pl,m,5.17,like
the girl likes the women behind the boys.,behind,peripheral,sg,f,5.38,pl,f,5.35,pl,m,5.17,like
the girl behind the boys likes the women.,behind,center_embedding,sg,f,5.38,pl,f,5.35,pl,m,5.17,like
the girls see the woman near the boy.,near,peripheral,pl,f,5.38,sg,f,5.35,sg,m,5.17,see
the girls near the boy see the woman.,near,center_embedding,pl,f,5.38,sg,f,5.35,sg,m,5.17,see
the girls see the woman behind the boy.,behind,peripheral,pl,f,5.38,sg,f,5.35,sg,m,5.17,see
the girls behind the boy see the woman.,behind,center_embedding,pl,f,5.38,sg,f,5.35,sg,m,5.17,see
the girls like the woman near the boy.,near,peripheral,pl,f,5.38,sg,f,5.35,sg,m,5.17,like
the girls near the boy like the woman.,near,center_embedding,pl,f,5.38,sg,f,5.35,sg,m,5.17,like
the girls like the woman behind the boy.,behind,peripheral,pl,f,5.38,sg,f,5.35,sg,m,5.17,like
the girls behind the boy like the woman.,behind,center_embedding,pl,f,5.38,sg,f,5.35,sg,m,5.17,like
the girls see the woman near the boys.,near,peripheral,pl,f,5.38,sg,f,5.35,pl,m,5.17,see
the girls near the boys see the woman.,near,center_embedding,pl,f,5.38,sg,f,5.35,pl,m,5.17,see
the girls see the woman behind the boys.,behind,peripheral,pl,f,5.38,sg,f,5.35,pl,m,5.17,see
the girls behind the boys see the woman.,behind,center_embedding,pl,f,5.38,sg,f,5.35,pl,m,5.17,see
the girls like the woman near the boys.,near,peripheral,pl,f,5.38,sg,f,5.35,pl,m,5.17,like
the girls near the boys like the woman.,near,center_embedding,pl,f,5.38,sg,f,5.35,pl,m,5.17,like
the girls like the woman behind the boys.,behind,peripheral,pl,f,5.38,sg,f,5.35,pl,m,5.17,like
the girls behind the boys like the woman.,behind,center_embedding,pl,f,5.38,sg,f,5.35,pl,m,5.17,like
the girls see the women near the boy.,near,peripheral,pl,f,5.38,pl,f,5.35,sg,m,5.17,see
the girls near the boy see the women.,near,center_embedding,pl,f,5.38,pl,f,5.35,sg,m,5.17,see
the girls see the women behind the boy.,behind,peripheral,pl,f,5.38,pl,f,5.35,sg,m,5.17,see
the girls behind the boy see the women.,behind,center_embedding,pl,f,5.38,pl,f,5.35,sg,m,5.17,see
the girls like the women near the boy.,near,peripheral,pl,f,5.38,pl,f,5.35,sg,m,5.17,like
the girls near the boy like the women.,near,center_embedding,pl,f,5.38,pl,f,5.35,sg,m,5.17,like
the girls like the women behind the boy.,behind,peripheral,pl,f,5.38,pl,f,5.35,sg,m,5.17,like
the girls behind the boy like the women.,behind,center_embedding,pl,f,5.38,pl,f,5.35,sg,m,5.17,like
the girls see the women near the boys.,near,peripheral,pl,f,5.38,pl,f,5.35,pl,m,5.17,see
the girls near the boys see the women.,near,center_embedding,pl,f,5.38,pl,f,5.35,pl,m,5.17,see
the girls see the women behind the boys.,behind,peripheral,pl,f,5.38,pl,f,5.35,pl,m,5.17,see
the girls behind the boys see the women.,behind,center_embedding,pl,f,5.38,pl,f,5.35,pl,m,5.17,see
the girls like the women near the boys.,near,peripheral,pl,f,5.38,pl,f,5.35,pl,m,5.17,like
the girls near the boys like the women.,near,center_embedding,pl,f,5.38,pl,f,5.35,pl,m,5.17,like
the girls like the women behind the boys.,behind,peripheral,pl,f,5.38,pl,f,5.35,pl,m,5.17,like
the girls behind the boys like the women.,behind,center_embedding,pl,f,5.38,pl,f,5.35,pl,m,5.17,like
the girl sees the woman near the king.,near,peripheral,sg,f,5.38,sg,f,5.35,sg,m,5.17,see
the girl near the king sees the woman.,near,center_embedding,sg,f,5.38,sg,f,5.35,sg,m,5.17,see
the girl sees the woman behind the king.,behind,peripheral,sg,f,5.38,sg,f,5.35,sg,m,5.17,see
the girl behind the king sees the woman.,behind,center_embedding,sg,f,5.38,sg,f,5.35,sg,m,5.17,see
the girl likes the woman near the king.,near,peripheral,sg,f,5.38,sg,f,5.35,sg,m,5.17,like
the girl near the king likes the woman.,near,center_embedding,sg,f,5.38,sg,f,5.35,sg,m,5.17,like
the girl likes the woman behind the king.,behind,peripheral,sg,f,5.38,sg,f,5.35,sg,m,5.17,like
the girl behind the king likes the woman.,behind,center_embedding,sg,f,5.38,sg,f,5.35,sg,m,5.17,like
the girl sees the woman near the kings.,near,peripheral,sg,f,5.38,sg,f,5.35,pl,m,5.17,see
the girl near the kings sees the woman.,near,center_embedding,sg,f,5.38,sg,f,5.35,pl,m,5.17,see
the girl sees the woman behind the kings.,behind,peripheral,sg,f,5.38,sg,f,5.35,pl,m,5.17,see
the girl behind the kings sees the woman.,behind,center_embedding,sg,f,5.38,sg,f,5.35,pl,m,5.17,see
the girl likes the woman near the kings.,near,peripheral,sg,f,5.38,sg,f,5.35,pl,m,5.17,like
the girl near the kings likes the woman.,near,center_embedding,sg,f,5.38,sg,f,5.35,pl,m,5.17,like
the girl likes the woman behind the kings.,behind,peripheral,sg,f,5.38,sg,f,5.35,pl,m,5.17,like
the girl behind the kings likes the woman.,behind,center_embedding,sg,f,5.38,sg,f,5.35,pl,m,5.17,like
the girl sees the women near the king.,near,peripheral,sg,f,5.38,pl,f,5.35,sg,m,5.17,see
the girl near the king sees the women.,near,center_embedding,sg,f,5.38,pl,f,5.35,sg,m,5.17,see
the girl sees the women behind the king.,behind,peripheral,sg,f,5.38,pl,f,5.35,sg,m,5.17,see
the girl behind the king sees the women.,behind,center_embedding,sg,f,5.38,pl,f,5.35,sg,m,5.17,see
the girl likes the women near the king.,near,peripheral,sg,f,5.38,pl,f,5.35,sg,m,5.17,like
the girl near the king likes the women.,near,center_embedding,sg,f,5.38,pl,f,5.35,sg,m,5.17,like
the girl likes the women behind the king.,behind,peripheral,sg,f,5.38,pl,f,5.35,sg,m,5.17,like
the girl behind the king likes the women.,behind,center_embedding,sg,f,5.38,pl,f,5.35,sg,m,5.17,like
the girl sees the women near the kings.,near,peripheral,sg,f,5.38,pl,f,5.35,pl,m,5.17,see
the girl near the kings sees the women.,near,center_embedding,sg,f,5.38,pl,f,5.35,pl,m,5.17,see
the girl sees the women behind the kings.,behind,peripheral,sg,f,5.38,pl,f,5.35,pl,m,5.17,see
the girl behind the kings sees the women.,behind,center_embedding,sg,f,5.38,pl,f,5.35,pl,m,5.17,see
the girl likes the women near the kings.,near,peripheral,sg,f,5.38,pl,f,5.35,pl,m,5.17,like
the girl near the kings likes the women.,near,center_embedding,sg,f,5.38,pl,f,5.35,pl,m,5.17,like
the girl likes the women behind the kings.,behind,peripheral,sg,f,5.38,pl,f,5.35,pl,m,5.17,like
the girl behind the kings likes the women.,behind,center_embedding,sg,f,5.38,pl,f,5.35,pl,m,5.17,like
the girls see the woman near the king.,near,peripheral,pl,f,5.38,sg,f,5.35,sg,m,5.17,see
the girls near the king see the woman.,near,center_embedding,pl,f,5.38,sg,f,5.35,sg,m,5.17,see
the girls see the woman behind the king.,behind,peripheral,pl,f,5.38,sg,f,5.35,sg,m,5.17,see
the girls behind the king see the woman.,behind,center_embedding,pl,f,5.38,sg,f,5.35,sg,m,5.17,see
the girls like the woman near the king.,near,peripheral,pl,f,5.38,sg,f,5.35,sg,m,5.17,like
the girls near the king like the woman.,near,center_embedding,pl,f,5.38,sg,f,5.35,sg,m,5.17,like
the girls like the woman behind the king.,behind,peripheral,pl,f,5.38,sg,f,5.35,sg,m,5.17,like
the girls behind the king like the woman.,behind,center_embedding,pl,f,5.38,sg,f,5.35,sg,m,5.17,like
the girls see the woman near the kings.,near,peripheral,pl,f,5.38,sg,f,5.35,pl,m,5.17,see
the girls near the kings see the woman.,near,center_embedding,pl,f,5.38,sg,f,5.35,pl,m,5.17,see
the girls see the woman behind the kings.,behind,peripheral,pl,f,5.38,sg,f,5.35,pl,m,5.17,see
the girls behind the kings see the woman.,behind,center_embedding,pl,f,5.38,sg,f,5.35,pl,m,5.17,see
the girls like the woman near the kings.,near,peripheral,pl,f,5.38,sg,f,5.35,pl,m,5.17,like
the girls near the kings like the woman.,near,center_embedding,pl,f,5.38,sg,f,5.35,pl,m,5.17,like
the girls like the woman behind the kings.,behind,peripheral,pl,f,5.38,sg,f,5.35,pl,m,5.17,like
the girls behind the kings like the woman.,behind,center_embedding,pl,f,5.38,sg,f,5.35,pl,m,5.17,like
the girls see the women near the king.,near,peripheral,pl,f,5.38,pl,f,5.35,sg,m,5.17,see
the girls near the king see the women.,near,center_embedding,pl,f,5.38,pl,f,5.35,sg,m,5.17,see
the girls see the women behind the king.,behind,peripheral,pl,f,5.38,pl,f,5.35,sg,m,5.17,see
the girls behind the king see the women.,behind,center_embedding,pl,f,5.38,pl,f,5.35,sg,m,5.17,see
the girls like the women near the king.,near,peripheral,pl,f,5.38,pl,f,5.35,sg,m,5.17,like
the girls near the king like the women.,near,center_embedding,pl,f,5.38,pl,f,5.35,sg,m,5.17,like
the girls like the women behind the king.,behind,peripheral,pl,f,5.38,pl,f,5.35,sg,m,5.17,like
the girls behind the king like the women.,behind,center_embedding,pl,f,5.38,pl,f,5.35,sg,m,5.17,like
the girls see the women near the kings.,near,peripheral,pl,f,5.38,pl,f,5.35,pl,m,5.17,see
the girls near the kings see the women.,near,center_embedding,pl,f,5.38,pl,f,5.35,pl,m,5.17,see
the girls see the women behind the kings.,behind,peripheral,pl,f,5.38,pl,f,5.35,pl,m,5.17,see
the girls behind the kings see the women.,behind,center_embedding,pl,f,5.38,pl,f,5.35,pl,m,5.17,see
the girls like the women near the kings.,near,peripheral,pl,f,5.38,pl,f,5.35,pl,m,5.17,like
the girls near the kings like the women.,near,center_embedding,pl,f,5.38,pl,f,5.35,pl,m,5.17,like
the girls like the women behind the kings.,behind,peripheral,pl,f,5.38,pl,f,5.35,pl,m,5.17,like
the girls behind the kings like the women.,behind,center_embedding,pl,f,5.38,pl,f,5.35,pl,m,5.17,like
the girl sees the lady near the woman.,near,peripheral,sg,f,5.38,sg,f,4.95,sg,f,5.35,see
the girl near the woman sees the lady.,near,center_embedding,sg,f,5.38,sg,f,4.95,sg,f,5.35,see
the girl sees the lady behind the woman.,behind,peripheral,sg,f,5.38,sg,f,4.95,sg,f,5.35,see
the girl behind the woman sees the lady.,behind,center_embedding,sg,f,5.38,sg,f,4.95,sg,f,5.35,see
the girl likes the lady near the woman.,near,peripheral,sg,f,5.38,sg,f,4.95,sg,f,5.35,like
the girl near the woman likes the lady.,near,center_embedding,sg,f,5.38,sg,f,4.95,sg,f,5.35,like
the girl likes the lady behind the woman.,behind,peripheral,sg,f,5.38,sg,f,4.95,sg,f,5.35,like
the girl behind the woman likes the lady.,behind,center_embedding,sg,f,5.38,sg,f,4.95,sg,f,5.35,like
the girl sees the lady near the women.,near,peripheral,sg,f,5.38,sg,f,4.95,pl,f,5.35,see
the girl near the women sees the lady.,near,center_embedding,sg,f,5.38,sg,f,4.95,pl,f,5.35,see
the girl sees the lady behind the women.,behind,peripheral,sg,f,5.38,sg,f,4.95,pl,f,5.35,see
the girl behind the women sees the lady.,behind,center_embedding,sg,f,5.38,sg,f,4.95,pl,f,5.35,see
the girl likes the lady near the women.,near,peripheral,sg,f,5.38,sg,f,4.95,pl,f,5.35,like
the girl near the women likes the lady.,near,center_embedding,sg,f,5.38,sg,f,4.95,pl,f,5.35,like
the girl likes the lady behind the women.,behind,peripheral,sg,f,5.38,sg,f,4.95,pl,f,5.35,like
the girl behind the women likes the lady.,behind,center_embedding,sg,f,5.38,sg,f,4.95,pl,f,5.35,like
the girl sees the ladies near the woman.,near,peripheral,sg,f,5.38,pl,f,4.95,sg,f,5.35,see
the girl near the woman sees the ladies.,near,center_embedding,sg,f,5.38,pl,f,4.95,sg,f,5.35,see
the girl sees the ladies behind the woman.,behind,peripheral,sg,f,5.38,pl,f,4.95,sg,f,5.35,see
the girl behind the woman sees the ladies.,behind,center_embedding,sg,f,5.38,pl,f,4.95,sg,f,5.35,see
the girl likes the ladies near the woman.,near,peripheral,sg,f,5.38,pl,f,4.95,sg,f,5.35,like
the girl near the woman likes the ladies.,near,center_embedding,sg,f,5.38,pl,f,4.95,sg,f,5.35,like
the girl likes the ladies behind the woman.,behind,peripheral,sg,f,5.38,pl,f,4.95,sg,f,5.35,like
the girl behind the woman likes the ladies.,behind,center_embedding,sg,f,5.38,pl,f,4.95,sg,f,5.35,like
the girl sees the ladies near the women.,near,peripheral,sg,f,5.38,pl,f,4.95,pl,f,5.35,see
the girl near the women sees the ladies.,near,center_embedding,sg,f,5.38,pl,f,4.95,pl,f,5.35,see
the girl sees the ladies behind the women.,behind,peripheral,sg,f,5.38,pl,f,4.95,pl,f,5.35,see
the girl behind the women sees the ladies.,behind,center_embedding,sg,f,5.38,pl,f,4.95,pl,f,5.35,see
the girl likes the ladies near the women.,near,peripheral,sg,f,5.38,pl,f,4.95,pl,f,5.35,like
the girl near the women likes the ladies.,near,center_embedding,sg,f,5.38,pl,f,4.95,pl,f,5.35,like
the girl likes the ladies behind the women.,behind,peripheral,sg,f,5.38,pl,f,4.95,pl,f,5.35,like
the girl behind the women likes the ladies.,behind,center_embedding,sg,f,5.38,pl,f,4.95,pl,f,5.35,like
the girls see the lady near the woman.,near,peripheral,pl,f,5.38,sg,f,4.95,sg,f,5.35,see
the girls near the woman see the lady.,near,center_embedding,pl,f,5.38,sg,f,4.95,sg,f,5.35,see
the girls see the lady behind the woman.,behind,peripheral,pl,f,5.38,sg,f,4.95,sg,f,5.35,see
the girls behind the woman see the lady.,behind,center_embedding,pl,f,5.38,sg,f,4.95,sg,f,5.35,see
the girls like the lady near the woman.,near,peripheral,pl,f,5.38,sg,f,4.95,sg,f,5.35,like
the girls near the woman like the lady.,near,center_embedding,pl,f,5.38,sg,f,4.95,sg,f,5.35,like
the girls like the lady behind the woman.,behind,peripheral,pl,f,5.38,sg,f,4.95,sg,f,5.35,like
the girls behind the woman like the lady.,behind,center_embedding,pl,f,5.38,sg,f,4.95,sg,f,5.35,like
the girls see the lady near the women.,near,peripheral,pl,f,5.38,sg,f,4.95,pl,f,5.35,see
the girls near the women see the lady.,near,center_embedding,pl,f,5.38,sg,f,4.95,pl,f,5.35,see
the girls see the lady behind the women.,behind,peripheral,pl,f,5.38,sg,f,4.95,pl,f,5.35,see
the girls behind the women see the lady.,behind,center_embedding,pl,f,5.38,sg,f,4.95,pl,f,5.35,see
the girls like the lady near the women.,near,peripheral,pl,f,5.38,sg,f,4.95,pl,f,5.35,like
the girls near the women like the lady.,near,center_embedding,pl,f,5.38,sg,f,4.95,pl,f,5.35,like
the girls like the lady behind the women.,behind,peripheral,pl,f,5.38,sg,f,4.95,pl,f,5.35,like
the girls behind the women like the lady.,behind,center_embedding,pl,f,5.38,sg,f,4.95,pl,f,5.35,like
the girls see the ladies near the woman.,near,peripheral,pl,f,5.38,pl,f,4.95,sg,f,5.35,see
the girls near the woman see the ladies.,near,center_embedding,pl,f,5.38,pl,f,4.95,sg,f,5.35,see
the girls see the ladies behind the woman.,behind,peripheral,pl,f,5.38,pl,f,4.95,sg,f,5.35,see
the girls behind the woman see the ladies.,behind,center_embedding,pl,f,5.38,pl,f,4.95,sg,f,5.35,see
the girls like the ladies near the woman.,near,peripheral,pl,f,5.38,pl,f,4.95,sg,f,5.35,like
the girls near the woman like the ladies.,near,center_embedding,pl,f,5.38,pl,f,4.95,sg,f,5.35,like
the girls like the ladies behind the woman.,behind,peripheral,pl,f,5.38,pl,f,4.95,sg,f,5.35,like
the girls behind the woman like the ladies.,behind,center_embedding,pl,f,5.38,pl,f,4.95,sg,f,5.35,like
the girls see the ladies near the women.,near,peripheral,pl,f,5.38,pl,f,4.95,pl,f,5.35,see
the girls near the women see the ladies.,near,center_embedding,pl,f,5.38,pl,f,4.95,pl,f,5.35,see
the girls see the ladies behind the women.,behind,peripheral,pl,f,5.38,pl,f,4.95,pl,f,5.35,see
the girls behind the women see the ladies.,behind,center_embedding,pl,f,5.38,pl,f,4.95,pl,f,5.35,see
the girls like the ladies near the women.,near,peripheral,pl,f,5.38,pl,f,4.95,pl,f,5.35,like
the girls near the women like the ladies.,near,center_embedding,pl,f,5.38,pl,f,4.95,pl,f,5.35,like
the girls like the ladies behind the women.,behind,peripheral,pl,f,5.38,pl,f,4.95,pl,f,5.35,like
the girls behind the women like the ladies.,behind,center_embedding,pl,f,5.38,pl,f,4.95,pl,f,5.35,like
the girl sees the lady near the man.,near,peripheral,sg,f,5.38,sg,f,4.95,sg,m,5.82,see
the girl near the man sees the lady.,near,center_embedding,sg,f,5.38,sg,f,4.95,sg,m,5.82,see
the girl sees the lady behind the man.,behind,peripheral,sg,f,5.38,sg,f,4.95,sg,m,5.82,see
the girl behind the man sees the lady.,behind,center_embedding,sg,f,5.38,sg,f,4.95,sg,m,5.82,see
the girl likes the lady near the man.,near,peripheral,sg,f,5.38,sg,f,4.95,sg,m,5.82,like
the girl near the man likes the lady.,near,center_embedding,sg,f,5.38,sg,f,4.95,sg,m,5.82,like
the girl likes the lady behind the man.,behind,peripheral,sg,f,5.38,sg,f,4.95,sg,m,5.82,like
the girl behind the man likes the lady.,behind,center_embedding,sg,f,5.38,sg,f,4.95,sg,m,5.82,like
the girl sees the lady near the men.,near,peripheral,sg,f,5.38,sg,f,4.95,pl,m,5.82,see
the girl near the men sees the lady.,near,center_embedding,sg,f,5.38,sg,f,4.95,pl,m,5.82,see
the girl sees the lady behind the men.,behind,peripheral,sg,f,5.38,sg,f,4.95,pl,m,5.82,see
the girl behind the men sees the lady.,behind,center_embedding,sg,f,5.38,sg,f,4.95,pl,m,5.82,see
the girl likes the lady near the men.,near,peripheral,sg,f,5.38,sg,f,4.95,pl,m,5.82,like
the girl near the men likes the lady.,near,center_embedding,sg,f,5.38,sg,f,4.95,pl,m,5.82,like
the girl likes the lady behind the men.,behind,peripheral,sg,f,5.38,sg,f,4.95,pl,m,5.82,like
the girl behind the men likes the lady.,behind,center_embedding,sg,f,5.38,sg,f,4.95,pl,m,5.82,like
the girl sees the ladies near the man.,near,peripheral,sg,f,5.38,pl,f,4.95,sg,m,5.82,see
the girl near the man sees the ladies.,near,center_embedding,sg,f,5.38,pl,f,4.95,sg,m,5.82,see
the girl sees the ladies behind the man.,behind,peripheral,sg,f,5.38,pl,f,4.95,sg,m,5.82,see
the girl behind the man sees the ladies.,behind,center_embedding,sg,f,5.38,pl,f,4.95,sg,m,5.82,see
the girl likes the ladies near the man.,near,peripheral,sg,f,5.38,pl,f,4.95,sg,m,5.82,like
the girl near the man likes the ladies.,near,center_embedding,sg,f,5.38,pl,f,4.95,sg,m,5.82,like
the girl likes the ladies behind the man.,behind,peripheral,sg,f,5.38,pl,f,4.95,sg,m,5.82,like
the girl behind the man likes the ladies.,behind,center_embedding,sg,f,5.38,pl,f,4.95,sg,m,5.82,like
the girl sees the ladies near the men.,near,peripheral,sg,f,5.38,pl,f,4.95,pl,m,5.82,see
the girl near the men sees the ladies.,near,center_embedding,sg,f,5.38,pl,f,4.95,pl,m,5.82,see
the girl sees the ladies behind the men.,behind,peripheral,sg,f,5.38,pl,f,4.95,pl,m,5.82,see
the girl behind the men sees the ladies.,behind,center_embedding,sg,f,5.38,pl,f,4.95,pl,m,5.82,see
the girl likes the ladies near the men.,near,peripheral,sg,f,5.38,pl,f,4.95,pl,m,5.82,like
the girl near the men likes the ladies.,near,center_embedding,sg,f,5.38,pl,f,4.95,pl,m,5.82,like
the girl likes the ladies behind the men.,behind,peripheral,sg,f,5.38,pl,f,4.95,pl,m,5.82,like
the girl behind the men likes the ladies.,behind,center_embedding,sg,f,5.38,pl,f,4.95,pl,m,5.82,like
the girls see the lady near the man.,near,peripheral,pl,f,5.38,sg,f,4.95,sg,m,5.82,see
the girls near the man see the lady.,near,center_embedding,pl,f,5.38,sg,f,4.95,sg,m,5.82,see
the girls see the lady behind the man.,behind,peripheral,pl,f,5.38,sg,f,4.95,sg,m,5.82,see
the girls behind the man see the lady.,behind,center_embedding,pl,f,5.38,sg,f,4.95,sg,m,5.82,see
the girls like the lady near the man.,near,peripheral,pl,f,5.38,sg,f,4.95,sg,m,5.82,like
the girls near the man like the lady.,near,center_embedding,pl,f,5.38,sg,f,4.95,sg,m,5.82,like
the girls like the lady behind the man.,behind,peripheral,pl,f,5.38,sg,f,4.95,sg,m,5.82,like
the girls behind the man like the lady.,behind,center_embedding,pl,f,5.38,sg,f,4.95,sg,m,5.82,like
the girls see the lady near the men.,near,peripheral,pl,f,5.38,sg,f,4.95,pl,m,5.82,see
the girls near the men see the lady.,near,center_embedding,pl,f,5.38,sg,f,4.95,pl,m,5.82,see
the girls see the lady behind the men.,behind,peripheral,pl,f,5.38,sg,f,4.95,pl,m,5.82,see
the girls behind the men see the lady.,behind,center_embedding,pl,f,5.38,sg,f,4.95,pl,m,5.82,see
the girls like the lady near the men.,near,peripheral,pl,f,5.38,sg,f,4.95,pl,m,5.82,like
the girls near the men like the lady.,near,center_embedding,pl,f,5.38,sg,f,4.95,pl,m,5.82,like
the girls like the lady behind the men.,behind,peripheral,pl,f,5.38,sg,f,4.95,pl,m,5.82,like
the girls behind the men like the lady.,behind,center_embedding,pl,f,5.38,sg,f,4.95,pl,m,5.82,like
the girls see the ladies near the man.,near,peripheral,pl,f,5.38,pl,f,4.95,sg,m,5.82,see
the girls near the man see the ladies.,near,center_embedding,pl,f,5.38,pl,f,4.95,sg,m,5.82,see
the girls see the ladies behind the man.,behind,peripheral,pl,f,5.38,pl,f,4.95,sg,m,5.82,see
the girls behind the man see the ladies.,behind,center_embedding,pl,f,5.38,pl,f,4.95,sg,m,5.82,see
the girls like the ladies near the man.,near,peripheral,pl,f,5.38,pl,f,4.95,sg,m,5.82,like
the girls near the man like the ladies.,near,center_embedding,pl,f,5.38,pl,f,4.95,sg,m,5.82,like
the girls like the ladies behind the man.,behind,peripheral,pl,f,5.38,pl,f,4.95,sg,m,5.82,like
the girls behind the man like the ladies.,behind,center_embedding,pl,f,5.38,pl,f,4.95,sg,m,5.82,like
the girls see the ladies near the men.,near,peripheral,pl,f,5.38,pl,f,4.95,pl,m,5.82,see
the girls near the men see the ladies.,near,center_embedding,pl,f,5.38,pl,f,4.95,pl,m,5.82,see
the girls see the ladies behind the men.,behind,peripheral,pl,f,5.38,pl,f,4.95,pl,m,5.82,see
the girls behind the men see the ladies.,behind,center_embedding,pl,f,5.38,pl,f,4.95,pl,m,5.82,see
the girls like the ladies near the men.,near,peripheral,pl,f,5.38,pl,f,4.95,pl,m,5.82,like
the girls near the men like the ladies.,near,center_embedding,pl,f,5.38,pl,f,4.95,pl,m,5.82,like
the girls like the ladies behind the men.,behind,peripheral,pl,f,5.38,pl,f,4.95,pl,m,5.82,like
the girls behind the men like the ladies.,behind,center_embedding,pl,f,5.38,pl,f,4.95,pl,m,5.82,like
the girl sees the lady near the boy.,near,peripheral,sg,f,5.38,sg,f,4.95,sg,m,5.17,see
the girl near the boy sees the lady.,near,center_embedding,sg,f,5.38,sg,f,4.95,sg,m,5.17,see
the girl sees the lady behind the boy.,behind,peripheral,sg,f,5.38,sg,f,4.95,sg,m,5.17,see
the girl behind the boy sees the lady.,behind,center_embedding,sg,f,5.38,sg,f,4.95,sg,m,5.17,see
the girl likes the lady near the boy.,near,peripheral,sg,f,5.38,sg,f,4.95,sg,m,5.17,like
the girl near the boy likes the lady.,near,center_embedding,sg,f,5.38,sg,f,4.95,sg,m,5.17,like
the girl likes the lady behind the boy.,behind,peripheral,sg,f,5.38,sg,f,4.95,sg,m,5.17,like
the girl behind the boy likes the lady.,behind,center_embedding,sg,f,5.38,sg,f,4.95,sg,m,5.17,like
the girl sees the lady near the boys.,near,peripheral,sg,f,5.38,sg,f,4.95,pl,m,5.17,see
the girl near the boys sees the lady.,near,center_embedding,sg,f,5.38,sg,f,4.95,pl,m,5.17,see
the girl sees the lady behind the boys.,behind,peripheral,sg,f,5.38,sg,f,4.95,pl,m,5.17,see
the girl behind the boys sees the lady.,behind,center_embedding,sg,f,5.38,sg,f,4.95,pl,m,5.17,see
the girl likes the lady near the boys.,near,peripheral,sg,f,5.38,sg,f,4.95,pl,m,5.17,like
the girl near the boys likes the lady.,near,center_embedding,sg,f,5.38,sg,f,4.95,pl,m,5.17,like
the girl likes the lady behind the boys.,behind,peripheral,sg,f,5.38,sg,f,4.95,pl,m,5.17,like
the girl behind the boys likes the lady.,behind,center_embedding,sg,f,5.38,sg,f,4.95,pl,m,5.17,like
the girl sees the ladies near the boy.,near,peripheral,sg,f,5.38,pl,f,4.95,sg,m,5.17,see
the girl near the boy sees the ladies.,near,center_embedding,sg,f,5.38,pl,f,4.95,sg,m,5.17,see
the girl sees the ladies behind the boy.,behind,peripheral,sg,f,5.38,pl,f,4.95,sg,m,5.17,see
the girl behind the boy sees the ladies.,behind,center_embedding,sg,f,5.38,pl,f,4.95,sg,m,5.17,see
the girl likes the ladies near the boy.,near,peripheral,sg,f,5.38,pl,f,4.95,sg,m,5.17,like
the girl near the boy likes the ladies.,near,center_embedding,sg,f,5.38,pl,f,4.95,sg,m,5.17,like
the girl likes the ladies behind the boy.,behind,peripheral,sg,f,5.38,pl,f,4.95,sg,m,5.17,like
the girl behind the boy likes the ladies.,behind,center_embedding,sg,f,5.38,pl,f,4.95,sg,m,5.17,like
the girl sees the ladies near the boys.,near,peripheral,sg,f,5.38,pl,f,4.95,pl,m,5.17,see
the girl near the boys sees the ladies.,near,center_embedding,sg,f,5.38,pl,f,4.95,pl,m,5.17,see
the girl sees the ladies behind the boys.,behind,peripheral,sg,f,5.38,pl,f,4.95,pl,m,5.17,see
the girl behind the boys sees the ladies.,behind,center_embedding,sg,f,5.38,pl,f,4.95,pl,m,5.17,see
the girl likes the ladies near the boys.,near,peripheral,sg,f,5.38,pl,f,4.95,pl,m,5.17,like
the girl near the boys likes the ladies.,near,center_embedding,sg,f,5.38,pl,f,4.95,pl,m,5.17,like
the girl likes the ladies behind the boys.,behind,peripheral,sg,f,5.38,pl,f,4.95,pl,m,5.17,like
the girl behind the boys likes the ladies.,behind,center_embedding,sg,f,5.38,pl,f,4.95,pl,m,5.17,like
the girls see the lady near the boy.,near,peripheral,pl,f,5.38,sg,f,4.95,sg,m,5.17,see
the girls near the boy see the lady.,near,center_embedding,pl,f,5.38,sg,f,4.95,sg,m,5.17,see
the girls see the lady behind the boy.,behind,peripheral,pl,f,5.38,sg,f,4.95,sg,m,5.17,see
the girls behind the boy see the lady.,behind,center_embedding,pl,f,5.38,sg,f,4.95,sg,m,5.17,see
the girls like the lady near the boy.,near,peripheral,pl,f,5.38,sg,f,4.95,sg,m,5.17,like
the girls near the boy like the lady.,near,center_embedding,pl,f,5.38,sg,f,4.95,sg,m,5.17,like
the girls like the lady behind the boy.,behind,peripheral,pl,f,5.38,sg,f,4.95,sg,m,5.17,like
the girls behind the boy like the lady.,behind,center_embedding,pl,f,5.38,sg,f,4.95,sg,m,5.17,like
the girls see the lady near the boys.,near,peripheral,pl,f,5.38,sg,f,4.95,pl,m,5.17,see
the girls near the boys see the lady.,near,center_embedding,pl,f,5.38,sg,f,4.95,pl,m,5.17,see
the girls see the lady behind the boys.,behind,peripheral,pl,f,5.38,sg,f,4.95,pl,m,5.17,see
the girls behind the boys see the lady.,behind,center_embedding,pl,f,5.38,sg,f,4.95,pl,m,5.17,see
the girls like the lady near the boys.,near,peripheral,pl,f,5.38,sg,f,4.95,pl,m,5.17,like
the girls near the boys like the lady.,near,center_embedding,pl,f,5.38,sg,f,4.95,pl,m,5.17,like
the girls like the lady behind the boys.,behind,peripheral,pl,f,5.38,sg,f,4.95,pl,m,5.17,like
the girls behind the boys like the lady.,behind,center_embedding,pl,f,5.38,sg,f,4.95,pl,m,5.17,like
the girls see the ladies near the boy.,near,peripheral,pl,f,5.38,pl,f,4.95,sg,m,5.17,see
the girls near the boy see the ladies.,near,center_embedding,pl,f,5.38,pl,f,4.95,sg,m,5.17,see
the girls see the ladies behind the boy.,behind,peripheral,pl,f,5.38,pl,f,4.95,sg,m,5.17,see
the girls behind the boy see the ladies.,behind,center_embedding,pl,f,5.38,pl,f,4.95,sg,m,5.17,see
the girls like the ladies near the boy.,near,peripheral,pl,f,5.38,pl,f,4.95,sg,m,5.17,like
the girls near the boy like the ladies.,near,center_embedding,pl,f,5.38,pl,f,4.95,sg,m,5.17,like
the girls like the ladies behind the boy.,behind,peripheral,pl,f,5.38,pl,f,4.95,sg,m,5.17,like
the girls behind the boy like the ladies.,behind,center_embedding,pl,f,5.38,pl,f,4.95,sg,m,5.17,like
the girls see the ladies near the boys.,near,peripheral,pl,f,5.38,pl,f,4.95,pl,m,5.17,see
the girls near the boys see the ladies.,near,center_embedding,pl,f,5.38,pl,f,4.95,pl,m,5.17,see
the girls see the ladies behind the boys.,behind,peripheral,pl,f,5.38,pl,f,4.95,pl,m,5.17,see
the girls behind the boys see the ladies.,behind,center_embedding,pl,f,5.38,pl,f,4.95,pl,m,5.17,see
the girls like the ladies near the boys.,near,peripheral,pl,f,5.38,pl,f,4.95,pl,m,5.17,like
the girls near the boys like the ladies.,near,center_embedding,pl,f,5.38,pl,f,4.95,pl,m,5.17,like
the girls like the ladies behind the boys.,behind,peripheral,pl,f,5.38,pl,f,4.95,pl,m,5.17,like
the girls behind the boys like the ladies.,behind,center_embedding,pl,f,5.38,pl,f,4.95,pl,m,5.17,like
the girl sees the lady near the king.,near,peripheral,sg,f,5.38,sg,f,4.95,sg,m,5.17,see
the girl near the king sees the lady.,near,center_embedding,sg,f,5.38,sg,f,4.95,sg,m,5.17,see
the girl sees the lady behind the king.,behind,peripheral,sg,f,5.38,sg,f,4.95,sg,m,5.17,see
the girl behind the king sees the lady.,behind,center_embedding,sg,f,5.38,sg,f,4.95,sg,m,5.17,see
the girl likes the lady near the king.,near,peripheral,sg,f,5.38,sg,f,4.95,sg,m,5.17,like
the girl near the king likes the lady.,near,center_embedding,sg,f,5.38,sg,f,4.95,sg,m,5.17,like
the girl likes the lady behind the king.,behind,peripheral,sg,f,5.38,sg,f,4.95,sg,m,5.17,like
the girl behind the king likes the lady.,behind,center_embedding,sg,f,5.38,sg,f,4.95,sg,m,5.17,like
the girl sees the lady near the kings.,near,peripheral,sg,f,5.38,sg,f,4.95,pl,m,5.17,see
the girl near the kings sees the lady.,near,center_embedding,sg,f,5.38,sg,f,4.95,pl,m,5.17,see
the girl sees the lady behind the kings.,behind,peripheral,sg,f,5.38,sg,f,4.95,pl,m,5.17,see
the girl behind the kings sees the lady.,behind,center_embedding,sg,f,5.38,sg,f,4.95,pl,m,5.17,see
the girl likes the lady near the kings.,near,peripheral,sg,f,5.38,sg,f,4.95,pl,m,5.17,like
the girl near the kings likes the lady.,near,center_embedding,sg,f,5.38,sg,f,4.95,pl,m,5.17,like
the girl likes the lady behind the kings.,behind,peripheral,sg,f,5.38,sg,f,4.95,pl,m,5.17,like
the girl behind the kings likes the lady.,behind,center_embedding,sg,f,5.38,sg,f,4.95,pl,m,5.17,like
the girl sees the ladies near the king.,near,peripheral,sg,f,5.38,pl,f,4.95,sg,m,5.17,see
the girl near the king sees the ladies.,near,center_embedding,sg,f,5.38,pl,f,4.95,sg,m,5.17,see
the girl sees the ladies behind the king.,behind,peripheral,sg,f,5.38,pl,f,4.95,sg,m,5.17,see
the girl behind the king sees the ladies.,behind,center_embedding,sg,f,5.38,pl,f,4.95,sg,m,5.17,see
the girl likes the ladies near the king.,near,peripheral,sg,f,5.38,pl,f,4.95,sg,m,5.17,like
the girl near the king likes the ladies.,near,center_embedding,sg,f,5.38,pl,f,4.95,sg,m,5.17,like
the girl likes the ladies behind the king.,behind,peripheral,sg,f,5.38,pl,f,4.95,sg,m,5.17,like
the girl behind the king likes the ladies.,behind,center_embedding,sg,f,5.38,pl,f,4.95,sg,m,5.17,like
the girl sees the ladies near the kings.,near,peripheral,sg,f,5.38,pl,f,4.95,pl,m,5.17,see
the girl near the kings sees the ladies.,near,center_embedding,sg,f,5.38,pl,f,4.95,pl,m,5.17,see
the girl sees the ladies behind the kings.,behind,peripheral,sg,f,5.38,pl,f,4.95,pl,m,5.17,see
the girl behind the kings sees the ladies.,behind,center_embedding,sg,f,5.38,pl,f,4.95,pl,m,5.17,see
the girl likes the ladies near the kings.,near,peripheral,sg,f,5.38,pl,f,4.95,pl,m,5.17,like
the girl near the kings likes the ladies.,near,center_embedding,sg,f,5.38,pl,f,4.95,pl,m,5.17,like
the girl likes the ladies behind the kings.,behind,peripheral,sg,f,5.38,pl,f,4.95,pl,m,5.17,like
the girl behind the kings likes the ladies.,behind,center_embedding,sg,f,5.38,pl,f,4.95,pl,m,5.17,like
the girls see the lady near the king.,near,peripheral,pl,f,5.38,sg,f,4.95,sg,m,5.17,see
the girls near the king see the lady.,near,center_embedding,pl,f,5.38,sg,f,4.95,sg,m,5.17,see
the girls see the lady behind the king.,behind,peripheral,pl,f,5.38,sg,f,4.95,sg,m,5.17,see
the girls behind the king see the lady.,behind,center_embedding,pl,f,5.38,sg,f,4.95,sg,m,5.17,see
the girls like the lady near the king.,near,peripheral,pl,f,5.38,sg,f,4.95,sg,m,5.17,like
the girls near the king like the lady.,near,center_embedding,pl,f,5.38,sg,f,4.95,sg,m,5.17,like
the girls like the lady behind the king.,behind,peripheral,pl,f,5.38,sg,f,4.95,sg,m,5.17,like
the girls behind the king like the lady.,behind,center_embedding,pl,f,5.38,sg,f,4.95,sg,m,5.17,like
the girls see the lady near the kings.,near,peripheral,pl,f,5.38,sg,f,4.95,pl,m,5.17,see
the girls near the kings see the lady.,near,center_embedding,pl,f,5.38,sg,f,4.95,pl,m,5.17,see
the girls see the lady behind the kings.,behind,peripheral,pl,f,5.38,sg,f,4.95,pl,m,5.17,see
the girls behind the kings see the lady.,behind,center_embedding,pl,f,5.38,sg,f,4.95,pl,m,5.17,see
the girls like the lady near the kings.,near,peripheral,pl,f,5.38,sg,f,4.95,pl,m,5.17,like
the girls near the kings like the lady.,near,center_embedding,pl,f,5.38,sg,f,4.95,pl,m,5.17,like
the girls like the lady behind the kings.,behind,peripheral,pl,f,5.38,sg,f,4.95,pl,m,5.17,like
the girls behind the kings like the lady.,behind,center_embedding,pl,f,5.38,sg,f,4.95,pl,m,5.17,like
the girls see the ladies near the king.,near,peripheral,pl,f,5.38,pl,f,4.95,sg,m,5.17,see
the girls near the king see the ladies.,near,center_embedding,pl,f,5.38,pl,f,4.95,sg,m,5.17,see
the girls see the ladies behind the king.,behind,peripheral,pl,f,5.38,pl,f,4.95,sg,m,5.17,see
the girls behind the king see the ladies.,behind,center_embedding,pl,f,5.38,pl,f,4.95,sg,m,5.17,see
the girls like the ladies near the king.,near,peripheral,pl,f,5.38,pl,f,4.95,sg,m,5.17,like
the girls near the king like the ladies.,near,center_embedding,pl,f,5.38,pl,f,4.95,sg,m,5.17,like
the girls like the ladies behind the king.,behind,peripheral,pl,f,5.38,pl,f,4.95,sg,m,5.17,like
the girls behind the king like the ladies.,behind,center_embedding,pl,f,5.38,pl,f,4.95,sg,m,5.17,like
the girls see the ladies near the kings.,near,peripheral,pl,f,5.38,pl,f,4.95,pl,m,5.17,see
the girls near the kings see the ladies.,near,center_embedding,pl,f,5.38,pl,f,4.95,pl,m,5.17,see
the girls see the ladies behind the kings.,behind,peripheral,pl,f,5.38,pl,f,4.95,pl,m,5.17,see
the girls behind the kings see the ladies.,behind,center_embedding,pl,f,5.38,pl,f,4.95,pl,m,5.17,see
the girls like the ladies near the kings.,near,peripheral,pl,f,5.38,pl,f,4.95,pl,m,5.17,like
the girls near the kings like the ladies.,near,center_embedding,pl,f,5.38,pl,f,4.95,pl,m,5.17,like
the girls like the ladies behind the kings.,behind,peripheral,pl,f,5.38,pl,f,4.95,pl,m,5.17,like
the girls behind the kings like the ladies.,behind,center_embedding,pl,f,5.38,pl,f,4.95,pl,m,5.17,like
the girl sees the man near the woman.,near,peripheral,sg,f,5.38,sg,m,5.82,sg,f,5.35,see
the girl near the woman sees the man.,near,center_embedding,sg,f,5.38,sg,m,5.82,sg,f,5.35,see
the girl sees the man behind the woman.,behind,peripheral,sg,f,5.38,sg,m,5.82,sg,f,5.35,see
the girl behind the woman sees the man.,behind,center_embedding,sg,f,5.38,sg,m,5.82,sg,f,5.35,see
the girl likes the man near the woman.,near,peripheral,sg,f,5.38,sg,m,5.82,sg,f,5.35,like
the girl near the woman likes the man.,near,center_embedding,sg,f,5.38,sg,m,5.82,sg,f,5.35,like
the girl likes the man behind the woman.,behind,peripheral,sg,f,5.38,sg,m,5.82,sg,f,5.35,like
the girl behind the woman likes the man.,behind,center_embedding,sg,f,5.38,sg,m,5.82,sg,f,5.35,like
the girl sees the man near the women.,near,peripheral,sg,f,5.38,sg,m,5.82,pl,f,5.35,see
the girl near the women sees the man.,near,center_embedding,sg,f,5.38,sg,m,5.82,pl,f,5.35,see
the girl sees the man behind the women.,behind,peripheral,sg,f,5.38,sg,m,5.82,pl,f,5.35,see
the girl behind the women sees the man.,behind,center_embedding,sg,f,5.38,sg,m,5.82,pl,f,5.35,see
the girl likes the man near the women.,near,peripheral,sg,f,5.38,sg,m,5.82,pl,f,5.35,like
the girl near the women likes the man.,near,center_embedding,sg,f,5.38,sg,m,5.82,pl,f,5.35,like
the girl likes the man behind the women.,behind,peripheral,sg,f,5.38,sg,m,5.82,pl,f,5.35,like
the girl behind the women likes the man.,behind,center_embedding,sg,f,5.38,sg,m,5.82,pl,f,5.35,like
the girl sees the men near the woman.,near,peripheral,sg,f,5.38,pl,m,5.82,sg,f,5.35,see
the girl near the woman sees the men.,near,center_embedding,sg,f,5.38,pl,m,5.82,sg,f,5.35,see
the girl sees the men behind the woman.,behind,peripheral,sg,f,5.38,pl,m,5.82,sg,f,5.35,see
the girl behind the woman sees the men.,behind,center_embedding,sg,f,5.38,pl,m,5.82,sg,f,5.35,see
the girl likes the men near the woman.,near,peripheral,sg,f,5.38,pl,m,5.82,sg,f,5.35,like
the girl near the woman likes the men.,near,center_embedding,sg,f,5.38,pl,m,5.82,sg,f,5.35,like
the girl likes the men behind the woman.,behind,peripheral,sg,f,5.38,pl,m,5.82,sg,f,5.35,like
the girl behind the woman likes the men.,behind,center_embedding,sg,f,5.38,pl,m,5.82,sg,f,5.35,like
the girl sees the men near the women.,near,peripheral,sg,f,5.38,pl,m,5.82,pl,f,5.35,see
the girl near the women sees the men.,near,center_embedding,sg,f,5.38,pl,m,5.82,pl,f,5.35,see
the girl sees the men behind the women.,behind,peripheral,sg,f,5.38,pl,m,5.82,pl,f,5.35,see
the girl behind the women sees the men.,behind,center_embedding,sg,f,5.38,pl,m,5.82,pl,f,5.35,see
the girl likes the men near the women.,near,peripheral,sg,f,5.38,pl,m,5.82,pl,f,5.35,like
the girl near the women likes the men.,near,center_embedding,sg,f,5.38,pl,m,5.82,pl,f,5.35,like
the girl likes the men behind the women.,behind,peripheral,sg,f,5.38,pl,m,5.82,pl,f,5.35,like
the girl behind the women likes the men.,behind,center_embedding,sg,f,5.38,pl,m,5.82,pl,f,5.35,like
the girls see the man near the woman.,near,peripheral,pl,f,5.38,sg,m,5.82,sg,f,5.35,see
the girls near the woman see the man.,near,center_embedding,pl,f,5.38,sg,m,5.82,sg,f,5.35,see
the girls see the man behind the woman.,behind,peripheral,pl,f,5.38,sg,m,5.82,sg,f,5.35,see
the girls behind the woman see the man.,behind,center_embedding,pl,f,5.38,sg,m,5.82,sg,f,5.35,see
the girls like the man near the woman.,near,peripheral,pl,f,5.38,sg,m,5.82,sg,f,5.35,like
the girls near the woman like the man.,near,center_embedding,pl,f,5.38,sg,m,5.82,sg,f,5.35,like
the girls like the man behind the woman.,behind,peripheral,pl,f,5.38,sg,m,5.82,sg,f,5.35,like
the girls behind the woman like the man.,behind,center_embedding,pl,f,5.38,sg,m,5.82,sg,f,5.35,like
the girls see the man near the women.,near,peripheral,pl,f,5.38,sg,m,5.82,pl,f,5.35,see
the girls near the women see the man.,near,center_embedding,pl,f,5.38,sg,m,5.82,pl,f,5.35,see
the girls see the man behind the women.,behind,peripheral,pl,f,5.38,sg,m,5.82,pl,f,5.35,see
the girls behind the women see the man.,behind,center_embedding,pl,f,5.38,sg,m,5.82,pl,f,5.35,see
the girls like the man near the women.,near,peripheral,pl,f,5.38,sg,m,5.82,pl,f,5.35,like
the girls near the women like the man.,near,center_embedding,pl,f,5.38,sg,m,5.82,pl,f,5.35,like
the girls like the man behind the women.,behind,peripheral,pl,f,5.38,sg,m,5.82,pl,f,5.35,like
the girls behind the women like the man.,behind,center_embedding,pl,f,5.38,sg,m,5.82,pl,f,5.35,like
the girls see the men near the woman.,near,peripheral,pl,f,5.38,pl,m,5.82,sg,f,5.35,see
the girls near the woman see the men.,near,center_embedding,pl,f,5.38,pl,m,5.82,sg,f,5.35,see
the girls see the men behind the woman.,behind,peripheral,pl,f,5.38,pl,m,5.82,sg,f,5.35,see
the girls behind the woman see the men.,behind,center_embedding,pl,f,5.38,pl,m,5.82,sg,f,5.35,see
the girls like the men near the woman.,near,peripheral,pl,f,5.38,pl,m,5.82,sg,f,5.35,like
the girls near the woman like the men.,near,center_embedding,pl,f,5.38,pl,m,5.82,sg,f,5.35,like
the girls like the men behind the woman.,behind,peripheral,pl,f,5.38,pl,m,5.82,sg,f,5.35,like
the girls behind the woman like the men.,behind,center_embedding,pl,f,5.38,pl,m,5.82,sg,f,5.35,like
the girls see the men near the women.,near,peripheral,pl,f,5.38,pl,m,5.82,pl,f,5.35,see
the girls near the women see the men.,near,center_embedding,pl,f,5.38,pl,m,5.82,pl,f,5.35,see
the girls see the men behind the women.,behind,peripheral,pl,f,5.38,pl,m,5.82,pl,f,5.35,see
the girls behind the women see the men.,behind,center_embedding,pl,f,5.38,pl,m,5.82,pl,f,5.35,see
the girls like the men near the women.,near,peripheral,pl,f,5.38,pl,m,5.82,pl,f,5.35,like
the girls near the women like the men.,near,center_embedding,pl,f,5.38,pl,m,5.82,pl,f,5.35,like
the girls like the men behind the women.,behind,peripheral,pl,f,5.38,pl,m,5.82,pl,f,5.35,like
the girls behind the women like the men.,behind,center_embedding,pl,f,5.38,pl,m,5.82,pl,f,5.35,like
the girl sees the man near the lady.,near,peripheral,sg,f,5.38,sg,m,5.82,sg,f,4.95,see
the girl near the lady sees the man.,near,center_embedding,sg,f,5.38,sg,m,5.82,sg,f,4.95,see
the girl sees the man behind the lady.,behind,peripheral,sg,f,5.38,sg,m,5.82,sg,f,4.95,see
the girl behind the lady sees the man.,behind,center_embedding,sg,f,5.38,sg,m,5.82,sg,f,4.95,see
the girl likes the man near the lady.,near,peripheral,sg,f,5.38,sg,m,5.82,sg,f,4.95,like
the girl near the lady likes the man.,near,center_embedding,sg,f,5.38,sg,m,5.82,sg,f,4.95,like
the girl likes the man behind the lady.,behind,peripheral,sg,f,5.38,sg,m,5.82,sg,f,4.95,like
the girl behind the lady likes the man.,behind,center_embedding,sg,f,5.38,sg,m,5.82,sg,f,4.95,like
the girl sees the man near the ladies.,near,peripheral,sg,f,5.38,sg,m,5.82,pl,f,4.95,see
the girl near the ladies sees the man.,near,center_embedding,sg,f,5.38,sg,m,5.82,pl,f,4.95,see
the girl sees the man behind the ladies.,behind,peripheral,sg,f,5.38,sg,m,5.82,pl,f,4.95,see
the girl behind the ladies sees the man.,behind,center_embedding,sg,f,5.38,sg,m,5.82,pl,f,4.95,see
the girl likes the man near the ladies.,near,peripheral,sg,f,5.38,sg,m,5.82,pl,f,4.95,like
the girl near the ladies likes the man.,near,center_embedding,sg,f,5.38,sg,m,5.82,pl,f,4.95,like
the girl likes the man behind the ladies.,behind,peripheral,sg,f,5.38,sg,m,5.82,pl,f,4.95,like
the girl behind the ladies likes the man.,behind,center_embedding,sg,f,5.38,sg,m,5.82,pl,f,4.95,like
the girl sees the men near the lady.,near,peripheral,sg,f,5.38,pl,m,5.82,sg,f,4.95,see
the girl near the lady sees the men.,near,center_embedding,sg,f,5.38,pl,m,5.82,sg,f,4.95,see
the girl sees the men behind the lady.,behind,peripheral,sg,f,5.38,pl,m,5.82,sg,f,4.95,see
the girl behind the lady sees the men.,behind,center_embedding,sg,f,5.38,pl,m,5.82,sg,f,4.95,see
the girl likes the men near the lady.,near,peripheral,sg,f,5.38,pl,m,5.82,sg,f,4.95,like
the girl near the lady likes the men.,near,center_embedding,sg,f,5.38,pl,m,5.82,sg,f,4.95,like
the girl likes the men behind the lady.,behind,peripheral,sg,f,5.38,pl,m,5.82,sg,f,4.95,like
the girl behind the lady likes the men.,behind,center_embedding,sg,f,5.38,pl,m,5.82,sg,f,4.95,like
the girl sees the men near the ladies.,near,peripheral,sg,f,5.38,pl,m,5.82,pl,f,4.95,see
the girl near the ladies sees the men.,near,center_embedding,sg,f,5.38,pl,m,5.82,pl,f,4.95,see
the girl sees the men behind the ladies.,behind,peripheral,sg,f,5.38,pl,m,5.82,pl,f,4.95,see
the girl behind the ladies sees the men.,behind,center_embedding,sg,f,5.38,pl,m,5.82,pl,f,4.95,see
the girl likes the men near the ladies.,near,peripheral,sg,f,5.38,pl,m,5.82,pl,f,4.95,like
the girl near the ladies likes the men.,near,center_embedding,sg,f,5.38,pl,m,5.82,pl,f,4.95,like
the girl likes the men behind the ladies.,behind,peripheral,sg,f,5.38,pl,m,5.82,pl,f,4.95,like
the girl behind the ladies likes the men.,behind,center_embedding,sg,f,5.38,pl,m,5.82,pl,f,4.95,like
the girls see the man near the lady.,near,peripheral,pl,f,5.38,sg,m,5.82,sg,f,4.95,see
the girls near the lady see the man.,near,center_embedding,pl,f,5.38,sg,m,5.82,sg,f,4.95,see
the girls see the man behind the lady.,behind,peripheral,pl,f,5.38,sg,m,5.82,sg,f,4.95,see
the girls behind the lady see the man.,behind,center_embedding,pl,f,5.38,sg,m,5.82,sg,f,4.95,see
the girls like the man near the lady.,near,peripheral,pl,f,5.38,sg,m,5.82,sg,f,4.95,like
the girls near the lady like the man.,near,center_embedding,pl,f,5.38,sg,m,5.82,sg,f,4.95,like
the girls like the man behind the lady.,behind,peripheral,pl,f,5.38,sg,m,5.82,sg,f,4.95,like
the girls behind the lady like the man.,behind,center_embedding,pl,f,5.38,sg,m,5.82,sg,f,4.95,like
the girls see the man near the ladies.,near,peripheral,pl,f,5.38,sg,m,5.82,pl,f,4.95,see
the girls near the ladies see the man.,near,center_embedding,pl,f,5.38,sg,m,5.82,pl,f,4.95,see
the girls see the man behind the ladies.,behind,peripheral,pl,f,5.38,sg,m,5.82,pl,f,4.95,see
the girls behind the ladies see the man.,behind,center_embedding,pl,f,5.38,sg,m,5.82,pl,f,4.95,see
the girls like the man near the ladies.,near,peripheral,pl,f,5.38,sg,m,5.82,pl,f,4.95,like
the girls near the ladies like the man.,near,center_embedding,pl,f,5.38,sg,m,5.82,pl,f,4.95,like
the girls like the man behind the ladies.,behind,peripheral,pl,f,5.38,sg,m,5.82,pl,f,4.95,like
the girls behind the ladies like the man.,behind,center_embedding,pl,f,5.38,sg,m,5.82,pl,f,4.95,like
the girls see the men near the lady.,near,peripheral,pl,f,5.38,pl,m,5.82,sg,f,4.95,see
the girls near the lady see the men.,near,center_embedding,pl,f,5.38,pl,m,5.82,sg,f,4.95,see
the girls see the men behind the lady.,behind,peripheral,pl,f,5.38,pl,m,5.82,sg,f,4.95,see
the girls behind the lady see the men.,behind,center_embedding,pl,f,5.38,pl,m,5.82,sg,f,4.95,see
the girls like the men near the lady.,near,peripheral,pl,f,5.38,pl,m,5.82,sg,f,4.95,like
the girls near the lady like the men.,near,center_embedding,pl,f,5.38,pl,m,5.82,sg,f,4.95,like
the girls like the men behind the lady.,behind,peripheral,pl,f,5.38,pl,m,5.82,sg,f,4.95,like
the girls behind the lady like the men.,behind,center_embedding,pl,f,5.38,pl,m,5.82,sg,f,4.95,like
the girls see the men near the ladies.,near,peripheral,pl,f,5.38,pl,m,5.82,pl,f,4.95,see
the girls near the ladies see the men.,near,center_embedding,pl,f,5.38,pl,m,5.82,pl,f,4.95,see
the girls see the men behind the ladies.,behind,peripheral,pl,f,5.38,pl,m,5.82,pl,f,4.95,see
the girls behind the ladies see the men.,behind,center_embedding,pl,f,5.38,pl,m,5.82,pl,f,4.95,see
the girls like the men near the ladies.,near,peripheral,pl,f,5.38,pl,m,5.82,pl,f,4.95,like
the girls near the ladies like the men.,near,center_embedding,pl,f,5.38,pl,m,5.82,pl,f,4.95,like
the girls like the men behind the ladies.,behind,peripheral,pl,f,5.38,pl,m,5.82,pl,f,4.95,like
the girls behind the ladies like the men.,behind,center_embedding,pl,f,5.38,pl,m,5.82,pl,f,4.95,like
the girl sees the man near the boy.,near,peripheral,sg,f,5.38,sg,m,5.82,sg,m,5.17,see
the girl near the boy sees the man.,near,center_embedding,sg,f,5.38,sg,m,5.82,sg,m,5.17,see
the girl sees the man behind the boy.,behind,peripheral,sg,f,5.38,sg,m,5.82,sg,m,5.17,see
the girl behind the boy sees the man.,behind,center_embedding,sg,f,5.38,sg,m,5.82,sg,m,5.17,see
the girl likes the man near the boy.,near,peripheral,sg,f,5.38,sg,m,5.82,sg,m,5.17,like
the girl near the boy likes the man.,near,center_embedding,sg,f,5.38,sg,m,5.82,sg,m,5.17,like
the girl likes the man behind the boy.,behind,peripheral,sg,f,5.38,sg,m,5.82,sg,m,5.17,like
the girl behind the boy likes the man.,behind,center_embedding,sg,f,5.38,sg,m,5.82,sg,m,5.17,like
the girl sees the man near the boys.,near,peripheral,sg,f,5.38,sg,m,5.82,pl,m,5.17,see
the girl near the boys sees the man.,near,center_embedding,sg,f,5.38,sg,m,5.82,pl,m,5.17,see
the girl sees the man behind the boys.,behind,peripheral,sg,f,5.38,sg,m,5.82,pl,m,5.17,see
the girl behind the boys sees the man.,behind,center_embedding,sg,f,5.38,sg,m,5.82,pl,m,5.17,see
the girl likes the man near the boys.,near,peripheral,sg,f,5.38,sg,m,5.82,pl,m,5.17,like
the girl near the boys likes the man.,near,center_embedding,sg,f,5.38,sg,m,5.82,pl,m,5.17,like
the girl likes the man behind the boys.,behind,peripheral,sg,f,5.38,sg,m,5.82,pl,m,5.17,like
the girl behind the boys likes the man.,behind,center_embedding,sg,f,5.38,sg,m,5.82,pl,m,5.17,like
the girl sees the men near the boy.,near,peripheral,sg,f,5.38,pl,m,5.82,sg,m,5.17,see
the girl near the boy sees the men.,near,center_embedding,sg,f,5.38,pl,m,5.82,sg,m,5.17,see
the girl sees the men behind the boy.,behind,peripheral,sg,f,5.38,pl,m,5.82,sg,m,5.17,see
the girl behind the boy sees the men.,behind,center_embedding,sg,f,5.38,pl,m,5.82,sg,m,5.17,see
the girl likes the men near the boy.,near,peripheral,sg,f,5.38,pl,m,5.82,sg,m,5.17,like
the girl near the boy likes the men.,near,center_embedding,sg,f,5.38,pl,m,5.82,sg,m,5.17,like
the girl likes the men behind the boy.,behind,peripheral,sg,f,5.38,pl,m,5.82,sg,m,5.17,like
the girl behind the boy likes the men.,behind,center_embedding,sg,f,5.38,pl,m,5.82,sg,m,5.17,like
the girl sees the men near the boys.,near,peripheral,sg,f,5.38,pl,m,5.82,pl,m,5.17,see
the girl near the boys sees the men.,near,center_embedding,sg,f,5.38,pl,m,5.82,pl,m,5.17,see
the girl sees the men behind the boys.,behind,peripheral,sg,f,5.38,pl,m,5.82,pl,m,5.17,see
the girl behind the boys sees the men.,behind,center_embedding,sg,f,5.38,pl,m,5.82,pl,m,5.17,see
the girl likes the men near the boys.,near,peripheral,sg,f,5.38,pl,m,5.82,pl,m,5.17,like
the girl near the boys likes the men.,near,center_embedding,sg,f,5.38,pl,m,5.82,pl,m,5.17,like
the girl likes the men behind the boys.,behind,peripheral,sg,f,5.38,pl,m,5.82,pl,m,5.17,like
the girl behind the boys likes the men.,behind,center_embedding,sg,f,5.38,pl,m,5.82,pl,m,5.17,like
the girls see the man near the boy.,near,peripheral,pl,f,5.38,sg,m,5.82,sg,m,5.17,see
the girls near the boy see the man.,near,center_embedding,pl,f,5.38,sg,m,5.82,sg,m,5.17,see
the girls see the man behind the boy.,behind,peripheral,pl,f,5.38,sg,m,5.82,sg,m,5.17,see
the girls behind the boy see the man.,behind,center_embedding,pl,f,5.38,sg,m,5.82,sg,m,5.17,see
the girls like the man near the boy.,near,peripheral,pl,f,5.38,sg,m,5.82,sg,m,5.17,like
the girls near the boy like the man.,near,center_embedding,pl,f,5.38,sg,m,5.82,sg,m,5.17,like
the girls like the man behind the boy.,behind,peripheral,pl,f,5.38,sg,m,5.82,sg,m,5.17,like
the girls behind the boy like the man.,behind,center_embedding,pl,f,5.38,sg,m,5.82,sg,m,5.17,like
the girls see the man near the boys.,near,peripheral,pl,f,5.38,sg,m,5.82,pl,m,5.17,see
the girls near the boys see the man.,near,center_embedding,pl,f,5.38,sg,m,5.82,pl,m,5.17,see
the girls see the man behind the boys.,behind,peripheral,pl,f,5.38,sg,m,5.82,pl,m,5.17,see
the girls behind the boys see the man.,behind,center_embedding,pl,f,5.38,sg,m,5.82,pl,m,5.17,see
the girls like the man near the boys.,near,peripheral,pl,f,5.38,sg,m,5.82,pl,m,5.17,like
the girls near the boys like the man.,near,center_embedding,pl,f,5.38,sg,m,5.82,pl,m,5.17,like
the girls like the man behind the boys.,behind,peripheral,pl,f,5.38,sg,m,5.82,pl,m,5.17,like
the girls behind the boys like the man.,behind,center_embedding,pl,f,5.38,sg,m,5.82,pl,m,5.17,like
the girls see the men near the boy.,near,peripheral,pl,f,5.38,pl,m,5.82,sg,m,5.17,see
the girls near the boy see the men.,near,center_embedding,pl,f,5.38,pl,m,5.82,sg,m,5.17,see
the girls see the men behind the boy.,behind,peripheral,pl,f,5.38,pl,m,5.82,sg,m,5.17,see
the girls behind the boy see the men.,behind,center_embedding,pl,f,5.38,pl,m,5.82,sg,m,5.17,see
the girls like the men near the boy.,near,peripheral,pl,f,5.38,pl,m,5.82,sg,m,5.17,like
the girls near the boy like the men.,near,center_embedding,pl,f,5.38,pl,m,5.82,sg,m,5.17,like
the girls like the men behind the boy.,behind,peripheral,pl,f,5.38,pl,m,5.82,sg,m,5.17,like
the girls behind the boy like the men.,behind,center_embedding,pl,f,5.38,pl,m,5.82,sg,m,5.17,like
the girls see the men near the boys.,near,peripheral,pl,f,5.38,pl,m,5.82,pl,m,5.17,see
the girls near the boys see the men.,near,center_embedding,pl,f,5.38,pl,m,5.82,pl,m,5.17,see
the girls see the men behind the boys.,behind,peripheral,pl,f,5.38,pl,m,5.82,pl,m,5.17,see
the girls behind the boys see the men.,behind,center_embedding,pl,f,5.38,pl,m,5.82,pl,m,5.17,see
the girls like the men near the boys.,near,peripheral,pl,f,5.38,pl,m,5.82,pl,m,5.17,like
the girls near the boys like the men.,near,center_embedding,pl,f,5.38,pl,m,5.82,pl,m,5.17,like
the girls like the men behind the boys.,behind,peripheral,pl,f,5.38,pl,m,5.82,pl,m,5.17,like
the girls behind the boys like the men.,behind,center_embedding,pl,f,5.38,pl,m,5.82,pl,m,5.17,like
the girl sees the man near the king.,near,peripheral,sg,f,5.38,sg,m,5.82,sg,m,5.17,see
the girl near the king sees the man.,near,center_embedding,sg,f,5.38,sg,m,5.82,sg,m,5.17,see
the girl sees the man behind the king.,behind,peripheral,sg,f,5.38,sg,m,5.82,sg,m,5.17,see
the girl behind the king sees the man.,behind,center_embedding,sg,f,5.38,sg,m,5.82,sg,m,5.17,see
the girl likes the man near the king.,near,peripheral,sg,f,5.38,sg,m,5.82,sg,m,5.17,like
the girl near the king likes the man.,near,center_embedding,sg,f,5.38,sg,m,5.82,sg,m,5.17,like
the girl likes the man behind the king.,behind,peripheral,sg,f,5.38,sg,m,5.82,sg,m,5.17,like
the girl behind the king likes the man.,behind,center_embedding,sg,f,5.38,sg,m,5.82,sg,m,5.17,like
the girl sees the man near the kings.,near,peripheral,sg,f,5.38,sg,m,5.82,pl,m,5.17,see
the girl near the kings sees the man.,near,center_embedding,sg,f,5.38,sg,m,5.82,pl,m,5.17,see
the girl sees the man behind the kings.,behind,peripheral,sg,f,5.38,sg,m,5.82,pl,m,5.17,see
the girl behind the kings sees the man.,behind,center_embedding,sg,f,5.38,sg,m,5.82,pl,m,5.17,see
the girl likes the man near the kings.,near,peripheral,sg,f,5.38,sg,m,5.82,pl,m,5.17,like
the girl near the kings likes the man.,near,center_embedding,sg,f,5.38,sg,m,5.82,pl,m,5.17,like
the girl likes the man behind the kings.,behind,peripheral,sg,f,5.38,sg,m,5.82,pl,m,5.17,like
the girl behind the kings likes the man.,behind,center_embedding,sg,f,5.38,sg,m,5.82,pl,m,5.17,like
the girl sees the men near the king.,near,peripheral,sg,f,5.38,pl,m,5.82,sg,m,5.17,see
the girl near the king sees the men.,near,center_embedding,sg,f,5.38,pl,m,5.82,sg,m,5.17,see
the girl sees the men behind the king.,behind,peripheral,sg,f,5.38,pl,m,5.82,sg,m,5.17,see
the girl behind the king sees the men.,behind,center_embedding,sg,f,5.38,pl,m,5.82,sg,m,5.17,see
the girl likes the men near the king.,near,peripheral,sg,f,5.38,pl,m,5.82,sg,m,5.17,like
the girl near the king likes the men.,near,center_embedding,sg,f,5.38,pl,m,5.82,sg,m,5.17,like
the girl likes the men behind the king.,behind,peripheral,sg,f,5.38,pl,m,5.82,sg,m,5.17,like
the girl behind the king likes the men.,behind,center_embedding,sg,f,5.38,pl,m,5.82,sg,m,5.17,like
the girl sees the men near the kings.,near,peripheral,sg,f,5.38,pl,m,5.82,pl,m,5.17,see
the girl near the kings sees the men.,near,center_embedding,sg,f,5.38,pl,m,5.82,pl,m,5.17,see
the girl sees the men behind the kings.,behind,peripheral,sg,f,5.38,pl,m,5.82,pl,m,5.17,see
the girl behind the kings sees the men.,behind,center_embedding,sg,f,5.38,pl,m,5.82,pl,m,5.17,see
the girl likes the men near the kings.,near,peripheral,sg,f,5.38,pl,m,5.82,pl,m,5.17,like
the girl near the kings likes the men.,near,center_embedding,sg,f,5.38,pl,m,5.82,pl,m,5.17,like
the girl likes the men behind the kings.,behind,peripheral,sg,f,5.38,pl,m,5.82,pl,m,5.17,like
the girl behind the kings likes the men.,behind,center_embedding,sg,f,5.38,pl,m,5.82,pl,m,5.17,like
the girls see the man near the king.,near,peripheral,pl,f,5.38,sg,m,5.82,sg,m,5.17,see
the girls near the king see the man.,near,center_embedding,pl,f,5.38,sg,m,5.82,sg,m,5.17,see
the girls see the man behind the king.,behind,peripheral,pl,f,5.38,sg,m,5.82,sg,m,5.17,see
the girls behind the king see the man.,behind,center_embedding,pl,f,5.38,sg,m,5.82,sg,m,5.17,see
the girls like the man near the king.,near,peripheral,pl,f,5.38,sg,m,5.82,sg,m,5.17,like
the girls near the king like the man.,near,center_embedding,pl,f,5.38,sg,m,5.82,sg,m,5.17,like
the girls like the man behind the king.,behind,peripheral,pl,f,5.38,sg,m,5.82,sg,m,5.17,like
the girls behind the king like the man.,behind,center_embedding,pl,f,5.38,sg,m,5.82,sg,m,5.17,like
the girls see the man near the kings.,near,peripheral,pl,f,5.38,sg,m,5.82,pl,m,5.17,see
the girls near the kings see the man.,near,center_embedding,pl,f,5.38,sg,m,5.82,pl,m,5.17,see
the girls see the man behind the kings.,behind,peripheral,pl,f,5.38,sg,m,5.82,pl,m,5.17,see
the girls behind the kings see the man.,behind,center_embedding,pl,f,5.38,sg,m,5.82,pl,m,5.17,see
the girls like the man near the kings.,near,peripheral,pl,f,5.38,sg,m,5.82,pl,m,5.17,like
the girls near the kings like the man.,near,center_embedding,pl,f,5.38,sg,m,5.82,pl,m,5.17,like
the girls like the man behind the kings.,behind,peripheral,pl,f,5.38,sg,m,5.82,pl,m,5.17,like
the girls behind the kings like the man.,behind,center_embedding,pl,f,5.38,sg,m,5.82,pl,m,5.17,like
the girls see the men near the king.,near,peripheral,pl,f,5.38,pl,m,5.82,sg,m,5.17,see
the girls near the king see the men.,near,center_embedding,pl,f,5.38,pl,m,5.82,sg,m,5.17,see
the girls see the men behind the king.,behind,peripheral,pl,f,5.38,pl,m,5.82,sg,m,5.17,see
the girls behind the king see the men.,behind,center_embedding,pl,f,5.38,pl,m,5.82,sg,m,5.17,see
the girls like the men near the king.,near,peripheral,pl,f,5.38,pl,m,5.82,sg,m,5.17,like
the girls near the king like the men.,near,center_embedding,pl,f,5.38,pl,m,5.82,sg,m,5.17,like
the girls like the men behind the king.,behind,peripheral,pl,f,5.38,pl,m,5.82,sg,m,5.17,like
the girls behind the king like the men.,behind,center_embedding,pl,f,5.38,pl,m,5.82,sg,m,5.17,like
the girls see the men near the kings.,near,peripheral,pl,f,5.38,pl,m,5.82,pl,m,5.17,see
the girls near the kings see the men.,near,center_embedding,pl,f,5.38,pl,m,5.82,pl,m,5.17,see
the girls see the men behind the kings.,behind,peripheral,pl,f,5.38,pl,m,5.82,pl,m,5.17,see
the girls behind the kings see the men.,behind,center_embedding,pl,f,5.38,pl,m,5.82,pl,m,5.17,see
the girls like the men near the kings.,near,peripheral,pl,f,5.38,pl,m,5.82,pl,m,5.17,like
the girls near the kings like the men.,near,center_embedding,pl,f,5.38,pl,m,5.82,pl,m,5.17,like
the girls like the men behind the kings.,behind,peripheral,pl,f,5.38,pl,m,5.82,pl,m,5.17,like
the girls behind the kings like the men.,behind,center_embedding,pl,f,5.38,pl,m,5.82,pl,m,5.17,like
the girl sees the boy near the woman.,near,peripheral,sg,f,5.38,sg,m,5.17,sg,f,5.35,see
the girl near the woman sees the boy.,near,center_embedding,sg,f,5.38,sg,m,5.17,sg,f,5.35,see
the girl sees the boy behind the woman.,behind,peripheral,sg,f,5.38,sg,m,5.17,sg,f,5.35,see
the girl behind the woman sees the boy.,behind,center_embedding,sg,f,5.38,sg,m,5.17,sg,f,5.35,see
the girl likes the boy near the woman.,near,peripheral,sg,f,5.38,sg,m,5.17,sg,f,5.35,like
the girl near the woman likes the boy.,near,center_embedding,sg,f,5.38,sg,m,5.17,sg,f,5.35,like
the girl likes the boy behind the woman.,behind,peripheral,sg,f,5.38,sg,m,5.17,sg,f,5.35,like
the girl behind the woman likes the boy.,behind,center_embedding,sg,f,5.38,sg,m,5.17,sg,f,5.35,like
the girl sees the boy near the women.,near,peripheral,sg,f,5.38,sg,m,5.17,pl,f,5.35,see
the girl near the women sees the boy.,near,center_embedding,sg,f,5.38,sg,m,5.17,pl,f,5.35,see
the girl sees the boy behind the women.,behind,peripheral,sg,f,5.38,sg,m,5.17,pl,f,5.35,see
the girl behind the women sees the boy.,behind,center_embedding,sg,f,5.38,sg,m,5.17,pl,f,5.35,see
the girl likes the boy near the women.,near,peripheral,sg,f,5.38,sg,m,5.17,pl,f,5.35,like
the girl near the women likes the boy.,near,center_embedding,sg,f,5.38,sg,m,5.17,pl,f,5.35,like
the girl likes the boy behind the women.,behind,peripheral,sg,f,5.38,sg,m,5.17,pl,f,5.35,like
the girl behind the women likes the boy.,behind,center_embedding,sg,f,5.38,sg,m,5.17,pl,f,5.35,like
the girl sees the boys near the woman.,near,peripheral,sg,f,5.38,pl,m,5.17,sg,f,5.35,see
the girl near the woman sees the boys.,near,center_embedding,sg,f,5.38,pl,m,5.17,sg,f,5.35,see
the girl sees the boys behind the woman.,behind,peripheral,sg,f,5.38,pl,m,5.17,sg,f,5.35,see
the girl behind the woman sees the boys.,behind,center_embedding,sg,f,5.38,pl,m,5.17,sg,f,5.35,see
the girl likes the boys near the woman.,near,peripheral,sg,f,5.38,pl,m,5.17,sg,f,5.35,like
the girl near the woman likes the boys.,near,center_embedding,sg,f,5.38,pl,m,5.17,sg,f,5.35,like
the girl likes the boys behind the woman.,behind,peripheral,sg,f,5.38,pl,m,5.17,sg,f,5.35,like
the girl behind the woman likes the boys.,behind,center_embedding,sg,f,5.38,pl,m,5.17,sg,f,5.35,like
the girl sees the boys near the women.,near,peripheral,sg,f,5.38,pl,m,5.17,pl,f,5.35,see
the girl near the women sees the boys.,near,center_embedding,sg,f,5.38,pl,m,5.17,pl,f,5.35,see
the girl sees the boys behind the women.,behind,peripheral,sg,f,5.38,pl,m,5.17,pl,f,5.35,see
the girl behind the women sees the boys.,behind,center_embedding,sg,f,5.38,pl,m,5.17,pl,f,5.35,see
the girl likes the boys near the women.,near,peripheral,sg,f,5.38,pl,m,5.17,pl,f,5.35,like
the girl near the women likes the boys.,near,center_embedding,sg,f,5.38,pl,m,5.17,pl,f,5.35,like
the girl likes the boys behind the women.,behind,peripheral,sg,f,5.38,pl,m,5.17,pl,f,5.35,like
the girl behind the women likes the boys.,behind,center_embedding,sg,f,5.38,pl,m,5.17,pl,f,5.35,like
the girls see the boy near the woman.,near,peripheral,pl,f,5.38,sg,m,5.17,sg,f,5.35,see
the girls near the woman see the boy.,near,center_embedding,pl,f,5.38,sg,m,5.17,sg,f,5.35,see
the girls see the boy behind the woman.,behind,peripheral,pl,f,5.38,sg,m,5.17,sg,f,5.35,see
the girls behind the woman see the boy.,behind,center_embedding,pl,f,5.38,sg,m,5.17,sg,f,5.35,see
the girls like the boy near the woman.,near,peripheral,pl,f,5.38,sg,m,5.17,sg,f,5.35,like
the girls near the woman like the boy.,near,center_embedding,pl,f,5.38,sg,m,5.17,sg,f,5.35,like
the girls like the boy behind the woman.,behind,peripheral,pl,f,5.38,sg,m,5.17,sg,f,5.35,like
the girls behind the woman like the boy.,behind,center_embedding,pl,f,5.38,sg,m,5.17,sg,f,5.35,like
the girls see the boy near the women.,near,peripheral,pl,f,5.38,sg,m,5.17,pl,f,5.35,see
the girls near the women see the boy.,near,center_embedding,pl,f,5.38,sg,m,5.17,pl,f,5.35,see
the girls see the boy behind the women.,behind,peripheral,pl,f,5.38,sg,m,5.17,pl,f,5.35,see
the girls behind the women see the boy.,behind,center_embedding,pl,f,5.38,sg,m,5.17,pl,f,5.35,see
the girls like the boy near the women.,near,peripheral,pl,f,5.38,sg,m,5.17,pl,f,5.35,like
the girls near the women like the boy.,near,center_embedding,pl,f,5.38,sg,m,5.17,pl,f,5.35,like
the girls like the boy behind the women.,behind,peripheral,pl,f,5.38,sg,m,5.17,pl,f,5.35,like
the girls behind the women like the boy.,behind,center_embedding,pl,f,5.38,sg,m,5.17,pl,f,5.35,like
the girls see the boys near the woman.,near,peripheral,pl,f,5.38,pl,m,5.17,sg,f,5.35,see
the girls near the woman see the boys.,near,center_embedding,pl,f,5.38,pl,m,5.17,sg,f,5.35,see
the girls see the boys behind the woman.,behind,peripheral,pl,f,5.38,pl,m,5.17,sg,f,5.35,see
the girls behind the woman see the boys.,behind,center_embedding,pl,f,5.38,pl,m,5.17,sg,f,5.35,see
the girls like the boys near the woman.,near,peripheral,pl,f,5.38,pl,m,5.17,sg,f,5.35,like
the girls near the woman like the boys.,near,center_embedding,pl,f,5.38,pl,m,5.17,sg,f,5.35,like
the girls like the boys behind the woman.,behind,peripheral,pl,f,5.38,pl,m,5.17,sg,f,5.35,like
the girls behind the woman like the boys.,behind,center_embedding,pl,f,5.38,pl,m,5.17,sg,f,5.35,like
the girls see the boys near the women.,near,peripheral,pl,f,5.38,pl,m,5.17,pl,f,5.35,see
the girls near the women see the boys.,near,center_embedding,pl,f,5.38,pl,m,5.17,pl,f,5.35,see
the girls see the boys behind the women.,behind,peripheral,pl,f,5.38,pl,m,5.17,pl,f,5.35,see
the girls behind the women see the boys.,behind,center_embedding,pl,f,5.38,pl,m,5.17,pl,f,5.35,see
the girls like the boys near the women.,near,peripheral,pl,f,5.38,pl,m,5.17,pl,f,5.35,like
the girls near the women like the boys.,near,center_embedding,pl,f,5.38,pl,m,5.17,pl,f,5.35,like
the girls like the boys behind the women.,behind,peripheral,pl,f,5.38,pl,m,5.17,pl,f,5.35,like
the girls behind the women like the boys.,behind,center_embedding,pl,f,5.38,pl,m,5.17,pl,f,5.35,like
the girl sees the boy near the lady.,near,peripheral,sg,f,5.38,sg,m,5.17,sg,f,4.95,see
the girl near the lady sees the boy.,near,center_embedding,sg,f,5.38,sg,m,5.17,sg,f,4.95,see
the girl sees the boy behind the lady.,behind,peripheral,sg,f,5.38,sg,m,5.17,sg,f,4.95,see
the girl behind the lady sees the boy.,behind,center_embedding,sg,f,5.38,sg,m,5.17,sg,f,4.95,see
the girl likes the boy near the lady.,near,peripheral,sg,f,5.38,sg,m,5.17,sg,f,4.95,like
the girl near the lady likes the boy.,near,center_embedding,sg,f,5.38,sg,m,5.17,sg,f,4.95,like
the girl likes the boy behind the lady.,behind,peripheral,sg,f,5.38,sg,m,5.17,sg,f,4.95,like
the girl behind the lady likes the boy.,behind,center_embedding,sg,f,5.38,sg,m,5.17,sg,f,4.95,like
the girl sees the boy near the ladies.,near,peripheral,sg,f,5.38,sg,m,5.17,pl,f,4.95,see
the girl near the ladies sees the boy.,near,center_embedding,sg,f,5.38,sg,m,5.17,pl,f,4.95,see
the girl sees the boy behind the ladies.,behind,peripheral,sg,f,5.38,sg,m,5.17,pl,f,4.95,see
the girl behind the ladies sees the boy.,behind,center_embedding,sg,f,5.38,sg,m,5.17,pl,f,4.95,see
the girl likes the boy near the ladies.,near,peripheral,sg,f,5.38,sg,m,5.17,pl,f,4.95,like
the girl near the ladies likes the boy.,near,center_embedding,sg,f,5.38,sg,m,5.17,pl,f,4.95,like
the girl likes the boy behind the ladies.,behind,peripheral,sg,f,5.38,sg,m,5.17,pl,f,4.95,like
the girl behind the ladies likes the boy.,behind,center_embedding,sg,f,5.38,sg,m,5.17,pl,f,4.95,like
the girl sees the boys near the lady.,near,peripheral,sg,f,5.38,pl,m,5.17,sg,f,4.95,see
the girl near the lady sees the boys.,near,center_embedding,sg,f,5.38,pl,m,5.17,sg,f,4.95,see
the girl sees the boys behind the lady.,behind,peripheral,sg,f,5.38,pl,m,5.17,sg,f,4.95,see
the girl behind the lady sees the boys.,behind,center_embedding,sg,f,5.38,pl,m,5.17,sg,f,4.95,see
the girl likes the boys near the lady.,near,peripheral,sg,f,5.38,pl,m,5.17,sg,f,4.95,like
the girl near the lady likes the boys.,near,center_embedding,sg,f,5.38,pl,m,5.17,sg,f,4.95,like
the girl likes the boys behind the lady.,behind,peripheral,sg,f,5.38,pl,m,5.17,sg,f,4.95,like
the girl behind the lady likes the boys.,behind,center_embedding,sg,f,5.38,pl,m,5.17,sg,f,4.95,like
the girl sees the boys near the ladies.,near,peripheral,sg,f,5.38,pl,m,5.17,pl,f,4.95,see
the girl near the ladies sees the boys.,near,center_embedding,sg,f,5.38,pl,m,5.17,pl,f,4.95,see
the girl sees the boys behind the ladies.,behind,peripheral,sg,f,5.38,pl,m,5.17,pl,f,4.95,see
the girl behind the ladies sees the boys.,behind,center_embedding,sg,f,5.38,pl,m,5.17,pl,f,4.95,see
the girl likes the boys near the ladies.,near,peripheral,sg,f,5.38,pl,m,5.17,pl,f,4.95,like
the girl near the ladies likes the boys.,near,center_embedding,sg,f,5.38,pl,m,5.17,pl,f,4.95,like
the girl likes the boys behind the ladies.,behind,peripheral,sg,f,5.38,pl,m,5.17,pl,f,4.95,like
the girl behind the ladies likes the boys.,behind,center_embedding,sg,f,5.38,pl,m,5.17,pl,f,4.95,like
the girls see the boy near the lady.,near,peripheral,pl,f,5.38,sg,m,5.17,sg,f,4.95,see
the girls near the lady see the boy.,near,center_embedding,pl,f,5.38,sg,m,5.17,sg,f,4.95,see
the girls see the boy behind the lady.,behind,peripheral,pl,f,5.38,sg,m,5.17,sg,f,4.95,see
the girls behind the lady see the boy.,behind,center_embedding,pl,f,5.38,sg,m,5.17,sg,f,4.95,see
the girls like the boy near the lady.,near,peripheral,pl,f,5.38,sg,m,5.17,sg,f,4.95,like
the girls near the lady like the boy.,near,center_embedding,pl,f,5.38,sg,m,5.17,sg,f,4.95,like
the girls like the boy behind the lady.,behind,peripheral,pl,f,5.38,sg,m,5.17,sg,f,4.95,like
the girls behind the lady like the boy.,behind,center_embedding,pl,f,5.38,sg,m,5.17,sg,f,4.95,like
the girls see the boy near the ladies.,near,peripheral,pl,f,5.38,sg,m,5.17,pl,f,4.95,see
the girls near the ladies see the boy.,near,center_embedding,pl,f,5.38,sg,m,5.17,pl,f,4.95,see
the girls see the boy behind the ladies.,behind,peripheral,pl,f,5.38,sg,m,5.17,pl,f,4.95,see
the girls behind the ladies see the boy.,behind,center_embedding,pl,f,5.38,sg,m,5.17,pl,f,4.95,see
the girls like the boy near the ladies.,near,peripheral,pl,f,5.38,sg,m,5.17,pl,f,4.95,like
the girls near the ladies like the boy.,near,center_embedding,pl,f,5.38,sg,m,5.17,pl,f,4.95,like
the girls like the boy behind the ladies.,behind,peripheral,pl,f,5.38,sg,m,5.17,pl,f,4.95,like
the girls behind the ladies like the boy.,behind,center_embedding,pl,f,5.38,sg,m,5.17,pl,f,4.95,like
the girls see the boys near the lady.,near,peripheral,pl,f,5.38,pl,m,5.17,sg,f,4.95,see
the girls near the lady see the boys.,near,center_embedding,pl,f,5.38,pl,m,5.17,sg,f,4.95,see
the girls see the boys behind the lady.,behind,peripheral,pl,f,5.38,pl,m,5.17,sg,f,4.95,see
the girls behind the lady see the boys.,behind,center_embedding,pl,f,5.38,pl,m,5.17,sg,f,4.95,see
the girls like the boys near the lady.,near,peripheral,pl,f,5.38,pl,m,5.17,sg,f,4.95,like
the girls near the lady like the boys.,near,center_embedding,pl,f,5.38,pl,m,5.17,sg,f,4.95,like
the girls like the boys behind the lady.,behind,peripheral,pl,f,5.38,pl,m,5.17,sg,f,4.95,like
the girls behind the lady like the boys.,behind,center_embedding,pl,f,5.38,pl,m,5.17,sg,f,4.95,like
the girls see the boys near the ladies.,near,peripheral,pl,f,5.38,pl,m,5.17,pl,f,4.95,see
the girls near the ladies see the boys.,near,center_embedding,pl,f,5.38,pl,m,5.17,pl,f,4.95,see
the girls see the boys behind the ladies.,behind,peripheral,pl,f,5.38,pl,m,5.17,pl,f,4.95,see
the girls behind the ladies see the boys.,behind,center_embedding,pl,f,5.38,pl,m,5.17,pl,f,4.95,see
the girls like the boys near the ladies.,near,peripheral,pl,f,5.38,pl,m,5.17,pl,f,4.95,like
the girls near the ladies like the boys.,near,center_embedding,pl,f,5.38,pl,m,5.17,pl,f,4.95,like
the girls like the boys behind the ladies.,behind,peripheral,pl,f,5.38,pl,m,5.17,pl,f,4.95,like
the girls behind the ladies like the boys.,behind,center_embedding,pl,f,5.38,pl,m,5.17,pl,f,4.95,like
the girl sees the boy near the man.,near,peripheral,sg,f,5.38,sg,m,5.17,sg,m,5.82,see
the girl near the man sees the boy.,near,center_embedding,sg,f,5.38,sg,m,5.17,sg,m,5.82,see
the girl sees the boy behind the man.,behind,peripheral,sg,f,5.38,sg,m,5.17,sg,m,5.82,see
the girl behind the man sees the boy.,behind,center_embedding,sg,f,5.38,sg,m,5.17,sg,m,5.82,see
the girl likes the boy near the man.,near,peripheral,sg,f,5.38,sg,m,5.17,sg,m,5.82,like
the girl near the man likes the boy.,near,center_embedding,sg,f,5.38,sg,m,5.17,sg,m,5.82,like
the girl likes the boy behind the man.,behind,peripheral,sg,f,5.38,sg,m,5.17,sg,m,5.82,like
the girl behind the man likes the boy.,behind,center_embedding,sg,f,5.38,sg,m,5.17,sg,m,5.82,like
the girl sees the boy near the men.,near,peripheral,sg,f,5.38,sg,m,5.17,pl,m,5.82,see
the girl near the men sees the boy.,near,center_embedding,sg,f,5.38,sg,m,5.17,pl,m,5.82,see
the girl sees the boy behind the men.,behind,peripheral,sg,f,5.38,sg,m,5.17,pl,m,5.82,see
the girl behind the men sees the boy.,behind,center_embedding,sg,f,5.38,sg,m,5.17,pl,m,5.82,see
the girl likes the boy near the men.,near,peripheral,sg,f,5.38,sg,m,5.17,pl,m,5.82,like
the girl near the men likes the boy.,near,center_embedding,sg,f,5.38,sg,m,5.17,pl,m,5.82,like
the girl likes the boy behind the men.,behind,peripheral,sg,f,5.38,sg,m,5.17,pl,m,5.82,like
the girl behind the men likes the boy.,behind,center_embedding,sg,f,5.38,sg,m,5.17,pl,m,5.82,like
the girl sees the boys near the man.,near,peripheral,sg,f,5.38,pl,m,5.17,sg,m,5.82,see
the girl near the man sees the boys.,near,center_embedding,sg,f,5.38,pl,m,5.17,sg,m,5.82,see
the girl sees the boys behind the man.,behind,peripheral,sg,f,5.38,pl,m,5.17,sg,m,5.82,see
the girl behind the man sees the boys.,behind,center_embedding,sg,f,5.38,pl,m,5.17,sg,m,5.82,see
the girl likes the boys near the man.,near,peripheral,sg,f,5.38,pl,m,5.17,sg,m,5.82,like
the girl near the man likes the boys.,near,center_embedding,sg,f,5.38,pl,m,5.17,sg,m,5.82,like
the girl likes the boys behind the man.,behind,peripheral,sg,f,5.38,pl,m,5.17,sg,m,5.82,like
the girl behind the man likes the boys.,behind,center_embedding,sg,f,5.38,pl,m,5.17,sg,m,5.82,like
the girl sees the boys near the men.,near,peripheral,sg,f,5.38,pl,m,5.17,pl,m,5.82,see
the girl near the men sees the boys.,near,center_embedding,sg,f,5.38,pl,m,5.17,pl,m,5.82,see
the girl sees the boys behind the men.,behind,peripheral,sg,f,5.38,pl,m,5.17,pl,m,5.82,see
the girl behind the men sees the boys.,behind,center_embedding,sg,f,5.38,pl,m,5.17,pl,m,5.82,see
the girl likes the boys near the men.,near,peripheral,sg,f,5.38,pl,m,5.17,pl,m,5.82,like
the girl near the men likes the boys.,near,center_embedding,sg,f,5.38,pl,m,5.17,pl,m,5.82,like
the girl likes the boys behind the men.,behind,peripheral,sg,f,5.38,pl,m,5.17,pl,m,5.82,like
the girl behind the men likes the boys.,behind,center_embedding,sg,f,5.38,pl,m,5.17,pl,m,5.82,like
the girls see the boy near the man.,near,peripheral,pl,f,5.38,sg,m,5.17,sg,m,5.82,see
the girls near the man see the boy.,near,center_embedding,pl,f,5.38,sg,m,5.17,sg,m,5.82,see
the girls see the boy behind the man.,behind,peripheral,pl,f,5.38,sg,m,5.17,sg,m,5.82,see
the girls behind the man see the boy.,behind,center_embedding,pl,f,5.38,sg,m,5.17,sg,m,5.82,see
the girls like the boy near the man.,near,peripheral,pl,f,5.38,sg,m,5.17,sg,m,5.82,like
the girls near the man like the boy.,near,center_embedding,pl,f,5.38,sg,m,5.17,sg,m,5.82,like
the girls like the boy behind the man.,behind,peripheral,pl,f,5.38,sg,m,5.17,sg,m,5.82,like
the girls behind the man like the boy.,behind,center_embedding,pl,f,5.38,sg,m,5.17,sg,m,5.82,like
the girls see the boy near the men.,near,peripheral,pl,f,5.38,sg,m,5.17,pl,m,5.82,see
the girls near the men see the boy.,near,center_embedding,pl,f,5.38,sg,m,5.17,pl,m,5.82,see
the girls see the boy behind the men.,behind,peripheral,pl,f,5.38,sg,m,5.17,pl,m,5.82,see
the girls behind the men see the boy.,behind,center_embedding,pl,f,5.38,sg,m,5.17,pl,m,5.82,see
the girls like the boy near the men.,near,peripheral,pl,f,5.38,sg,m,5.17,pl,m,5.82,like
the girls near the men like the boy.,near,center_embedding,pl,f,5.38,sg,m,5.17,pl,m,5.82,like
the girls like the boy behind the men.,behind,peripheral,pl,f,5.38,sg,m,5.17,pl,m,5.82,like
the girls behind the men like the boy.,behind,center_embedding,pl,f,5.38,sg,m,5.17,pl,m,5.82,like
the girls see the boys near the man.,near,peripheral,pl,f,5.38,pl,m,5.17,sg,m,5.82,see
the girls near the man see the boys.,near,center_embedding,pl,f,5.38,pl,m,5.17,sg,m,5.82,see
the girls see the boys behind the man.,behind,peripheral,pl,f,5.38,pl,m,5.17,sg,m,5.82,see
the girls behind the man see the boys.,behind,center_embedding,pl,f,5.38,pl,m,5.17,sg,m,5.82,see
the girls like the boys near the man.,near,peripheral,pl,f,5.38,pl,m,5.17,sg,m,5.82,like
the girls near the man like the boys.,near,center_embedding,pl,f,5.38,pl,m,5.17,sg,m,5.82,like
the girls like the boys behind the man.,behind,peripheral,pl,f,5.38,pl,m,5.17,sg,m,5.82,like
the girls behind the man like the boys.,behind,center_embedding,pl,f,5.38,pl,m,5.17,sg,m,5.82,like
the girls see the boys near the men.,near,peripheral,pl,f,5.38,pl,m,5.17,pl,m,5.82,see
the girls near the men see the boys.,near,center_embedding,pl,f,5.38,pl,m,5.17,pl,m,5.82,see
the girls see the boys behind the men.,behind,peripheral,pl,f,5.38,pl,m,5.17,pl,m,5.82,see
the girls behind the men see the boys.,behind,center_embedding,pl,f,5.38,pl,m,5.17,pl,m,5.82,see
the girls like the boys near the men.,near,peripheral,pl,f,5.38,pl,m,5.17,pl,m,5.82,like
the girls near the men like the boys.,near,center_embedding,pl,f,5.38,pl,m,5.17,pl,m,5.82,like
the girls like the boys behind the men.,behind,peripheral,pl,f,5.38,pl,m,5.17,pl,m,5.82,like
the girls behind the men like the boys.,behind,center_embedding,pl,f,5.38,pl,m,5.17,pl,m,5.82,like
the girl sees the boy near the king.,near,peripheral,sg,f,5.38,sg,m,5.17,sg,m,5.17,see
the girl near the king sees the boy.,near,center_embedding,sg,f,5.38,sg,m,5.17,sg,m,5.17,see
the girl sees the boy behind the king.,behind,peripheral,sg,f,5.38,sg,m,5.17,sg,m,5.17,see
the girl behind the king sees the boy.,behind,center_embedding,sg,f,5.38,sg,m,5.17,sg,m,5.17,see
the girl likes the boy near the king.,near,peripheral,sg,f,5.38,sg,m,5.17,sg,m,5.17,like
the girl near the king likes the boy.,near,center_embedding,sg,f,5.38,sg,m,5.17,sg,m,5.17,like
the girl likes the boy behind the king.,behind,peripheral,sg,f,5.38,sg,m,5.17,sg,m,5.17,like
the girl behind the king likes the boy.,behind,center_embedding,sg,f,5.38,sg,m,5.17,sg,m,5.17,like
the girl sees the boy near the kings.,near,peripheral,sg,f,5.38,sg,m,5.17,pl,m,5.17,see
the girl near the kings sees the boy.,near,center_embedding,sg,f,5.38,sg,m,5.17,pl,m,5.17,see
the girl sees the boy behind the kings.,behind,peripheral,sg,f,5.38,sg,m,5.17,pl,m,5.17,see
the girl behind the kings sees the boy.,behind,center_embedding,sg,f,5.38,sg,m,5.17,pl,m,5.17,see
the girl likes the boy near the kings.,near,peripheral,sg,f,5.38,sg,m,5.17,pl,m,5.17,like
the girl near the kings likes the boy.,near,center_embedding,sg,f,5.38,sg,m,5.17,pl,m,5.17,like
the girl likes the boy behind the kings.,behind,peripheral,sg,f,5.38,sg,m,5.17,pl,m,5.17,like
the girl behind the kings likes the boy.,behind,center_embedding,sg,f,5.38,sg,m,5.17,pl,m,5.17,like
the girl sees the boys near the king.,near,peripheral,sg,f,5.38,pl,m,5.17,sg,m,5.17,see
the girl near the king sees the boys.,near,center_embedding,sg,f,5.38,pl,m,5.17,sg,m,5.17,see
the girl sees the boys behind the king.,behind,peripheral,sg,f,5.38,pl,m,5.17,sg,m,5.17,see
the girl behind the king sees the boys.,behind,center_embedding,sg,f,5.38,pl,m,5.17,sg,m,5.17,see
the girl likes the boys near the king.,near,peripheral,sg,f,5.38,pl,m,5.17,sg,m,5.17,like
the girl near the king likes the boys.,near,center_embedding,sg,f,5.38,pl,m,5.17,sg,m,5.17,like
the girl likes the boys behind the king.,behind,peripheral,sg,f,5.38,pl,m,5.17,sg,m,5.17,like
the girl behind the king likes the boys.,behind,center_embedding,sg,f,5.38,pl,m,5.17,sg,m,5.17,like
the girl sees the boys near the kings.,near,peripheral,sg,f,5.38,pl,m,5.17,pl,m,5.17,see
the girl near the kings sees the boys.,near,center_embedding,sg,f,5.38,pl,m,5.17,pl,m,5.17,see
the girl sees the boys behind the kings.,behind,peripheral,sg,f,5.38,pl,m,5.17,pl,m,5.17,see
the girl behind the kings sees the boys.,behind,center_embedding,sg,f,5.38,pl,m,5.17,pl,m,5.17,see
the girl likes the boys near the kings.,near,peripheral,sg,f,5.38,pl,m,5.17,pl,m,5.17,like
the girl near the kings likes the boys.,near,center_embedding,sg,f,5.38,pl,m,5.17,pl,m,5.17,like
the girl likes the boys behind the kings.,behind,peripheral,sg,f,5.38,pl,m,5.17,pl,m,5.17,like
the girl behind the kings likes the boys.,behind,center_embedding,sg,f,5.38,pl,m,5.17,pl,m,5.17,like
the girls see the boy near the king.,near,peripheral,pl,f,5.38,sg,m,5.17,sg,m,5.17,see
the girls near the king see the boy.,near,center_embedding,pl,f,5.38,sg,m,5.17,sg,m,5.17,see
the girls see the boy behind the king.,behind,peripheral,pl,f,5.38,sg,m,5.17,sg,m,5.17,see
the girls behind the king see the boy.,behind,center_embedding,pl,f,5.38,sg,m,5.17,sg,m,5.17,see
the girls like the boy near the king.,near,peripheral,pl,f,5.38,sg,m,5.17,sg,m,5.17,like
the girls near the king like the boy.,near,center_embedding,pl,f,5.38,sg,m,5.17,sg,m,5.17,like
the girls like the boy behind the king.,behind,peripheral,pl,f,5.38,sg,m,5.17,sg,m,5.17,like
the girls behind the king like the boy.,behind,center_embedding,pl,f,5.38,sg,m,5.17,sg,m,5.17,like
the girls see the boy near the kings.,near,peripheral,pl,f,5.38,sg,m,5.17,pl,m,5.17,see
the girls near the kings see the boy.,near,center_embedding,pl,f,5.38,sg,m,5.17,pl,m,5.17,see
the girls see the boy behind the kings.,behind,peripheral,pl,f,5.38,sg,m,5.17,pl,m,5.17,see
the girls behind the kings see the boy.,behind,center_embedding,pl,f,5.38,sg,m,5.17,pl,m,5.17,see
the girls like the boy near the kings.,near,peripheral,pl,f,5.38,sg,m,5.17,pl,m,5.17,like
the girls near the kings like the boy.,near,center_embedding,pl,f,5.38,sg,m,5.17,pl,m,5.17,like
the girls like the boy behind the kings.,behind,peripheral,pl,f,5.38,sg,m,5.17,pl,m,5.17,like
the girls behind the kings like the boy.,behind,center_embedding,pl,f,5.38,sg,m,5.17,pl,m,5.17,like
the girls see the boys near the king.,near,peripheral,pl,f,5.38,pl,m,5.17,sg,m,5.17,see
the girls near the king see the boys.,near,center_embedding,pl,f,5.38,pl,m,5.17,sg,m,5.17,see
the girls see the boys behind the king.,behind,peripheral,pl,f,5.38,pl,m,5.17,sg,m,5.17,see
the girls behind the king see the boys.,behind,center_embedding,pl,f,5.38,pl,m,5.17,sg,m,5.17,see
the girls like the boys near the king.,near,peripheral,pl,f,5.38,pl,m,5.17,sg,m,5.17,like
the girls near the king like the boys.,near,center_embedding,pl,f,5.38,pl,m,5.17,sg,m,5.17,like
the girls like the boys behind the king.,behind,peripheral,pl,f,5.38,pl,m,5.17,sg,m,5.17,like
the girls behind the king like the boys.,behind,center_embedding,pl,f,5.38,pl,m,5.17,sg,m,5.17,like
the girls see the boys near the kings.,near,peripheral,pl,f,5.38,pl,m,5.17,pl,m,5.17,see
the girls near the kings see the boys.,near,center_embedding,pl,f,5.38,pl,m,5.17,pl,m,5.17,see
the girls see the boys behind the kings.,behind,peripheral,pl,f,5.38,pl,m,5.17,pl,m,5.17,see
the girls behind the kings see the boys.,behind,center_embedding,pl,f,5.38,pl,m,5.17,pl,m,5.17,see
the girls like the boys near the kings.,near,peripheral,pl,f,5.38,pl,m,5.17,pl,m,5.17,like
the girls near the kings like the boys.,near,center_embedding,pl,f,5.38,pl,m,5.17,pl,m,5.17,like
the girls like the boys behind the kings.,behind,peripheral,pl,f,5.38,pl,m,5.17,pl,m,5.17,like
the girls behind the kings like the boys.,behind,center_embedding,pl,f,5.38,pl,m,5.17,pl,m,5.17,like
the girl sees the king near the woman.,near,peripheral,sg,f,5.38,sg,m,5.17,sg,f,5.35,see
the girl near the woman sees the king.,near,center_embedding,sg,f,5.38,sg,m,5.17,sg,f,5.35,see
the girl sees the king behind the woman.,behind,peripheral,sg,f,5.38,sg,m,5.17,sg,f,5.35,see
the girl behind the woman sees the king.,behind,center_embedding,sg,f,5.38,sg,m,5.17,sg,f,5.35,see
the girl likes the king near the woman.,near,peripheral,sg,f,5.38,sg,m,5.17,sg,f,5.35,like
the girl near the woman likes the king.,near,center_embedding,sg,f,5.38,sg,m,5.17,sg,f,5.35,like
the girl likes the king behind the woman.,behind,peripheral,sg,f,5.38,sg,m,5.17,sg,f,5.35,like
the girl behind the woman likes the king.,behind,center_embedding,sg,f,5.38,sg,m,5.17,sg,f,5.35,like
the girl sees the king near the women.,near,peripheral,sg,f,5.38,sg,m,5.17,pl,f,5.35,see
the girl near the women sees the king.,near,center_embedding,sg,f,5.38,sg,m,5.17,pl,f,5.35,see
the girl sees the king behind the women.,behind,peripheral,sg,f,5.38,sg,m,5.17,pl,f,5.35,see
the girl behind the women sees the king.,behind,center_embedding,sg,f,5.38,sg,m,5.17,pl,f,5.35,see
the girl likes the king near the women.,near,peripheral,sg,f,5.38,sg,m,5.17,pl,f,5.35,like
the girl near the women likes the king.,near,center_embedding,sg,f,5.38,sg,m,5.17,pl,f,5.35,like
the girl likes the king behind the women.,behind,peripheral,sg,f,5.38,sg,m,5.17,pl,f,5.35,like
the girl behind the women likes the king.,behind,center_embedding,sg,f,5.38,sg,m,5.17,pl,f,5.35,like
the girl sees the kings near the woman.,near,peripheral,sg,f,5.38,pl,m,5.17,sg,f,5.35,see
the girl near the woman sees the kings.,near,center_embedding,sg,f,5.38,pl,m,5.17,sg,f,5.35,see
the girl sees the kings behind the woman.,behind,peripheral,sg,f,5.38,pl,m,5.17,sg,f,5.35,see
the girl behind the woman sees the kings.,behind,center_embedding,sg,f,5.38,pl,m,5.17,sg,f,5.35,see
the girl likes the kings near the woman.,near,peripheral,sg,f,5.38,pl,m,5.17,sg,f,5.35,like
the girl near the woman likes the kings.,near,center_embedding,sg,f,5.38,pl,m,5.17,sg,f,5.35,like
the girl likes the kings behind the woman.,behind,peripheral,sg,f,5.38,pl,m,5.17,sg,f,5.35,like
the girl behind the woman likes the kings.,behind,center_embedding,sg,f,5.38,pl,m,5.17,sg,f,5.35,like
the girl sees the kings near the women.,near,peripheral,sg,f,5.38,pl,m,5.17,pl,f,5.35,see
the girl near the women sees the kings.,near,center_embedding,sg,f,5.38,pl,m,5.17,pl,f,5.35,see
the girl sees the kings behind the women.,behind,peripheral,sg,f,5.38,pl,m,5.17,pl,f,5.35,see
the girl behind the women sees the kings.,behind,center_embedding,sg,f,5.38,pl,m,5.17,pl,f,5.35,see
the girl likes the kings near the women.,near,peripheral,sg,f,5.38,pl,m,5.17,pl,f,5.35,like
the girl near the women likes the kings.,near,center_embedding,sg,f,5.38,pl,m,5.17,pl,f,5.35,like
the girl likes the kings behind the women.,behind,peripheral,sg,f,5.38,pl,m,5.17,pl,f,5.35,like
the girl behind the women likes the kings.,behind,center_embedding,sg,f,5.38,pl,m,5.17,pl,f,5.35,like
the girls see the king near the woman.,near,peripheral,pl,f,5.38,sg,m,5.17,sg,f,5.35,see
the girls near the woman see the king.,near,center_embedding,pl,f,5.38,sg,m,5.17,sg,f,5.35,see
the girls see the king behind the woman.,behind,peripheral,pl,f,5.38,sg,m,5.17,sg,f,5.35,see
the girls behind the woman see the king.,behind,center_embedding,pl,f,5.38,sg,m,5.17,sg,f,5.35,see
the girls like the king near the woman.,near,peripheral,pl,f,5.38,sg,m,5.17,sg,f,5.35,like
the girls near the woman like the king.,near,center_embedding,pl,f,5.38,sg,m,5.17,sg,f,5.35,like
the girls like the king behind the woman.,behind,peripheral,pl,f,5.38,sg,m,5.17,sg,f,5.35,like
the girls behind the woman like the king.,behind,center_embedding,pl,f,5.38,sg,m,5.17,sg,f,5.35,like
the girls see the king near the women.,near,peripheral,pl,f,5.38,sg,m,5.17,pl,f,5.35,see
the girls near the women see the king.,near,center_embedding,pl,f,5.38,sg,m,5.17,pl,f,5.35,see
the girls see the king behind the women.,behind,peripheral,pl,f,5.38,sg,m,5.17,pl,f,5.35,see
the girls behind the women see the king.,behind,center_embedding,pl,f,5.38,sg,m,5.17,pl,f,5.35,see
the girls like the king near the women.,near,peripheral,pl,f,5.38,sg,m,5.17,pl,f,5.35,like
the girls near the women like the king.,near,center_embedding,pl,f,5.38,sg,m,5.17,pl,f,5.35,like
the girls like the king behind the women.,behind,peripheral,pl,f,5.38,sg,m,5.17,pl,f,5.35,like
the girls behind the women like the king.,behind,center_embedding,pl,f,5.38,sg,m,5.17,pl,f,5.35,like
the girls see the kings near the woman.,near,peripheral,pl,f,5.38,pl,m,5.17,sg,f,5.35,see
the girls near the woman see the kings.,near,center_embedding,pl,f,5.38,pl,m,5.17,sg,f,5.35,see
the girls see the kings behind the woman.,behind,peripheral,pl,f,5.38,pl,m,5.17,sg,f,5.35,see
the girls behind the woman see the kings.,behind,center_embedding,pl,f,5.38,pl,m,5.17,sg,f,5.35,see
the girls like the kings near the woman.,near,peripheral,pl,f,5.38,pl,m,5.17,sg,f,5.35,like
the girls near the woman like the kings.,near,center_embedding,pl,f,5.38,pl,m,5.17,sg,f,5.35,like
the girls like the kings behind the woman.,behind,peripheral,pl,f,5.38,pl,m,5.17,sg,f,5.35,like
the girls behind the woman like the kings.,behind,center_embedding,pl,f,5.38,pl,m,5.17,sg,f,5.35,like
the girls see the kings near the women.,near,peripheral,pl,f,5.38,pl,m,5.17,pl,f,5.35,see
the girls near the women see the kings.,near,center_embedding,pl,f,5.38,pl,m,5.17,pl,f,5.35,see
the girls see the kings behind the women.,behind,peripheral,pl,f,5.38,pl,m,5.17,pl,f,5.35,see
the girls behind the women see the kings.,behind,center_embedding,pl,f,5.38,pl,m,5.17,pl,f,5.35,see
the girls like the kings near the women.,near,peripheral,pl,f,5.38,pl,m,5.17,pl,f,5.35,like
the girls near the women like the kings.,near,center_embedding,pl,f,5.38,pl,m,5.17,pl,f,5.35,like
the girls like the kings behind the women.,behind,peripheral,pl,f,5.38,pl,m,5.17,pl,f,5.35,like
the girls behind the women like the kings.,behind,center_embedding,pl,f,5.38,pl,m,5.17,pl,f,5.35,like
the girl sees the king near the lady.,near,peripheral,sg,f,5.38,sg,m,5.17,sg,f,4.95,see
the girl near the lady sees the king.,near,center_embedding,sg,f,5.38,sg,m,5.17,sg,f,4.95,see
the girl sees the king behind the lady.,behind,peripheral,sg,f,5.38,sg,m,5.17,sg,f,4.95,see
the girl behind the lady sees the king.,behind,center_embedding,sg,f,5.38,sg,m,5.17,sg,f,4.95,see
the girl likes the king near the lady.,near,peripheral,sg,f,5.38,sg,m,5.17,sg,f,4.95,like
the girl near the lady likes the king.,near,center_embedding,sg,f,5.38,sg,m,5.17,sg,f,4.95,like
the girl likes the king behind the lady.,behind,peripheral,sg,f,5.38,sg,m,5.17,sg,f,4.95,like
the girl behind the lady likes the king.,behind,center_embedding,sg,f,5.38,sg,m,5.17,sg,f,4.95,like
the girl sees the king near the ladies.,near,peripheral,sg,f,5.38,sg,m,5.17,pl,f,4.95,see
the girl near the ladies sees the king.,near,center_embedding,sg,f,5.38,sg,m,5.17,pl,f,4.95,see
the girl sees the king behind the ladies.,behind,peripheral,sg,f,5.38,sg,m,5.17,pl,f,4.95,see
the girl behind the ladies sees the king.,behind,center_embedding,sg,f,5.38,sg,m,5.17,pl,f,4.95,see
the girl likes the king near the ladies.,near,peripheral,sg,f,5.38,sg,m,5.17,pl,f,4.95,like
the girl near the ladies likes the king.,near,center_embedding,sg,f,5.38,sg,m,5.17,pl,f,4.95,like
the girl likes the king behind the ladies.,behind,peripheral,sg,f,5.38,sg,m,5.17,pl,f,4.95,like
the girl behind the ladies likes the king.,behind,center_embedding,sg,f,5.38,sg,m,5.17,pl,f,4.95,like
the girl sees the kings near the lady.,near,peripheral,sg,f,5.38,pl,m,5.17,sg,f,4.95,see
the girl near the lady sees the kings.,near,center_embedding,sg,f,5.38,pl,m,5.17,sg,f,4.95,see
the girl sees the kings behind the lady.,behind,peripheral,sg,f,5.38,pl,m,5.17,sg,f,4.95,see
the girl behind the lady sees the kings.,behind,center_embedding,sg,f,5.38,pl,m,5.17,sg,f,4.95,see
the girl likes the kings near the lady.,near,peripheral,sg,f,5.38,pl,m,5.17,sg,f,4.95,like
the girl near the lady likes the kings.,near,center_embedding,sg,f,5.38,pl,m,5.17,sg,f,4.95,like
the girl likes the kings behind the lady.,behind,peripheral,sg,f,5.38,pl,m,5.17,sg,f,4.95,like
the girl behind the lady likes the kings.,behind,center_embedding,sg,f,5.38,pl,m,5.17,sg,f,4.95,like
the girl sees the kings near the ladies.,near,peripheral,sg,f,5.38,pl,m,5.17,pl,f,4.95,see
the girl near the ladies sees the kings.,near,center_embedding,sg,f,5.38,pl,m,5.17,pl,f,4.95,see
the girl sees the kings behind the ladies.,behind,peripheral,sg,f,5.38,pl,m,5.17,pl,f,4.95,see
the girl behind the ladies sees the kings.,behind,center_embedding,sg,f,5.38,pl,m,5.17,pl,f,4.95,see
the girl likes the kings near the ladies.,near,peripheral,sg,f,5.38,pl,m,5.17,pl,f,4.95,like
the girl near the ladies likes the kings.,near,center_embedding,sg,f,5.38,pl,m,5.17,pl,f,4.95,like
the girl likes the kings behind the ladies.,behind,peripheral,sg,f,5.38,pl,m,5.17,pl,f,4.95,like
the girl behind the ladies likes the kings.,behind,center_embedding,sg,f,5.38,pl,m,5.17,pl,f,4.95,like
the girls see the king near the lady.,near,peripheral,pl,f,5.38,sg,m,5.17,sg,f,4.95,see
the girls near the lady see the king.,near,center_embedding,pl,f,5.38,sg,m,5.17,sg,f,4.95,see
the girls see the king behind the lady.,behind,peripheral,pl,f,5.38,sg,m,5.17,sg,f,4.95,see
the girls behind the lady see the king.,behind,center_embedding,pl,f,5.38,sg,m,5.17,sg,f,4.95,see
the girls like the king near the lady.,near,peripheral,pl,f,5.38,sg,m,5.17,sg,f,4.95,like
the girls near the lady like the king.,near,center_embedding,pl,f,5.38,sg,m,5.17,sg,f,4.95,like
the girls like the king behind the lady.,behind,peripheral,pl,f,5.38,sg,m,5.17,sg,f,4.95,like
the girls behind the lady like the king.,behind,center_embedding,pl,f,5.38,sg,m,5.17,sg,f,4.95,like
the girls see the king near the ladies.,near,peripheral,pl,f,5.38,sg,m,5.17,pl,f,4.95,see
the girls near the ladies see the king.,near,center_embedding,pl,f,5.38,sg,m,5.17,pl,f,4.95,see
the girls see the king behind the ladies.,behind,peripheral,pl,f,5.38,sg,m,5.17,pl,f,4.95,see
the girls behind the ladies see the king.,behind,center_embedding,pl,f,5.38,sg,m,5.17,pl,f,4.95,see
the girls like the king near the ladies.,near,peripheral,pl,f,5.38,sg,m,5.17,pl,f,4.95,like
the girls near the ladies like the king.,near,center_embedding,pl,f,5.38,sg,m,5.17,pl,f,4.95,like
the girls like the king behind the ladies.,behind,peripheral,pl,f,5.38,sg,m,5.17,pl,f,4.95,like
the girls behind the ladies like the king.,behind,center_embedding,pl,f,5.38,sg,m,5.17,pl,f,4.95,like
the girls see the kings near the lady.,near,peripheral,pl,f,5.38,pl,m,5.17,sg,f,4.95,see
the girls near the lady see the kings.,near,center_embedding,pl,f,5.38,pl,m,5.17,sg,f,4.95,see
the girls see the kings behind the lady.,behind,peripheral,pl,f,5.38,pl,m,5.17,sg,f,4.95,see
the girls behind the lady see the kings.,behind,center_embedding,pl,f,5.38,pl,m,5.17,sg,f,4.95,see
the girls like the kings near the lady.,near,peripheral,pl,f,5.38,pl,m,5.17,sg,f,4.95,like
the girls near the lady like the kings.,near,center_embedding,pl,f,5.38,pl,m,5.17,sg,f,4.95,like
the girls like the kings behind the lady.,behind,peripheral,pl,f,5.38,pl,m,5.17,sg,f,4.95,like
the girls behind the lady like the kings.,behind,center_embedding,pl,f,5.38,pl,m,5.17,sg,f,4.95,like
the girls see the kings near the ladies.,near,peripheral,pl,f,5.38,pl,m,5.17,pl,f,4.95,see
the girls near the ladies see the kings.,near,center_embedding,pl,f,5.38,pl,m,5.17,pl,f,4.95,see
the girls see the kings behind the ladies.,behind,peripheral,pl,f,5.38,pl,m,5.17,pl,f,4.95,see
the girls behind the ladies see the kings.,behind,center_embedding,pl,f,5.38,pl,m,5.17,pl,f,4.95,see
the girls like the kings near the ladies.,near,peripheral,pl,f,5.38,pl,m,5.17,pl,f,4.95,like
the girls near the ladies like the kings.,near,center_embedding,pl,f,5.38,pl,m,5.17,pl,f,4.95,like
the girls like the kings behind the ladies.,behind,peripheral,pl,f,5.38,pl,m,5.17,pl,f,4.95,like
the girls behind the ladies like the kings.,behind,center_embedding,pl,f,5.38,pl,m,5.17,pl,f,4.95,like
the girl sees the king near the man.,near,peripheral,sg,f,5.38,sg,m,5.17,sg,m,5.82,see
the girl near the man sees the king.,near,center_embedding,sg,f,5.38,sg,m,5.17,sg,m,5.82,see
the girl sees the king behind the man.,behind,peripheral,sg,f,5.38,sg,m,5.17,sg,m,5.82,see
the girl behind the man sees the king.,behind,center_embedding,sg,f,5.38,sg,m,5.17,sg,m,5.82,see
the girl likes the king near the man.,near,peripheral,sg,f,5.38,sg,m,5.17,sg,m,5.82,like
the girl near the man likes the king.,near,center_embedding,sg,f,5.38,sg,m,5.17,sg,m,5.82,like
the girl likes the king behind the man.,behind,peripheral,sg,f,5.38,sg,m,5.17,sg,m,5.82,like
the girl behind the man likes the king.,behind,center_embedding,sg,f,5.38,sg,m,5.17,sg,m,5.82,like
the girl sees the king near the men.,near,peripheral,sg,f,5.38,sg,m,5.17,pl,m,5.82,see
the girl near the men sees the king.,near,center_embedding,sg,f,5.38,sg,m,5.17,pl,m,5.82,see
the girl sees the king behind the men.,behind,peripheral,sg,f,5.38,sg,m,5.17,pl,m,5.82,see
the girl behind the men sees the king.,behind,center_embedding,sg,f,5.38,sg,m,5.17,pl,m,5.82,see
the girl likes the king near the men.,near,peripheral,sg,f,5.38,sg,m,5.17,pl,m,5.82,like
the girl near the men likes the king.,near,center_embedding,sg,f,5.38,sg,m,5.17,pl,m,5.82,like
the girl likes the king behind the men.,behind,peripheral,sg,f,5.38,sg,m,5.17,pl,m,5.82,like
the girl behind the men likes the king.,behind,center_embedding,sg,f,5.38,sg,m,5.17,pl,m,5.82,like
the girl sees the kings near the man.,near,peripheral,sg,f,5.38,pl,m,5.17,sg,m,5.82,see
the girl near the man sees the kings.,near,center_embedding,sg,f,5.38,pl,m,5.17,sg,m,5.82,see
the girl sees the kings behind the man.,behind,peripheral,sg,f,5.38,pl,m,5.17,sg,m,5.82,see
the girl behind the man sees the kings.,behind,center_embedding,sg,f,5.38,pl,m,5.17,sg,m,5.82,see
the girl likes the kings near the man.,near,peripheral,sg,f,5.38,pl,m,5.17,sg,m,5.82,like
the girl near the man likes the kings.,near,center_embedding,sg,f,5.38,pl,m,5.17,sg,m,5.82,like
the girl likes the kings behind the man.,behind,peripheral,sg,f,5.38,pl,m,5.17,sg,m,5.82,like
the girl behind the man likes the kings.,behind,center_embedding,sg,f,5.38,pl,m,5.17,sg,m,5.82,like
the girl sees the kings near the men.,near,peripheral,sg,f,5.38,pl,m,5.17,pl,m,5.82,see
the girl near the men sees the kings.,near,center_embedding,sg,f,5.38,pl,m,5.17,pl,m,5.82,see
the girl sees the kings behind the men.,behind,peripheral,sg,f,5.38,pl,m,5.17,pl,m,5.82,see
the girl behind the men sees the kings.,behind,center_embedding,sg,f,5.38,pl,m,5.17,pl,m,5.82,see
the girl likes the kings near the men.,near,peripheral,sg,f,5.38,pl,m,5.17,pl,m,5.82,like
the girl near the men likes the kings.,near,center_embedding,sg,f,5.38,pl,m,5.17,pl,m,5.82,like
the girl likes the kings behind the men.,behind,peripheral,sg,f,5.38,pl,m,5.17,pl,m,5.82,like
the girl behind the men likes the kings.,behind,center_embedding,sg,f,5.38,pl,m,5.17,pl,m,5.82,like
the girls see the king near the man.,near,peripheral,pl,f,5.38,sg,m,5.17,sg,m,5.82,see
the girls near the man see the king.,near,center_embedding,pl,f,5.38,sg,m,5.17,sg,m,5.82,see
the girls see the king behind the man.,behind,peripheral,pl,f,5.38,sg,m,5.17,sg,m,5.82,see
the girls behind the man see the king.,behind,center_embedding,pl,f,5.38,sg,m,5.17,sg,m,5.82,see
the girls like the king near the man.,near,peripheral,pl,f,5.38,sg,m,5.17,sg,m,5.82,like
the girls near the man like the king.,near,center_embedding,pl,f,5.38,sg,m,5.17,sg,m,5.82,like
the girls like the king behind the man.,behind,peripheral,pl,f,5.38,sg,m,5.17,sg,m,5.82,like
the girls behind the man like the king.,behind,center_embedding,pl,f,5.38,sg,m,5.17,sg,m,5.82,like
the girls see the king near the men.,near,peripheral,pl,f,5.38,sg,m,5.17,pl,m,5.82,see
the girls near the men see the king.,near,center_embedding,pl,f,5.38,sg,m,5.17,pl,m,5.82,see
the girls see the king behind the men.,behind,peripheral,pl,f,5.38,sg,m,5.17,pl,m,5.82,see
the girls behind the men see the king.,behind,center_embedding,pl,f,5.38,sg,m,5.17,pl,m,5.82,see
the girls like the king near the men.,near,peripheral,pl,f,5.38,sg,m,5.17,pl,m,5.82,like
the girls near the men like the king.,near,center_embedding,pl,f,5.38,sg,m,5.17,pl,m,5.82,like
the girls like the king behind the men.,behind,peripheral,pl,f,5.38,sg,m,5.17,pl,m,5.82,like
the girls behind the men like the king.,behind,center_embedding,pl,f,5.38,sg,m,5.17,pl,m,5.82,like
the girls see the kings near the man.,near,peripheral,pl,f,5.38,pl,m,5.17,sg,m,5.82,see
the girls near the man see the kings.,near,center_embedding,pl,f,5.38,pl,m,5.17,sg,m,5.82,see
the girls see the kings behind the man.,behind,peripheral,pl,f,5.38,pl,m,5.17,sg,m,5.82,see
the girls behind the man see the kings.,behind,center_embedding,pl,f,5.38,pl,m,5.17,sg,m,5.82,see
the girls like the kings near the man.,near,peripheral,pl,f,5.38,pl,m,5.17,sg,m,5.82,like
the girls near the man like the kings.,near,center_embedding,pl,f,5.38,pl,m,5.17,sg,m,5.82,like
the girls like the kings behind the man.,behind,peripheral,pl,f,5.38,pl,m,5.17,sg,m,5.82,like
the girls behind the man like the kings.,behind,center_embedding,pl,f,5.38,pl,m,5.17,sg,m,5.82,like
the girls see the kings near the men.,near,peripheral,pl,f,5.38,pl,m,5.17,pl,m,5.82,see
the girls near the men see the kings.,near,center_embedding,pl,f,5.38,pl,m,5.17,pl,m,5.82,see
the girls see the kings behind the men.,behind,peripheral,pl,f,5.38,pl,m,5.17,pl,m,5.82,see
the girls behind the men see the kings.,behind,center_embedding,pl,f,5.38,pl,m,5.17,pl,m,5.82,see
the girls like the kings near the men.,near,peripheral,pl,f,5.38,pl,m,5.17,pl,m,5.82,like
the girls near the men like the kings.,near,center_embedding,pl,f,5.38,pl,m,5.17,pl,m,5.82,like
the girls like the kings behind the men.,behind,peripheral,pl,f,5.38,pl,m,5.17,pl,m,5.82,like
the girls behind the men like the kings.,behind,center_embedding,pl,f,5.38,pl,m,5.17,pl,m,5.82,like
the girl sees the king near the boy.,near,peripheral,sg,f,5.38,sg,m,5.17,sg,m,5.17,see
the girl near the boy sees the king.,near,center_embedding,sg,f,5.38,sg,m,5.17,sg,m,5.17,see
the girl sees the king behind the boy.,behind,peripheral,sg,f,5.38,sg,m,5.17,sg,m,5.17,see
the girl behind the boy sees the king.,behind,center_embedding,sg,f,5.38,sg,m,5.17,sg,m,5.17,see
the girl likes the king near the boy.,near,peripheral,sg,f,5.38,sg,m,5.17,sg,m,5.17,like
the girl near the boy likes the king.,near,center_embedding,sg,f,5.38,sg,m,5.17,sg,m,5.17,like
the girl likes the king behind the boy.,behind,peripheral,sg,f,5.38,sg,m,5.17,sg,m,5.17,like
the girl behind the boy likes the king.,behind,center_embedding,sg,f,5.38,sg,m,5.17,sg,m,5.17,like
the girl sees the king near the boys.,near,peripheral,sg,f,5.38,sg,m,5.17,pl,m,5.17,see
the girl near the boys sees the king.,near,center_embedding,sg,f,5.38,sg,m,5.17,pl,m,5.17,see
the girl sees the king behind the boys.,behind,peripheral,sg,f,5.38,sg,m,5.17,pl,m,5.17,see
the girl behind the boys sees the king.,behind,center_embedding,sg,f,5.38,sg,m,5.17,pl,m,5.17,see
the girl likes the king near the boys.,near,peripheral,sg,f,5.38,sg,m,5.17,pl,m,5.17,like
the girl near the boys likes the king.,near,center_embedding,sg,f,5.38,sg,m,5.17,pl,m,5.17,like
the girl likes the king behind the boys.,behind,peripheral,sg,f,5.38,sg,m,5.17,pl,m,5.17,like
the girl behind the boys likes the king.,behind,center_embedding,sg,f,5.38,sg,m,5.17,pl,m,5.17,like
the girl sees the kings near the boy.,near,peripheral,sg,f,5.38,pl,m,5.17,sg,m,5.17,see
the girl near the boy sees the kings.,near,center_embedding,sg,f,5.38,pl,m,5.17,sg,m,5.17,see
the girl sees the kings behind the boy.,behind,peripheral,sg,f,5.38,pl,m,5.17,sg,m,5.17,see
the girl behind the boy sees the kings.,behind,center_embedding,sg,f,5.38,pl,m,5.17,sg,m,5.17,see
the girl likes the kings near the boy.,near,peripheral,sg,f,5.38,pl,m,5.17,sg,m,5.17,like
the girl near the boy likes the kings.,near,center_embedding,sg,f,5.38,pl,m,5.17,sg,m,5.17,like
the girl likes the kings behind the boy.,behind,peripheral,sg,f,5.38,pl,m,5.17,sg,m,5.17,like
the girl behind the boy likes the kings.,behind,center_embedding,sg,f,5.38,pl,m,5.17,sg,m,5.17,like
the girl sees the kings near the boys.,near,peripheral,sg,f,5.38,pl,m,5.17,pl,m,5.17,see
the girl near the boys sees the kings.,near,center_embedding,sg,f,5.38,pl,m,5.17,pl,m,5.17,see
the girl sees the kings behind the boys.,behind,peripheral,sg,f,5.38,pl,m,5.17,pl,m,5.17,see
the girl behind the boys sees the kings.,behind,center_embedding,sg,f,5.38,pl,m,5.17,pl,m,5.17,see
the girl likes the kings near the boys.,near,peripheral,sg,f,5.38,pl,m,5.17,pl,m,5.17,like
the girl near the boys likes the kings.,near,center_embedding,sg,f,5.38,pl,m,5.17,pl,m,5.17,like
the girl likes the kings behind the boys.,behind,peripheral,sg,f,5.38,pl,m,5.17,pl,m,5.17,like
the girl behind the boys likes the kings.,behind,center_embedding,sg,f,5.38,pl,m,5.17,pl,m,5.17,like
the girls see the king near the boy.,near,peripheral,pl,f,5.38,sg,m,5.17,sg,m,5.17,see
the girls near the boy see the king.,near,center_embedding,pl,f,5.38,sg,m,5.17,sg,m,5.17,see
the girls see the king behind the boy.,behind,peripheral,pl,f,5.38,sg,m,5.17,sg,m,5.17,see
the girls behind the boy see the king.,behind,center_embedding,pl,f,5.38,sg,m,5.17,sg,m,5.17,see
the girls like the king near the boy.,near,peripheral,pl,f,5.38,sg,m,5.17,sg,m,5.17,like
the girls near the boy like the king.,near,center_embedding,pl,f,5.38,sg,m,5.17,sg,m,5.17,like
the girls like the king behind the boy.,behind,peripheral,pl,f,5.38,sg,m,5.17,sg,m,5.17,like
the girls behind the boy like the king.,behind,center_embedding,pl,f,5.38,sg,m,5.17,sg,m,5.17,like
the girls see the king near the boys.,near,peripheral,pl,f,5.38,sg,m,5.17,pl,m,5.17,see
the girls near the boys see the king.,near,center_embedding,pl,f,5.38,sg,m,5.17,pl,m,5.17,see
the girls see the king behind the boys.,behind,peripheral,pl,f,5.38,sg,m,5.17,pl,m,5.17,see
the girls behind the boys see the king.,behind,center_embedding,pl,f,5.38,sg,m,5.17,pl,m,5.17,see
the girls like the king near the boys.,near,peripheral,pl,f,5.38,sg,m,5.17,pl,m,5.17,like
the girls near the boys like the king.,near,center_embedding,pl,f,5.38,sg,m,5.17,pl,m,5.17,like
the girls like the king behind the boys.,behind,peripheral,pl,f,5.38,sg,m,5.17,pl,m,5.17,like
the girls behind the boys like the king.,behind,center_embedding,pl,f,5.38,sg,m,5.17,pl,m,5.17,like
the girls see the kings near the boy.,near,peripheral,pl,f,5.38,pl,m,5.17,sg,m,5.17,see
the girls near the boy see the kings.,near,center_embedding,pl,f,5.38,pl,m,5.17,sg,m,5.17,see
the girls see the kings behind the boy.,behind,peripheral,pl,f,5.38,pl,m,5.17,sg,m,5.17,see
the girls behind the boy see the kings.,behind,center_embedding,pl,f,5.38,pl,m,5.17,sg,m,5.17,see
the girls like the kings near the boy.,near,peripheral,pl,f,5.38,pl,m,5.17,sg,m,5.17,like
the girls near the boy like the kings.,near,center_embedding,pl,f,5.38,pl,m,5.17,sg,m,5.17,like
the girls like the kings behind the boy.,behind,peripheral,pl,f,5.38,pl,m,5.17,sg,m,5.17,like
the girls behind the boy like the kings.,behind,center_embedding,pl,f,5.38,pl,m,5.17,sg,m,5.17,like
the girls see the kings near the boys.,near,peripheral,pl,f,5.38,pl,m,5.17,pl,m,5.17,see
the girls near the boys see the kings.,near,center_embedding,pl,f,5.38,pl,m,5.17,pl,m,5.17,see
the girls see the kings behind the boys.,behind,peripheral,pl,f,5.38,pl,m,5.17,pl,m,5.17,see
the girls behind the boys see the kings.,behind,center_embedding,pl,f,5.38,pl,m,5.17,pl,m,5.17,see
the girls like the kings near the boys.,near,peripheral,pl,f,5.38,pl,m,5.17,pl,m,5.17,like
the girls near the boys like the kings.,near,center_embedding,pl,f,5.38,pl,m,5.17,pl,m,5.17,like
the girls like the kings behind the boys.,behind,peripheral,pl,f,5.38,pl,m,5.17,pl,m,5.17,like
the girls behind the boys like the kings.,behind,center_embedding,pl,f,5.38,pl,m,5.17,pl,m,5.17,like
the lady sees the woman near the girl.,near,peripheral,sg,f,4.95,sg,f,5.35,sg,f,5.38,see
the lady near the girl sees the woman.,near,center_embedding,sg,f,4.95,sg,f,5.35,sg,f,5.38,see
the lady sees the woman behind the girl.,behind,peripheral,sg,f,4.95,sg,f,5.35,sg,f,5.38,see
the lady behind the girl sees the woman.,behind,center_embedding,sg,f,4.95,sg,f,5.35,sg,f,5.38,see
the lady likes the woman near the girl.,near,peripheral,sg,f,4.95,sg,f,5.35,sg,f,5.38,like
the lady near the girl likes the woman.,near,center_embedding,sg,f,4.95,sg,f,5.35,sg,f,5.38,like
the lady likes the woman behind the girl.,behind,peripheral,sg,f,4.95,sg,f,5.35,sg,f,5.38,like
the lady behind the girl likes the woman.,behind,center_embedding,sg,f,4.95,sg,f,5.35,sg,f,5.38,like
the lady sees the woman near the girls.,near,peripheral,sg,f,4.95,sg,f,5.35,pl,f,5.38,see
the lady near the girls sees the woman.,near,center_embedding,sg,f,4.95,sg,f,5.35,pl,f,5.38,see
the lady sees the woman behind the girls.,behind,peripheral,sg,f,4.95,sg,f,5.35,pl,f,5.38,see
the lady behind the girls sees the woman.,behind,center_embedding,sg,f,4.95,sg,f,5.35,pl,f,5.38,see
the lady likes the woman near the girls.,near,peripheral,sg,f,4.95,sg,f,5.35,pl,f,5.38,like
the lady near the girls likes the woman.,near,center_embedding,sg,f,4.95,sg,f,5.35,pl,f,5.38,like
the lady likes the woman behind the girls.,behind,peripheral,sg,f,4.95,sg,f,5.35,pl,f,5.38,like
the lady behind the girls likes the woman.,behind,center_embedding,sg,f,4.95,sg,f,5.35,pl,f,5.38,like
the lady sees the women near the girl.,near,peripheral,sg,f,4.95,pl,f,5.35,sg,f,5.38,see
the lady near the girl sees the women.,near,center_embedding,sg,f,4.95,pl,f,5.35,sg,f,5.38,see
the lady sees the women behind the girl.,behind,peripheral,sg,f,4.95,pl,f,5.35,sg,f,5.38,see
the lady behind the girl sees the women.,behind,center_embedding,sg,f,4.95,pl,f,5.35,sg,f,5.38,see
the lady likes the women near the girl.,near,peripheral,sg,f,4.95,pl,f,5.35,sg,f,5.38,like
the lady near the girl likes the women.,near,center_embedding,sg,f,4.95,pl,f,5.35,sg,f,5.38,like
the lady likes the women behind the girl.,behind,peripheral,sg,f,4.95,pl,f,5.35,sg,f,5.38,like
the lady behind the girl likes the women.,behind,center_embedding,sg,f,4.95,pl,f,5.35,sg,f,5.38,like
the lady sees the women near the girls.,near,peripheral,sg,f,4.95,pl,f,5.35,pl,f,5.38,see
the lady near the girls sees the women.,near,center_embedding,sg,f,4.95,pl,f,5.35,pl,f,5.38,see
the lady sees the women behind the girls.,behind,peripheral,sg,f,4.95,pl,f,5.35,pl,f,5.38,see
the lady behind the girls sees the women.,behind,center_embedding,sg,f,4.95,pl,f,5.35,pl,f,5.38,see
the lady likes the women near the girls.,near,peripheral,sg,f,4.95,pl,f,5.35,pl,f,5.38,like
the lady near the girls likes the women.,near,center_embedding,sg,f,4.95,pl,f,5.35,pl,f,5.38,like
the lady likes the women behind the girls.,behind,peripheral,sg,f,4.95,pl,f,5.35,pl,f,5.38,like
the lady behind the girls likes the women.,behind,center_embedding,sg,f,4.95,pl,f,5.35,pl,f,5.38,like
the ladies see the woman near the girl.,near,peripheral,pl,f,4.95,sg,f,5.35,sg,f,5.38,see
the ladies near the girl see the woman.,near,center_embedding,pl,f,4.95,sg,f,5.35,sg,f,5.38,see
the ladies see the woman behind the girl.,behind,peripheral,pl,f,4.95,sg,f,5.35,sg,f,5.38,see
the ladies behind the girl see the woman.,behind,center_embedding,pl,f,4.95,sg,f,5.35,sg,f,5.38,see
the ladies like the woman near the girl.,near,peripheral,pl,f,4.95,sg,f,5.35,sg,f,5.38,like
the ladies near the girl like the woman.,near,center_embedding,pl,f,4.95,sg,f,5.35,sg,f,5.38,like
the ladies like the woman behind the girl.,behind,peripheral,pl,f,4.95,sg,f,5.35,sg,f,5.38,like
the ladies behind the girl like the woman.,behind,center_embedding,pl,f,4.95,sg,f,5.35,sg,f,5.38,like
the ladies see the woman near the girls.,near,peripheral,pl,f,4.95,sg,f,5.35,pl,f,5.38,see
the ladies near the girls see the woman.,near,center_embedding,pl,f,4.95,sg,f,5.35,pl,f,5.38,see
the ladies see the woman behind the girls.,behind,peripheral,pl,f,4.95,sg,f,5.35,pl,f,5.38,see
the ladies behind the girls see the woman.,behind,center_embedding,pl,f,4.95,sg,f,5.35,pl,f,5.38,see
the ladies like the woman near the girls.,near,peripheral,pl,f,4.95,sg,f,5.35,pl,f,5.38,like
the ladies near the girls like the woman.,near,center_embedding,pl,f,4.95,sg,f,5.35,pl,f,5.38,like
the ladies like the woman behind the girls.,behind,peripheral,pl,f,4.95,sg,f,5.35,pl,f,5.38,like
the ladies behind the girls like the woman.,behind,center_embedding,pl,f,4.95,sg,f,5.35,pl,f,5.38,like
the ladies see the women near the girl.,near,peripheral,pl,f,4.95,pl,f,5.35,sg,f,5.38,see
the ladies near the girl see the women.,near,center_embedding,pl,f,4.95,pl,f,5.35,sg,f,5.38,see
the ladies see the women behind the girl.,behind,peripheral,pl,f,4.95,pl,f,5.35,sg,f,5.38,see
the ladies behind the girl see the women.,behind,center_embedding,pl,f,4.95,pl,f,5.35,sg,f,5.38,see
the ladies like the women near the girl.,near,peripheral,pl,f,4.95,pl,f,5.35,sg,f,5.38,like
the ladies near the girl like the women.,near,center_embedding,pl,f,4.95,pl,f,5.35,sg,f,5.38,like
the ladies like the women behind the girl.,behind,peripheral,pl,f,4.95,pl,f,5.35,sg,f,5.38,like
the ladies behind the girl like the women.,behind,center_embedding,pl,f,4.95,pl,f,5.35,sg,f,5.38,like
the ladies see the women near the girls.,near,peripheral,pl,f,4.95,pl,f,5.35,pl,f,5.38,see
the ladies near the girls see the women.,near,center_embedding,pl,f,4.95,pl,f,5.35,pl,f,5.38,see
the ladies see the women behind the girls.,behind,peripheral,pl,f,4.95,pl,f,5.35,pl,f,5.38,see
the ladies behind the girls see the women.,behind,center_embedding,pl,f,4.95,pl,f,5.35,pl,f,5.38,see
the ladies like the women near the girls.,near,peripheral,pl,f,4.95,pl,f,5.35,pl,f,5.38,like
the ladies near the girls like the women.,near,center_embedding,pl,f,4.95,pl,f,5.35,pl,f,5.38,like
the ladies like the women behind the girls.,behind,peripheral,pl,f,4.95,pl,f,5.35,pl,f,5.38,like
the ladies behind the girls like the women.,behind,center_embedding,pl,f,4.95,pl,f,5.35,pl,f,5.38,like
the lady sees the woman near the man.,near,peripheral,sg,f,4.95,sg,f,5.35,sg,m,5.82,see
the lady near the man sees the woman.,near,center_embedding,sg,f,4.95,sg,f,5.35,sg,m,5.82,see
the lady sees the woman behind the man.,behind,peripheral,sg,f,4.95,sg,f,5.35,sg,m,5.82,see
the lady behind the man sees the woman.,behind,center_embedding,sg,f,4.95,sg,f,5.35,sg,m,5.82,see
the lady likes the woman near the man.,near,peripheral,sg,f,4.95,sg,f,5.35,sg,m,5.82,like
the lady near the man likes the woman.,near,center_embedding,sg,f,4.95,sg,f,5.35,sg,m,5.82,like
the lady likes the woman behind the man.,behind,peripheral,sg,f,4.95,sg,f,5.35,sg,m,5.82,like
the lady behind the man likes the woman.,behind,center_embedding,sg,f,4.95,sg,f,5.35,sg,m,5.82,like
the lady sees the woman near the men.,near,peripheral,sg,f,4.95,sg,f,5.35,pl,m,5.82,see
the lady near the men sees the woman.,near,center_embedding,sg,f,4.95,sg,f,5.35,pl,m,5.82,see
the lady sees the woman behind the men.,behind,peripheral,sg,f,4.95,sg,f,5.35,pl,m,5.82,see
the lady behind the men sees the woman.,behind,center_embedding,sg,f,4.95,sg,f,5.35,pl,m,5.82,see
the lady likes the woman near the men.,near,peripheral,sg,f,4.95,sg,f,5.35,pl,m,5.82,like
the lady near the men likes the woman.,near,center_embedding,sg,f,4.95,sg,f,5.35,pl,m,5.82,like
the lady likes the woman behind the men.,behind,peripheral,sg,f,4.95,sg,f,5.35,pl,m,5.82,like
the lady behind the men likes the woman.,behind,center_embedding,sg,f,4.95,sg,f,5.35,pl,m,5.82,like
the lady sees the women near the man.,near,peripheral,sg,f,4.95,pl,f,5.35,sg,m,5.82,see
the lady near the man sees the women.,near,center_embedding,sg,f,4.95,pl,f,5.35,sg,m,5.82,see
the lady sees the women behind the man.,behind,peripheral,sg,f,4.95,pl,f,5.35,sg,m,5.82,see
the lady behind the man sees the women.,behind,center_embedding,sg,f,4.95,pl,f,5.35,sg,m,5.82,see
the lady likes the women near the man.,near,peripheral,sg,f,4.95,pl,f,5.35,sg,m,5.82,like
the lady near the man likes the women.,near,center_embedding,sg,f,4.95,pl,f,5.35,sg,m,5.82,like
the lady likes the women behind the man.,behind,peripheral,sg,f,4.95,pl,f,5.35,sg,m,5.82,like
the lady behind the man likes the women.,behind,center_embedding,sg,f,4.95,pl,f,5.35,sg,m,5.82,like
the lady sees the women near the men.,near,peripheral,sg,f,4.95,pl,f,5.35,pl,m,5.82,see
the lady near the men sees the women.,near,center_embedding,sg,f,4.95,pl,f,5.35,pl,m,5.82,see
the lady sees the women behind the men.,behind,peripheral,sg,f,4.95,pl,f,5.35,pl,m,5.82,see
the lady behind the men sees the women.,behind,center_embedding,sg,f,4.95,pl,f,5.35,pl,m,5.82,see
the lady likes the women near the men.,near,peripheral,sg,f,4.95,pl,f,5.35,pl,m,5.82,like
the lady near the men likes the women.,near,center_embedding,sg,f,4.95,pl,f,5.35,pl,m,5.82,like
the lady likes the women behind the men.,behind,peripheral,sg,f,4.95,pl,f,5.35,pl,m,5.82,like
the lady behind the men likes the women.,behind,center_embedding,sg,f,4.95,pl,f,5.35,pl,m,5.82,like
the ladies see the woman near the man.,near,peripheral,pl,f,4.95,sg,f,5.35,sg,m,5.82,see
the ladies near the man see the woman.,near,center_embedding,pl,f,4.95,sg,f,5.35,sg,m,5.82,see
the ladies see the woman behind the man.,behind,peripheral,pl,f,4.95,sg,f,5.35,sg,m,5.82,see
the ladies behind the man see the woman.,behind,center_embedding,pl,f,4.95,sg,f,5.35,sg,m,5.82,see
the ladies like the woman near the man.,near,peripheral,pl,f,4.95,sg,f,5.35,sg,m,5.82,like
the ladies near the man like the woman.,near,center_embedding,pl,f,4.95,sg,f,5.35,sg,m,5.82,like
the ladies like the woman behind the man.,behind,peripheral,pl,f,4.95,sg,f,5.35,sg,m,5.82,like
the ladies behind the man like the woman.,behind,center_embedding,pl,f,4.95,sg,f,5.35,sg,m,5.82,like
the ladies see the woman near the men.,near,peripheral,pl,f,4.95,sg,f,5.35,pl,m,5.82,see
the ladies near the men see the woman.,near,center_embedding,pl,f,4.95,sg,f,5.35,pl,m,5.82,see
the ladies see the woman behind the men.,behind,peripheral,pl,f,4.95,sg,f,5.35,pl,m,5.82,see
the ladies behind the men see the woman.,behind,center_embedding,pl,f,4.95,sg,f,5.35,pl,m,5.82,see
the ladies like the woman near the men.,near,peripheral,pl,f,4.95,sg,f,5.35,pl,m,5.82,like
the ladies near the men like the woman.,near,center_embedding,pl,f,4.95,sg,f,5.35,pl,m,5.82,like
the ladies like the woman behind the men.,behind,peripheral,pl,f,4.95,sg,f,5.35,pl,m,5.82,like
the ladies behind the men like the woman.,behind,center_embedding,pl,f,4.95,sg,f,5.35,pl,m,5.82,like
the ladies see the women near the man.,near,peripheral,pl,f,4.95,pl,f,5.35,sg,m,5.82,see
the ladies near the man see the women.,near,center_embedding,pl,f,4.95,pl,f,5.35,sg,m,5.82,see
the ladies see the women behind the man.,behind,peripheral,pl,f,4.95,pl,f,5.35,sg,m,5.82,see
the ladies behind the man see the women.,behind,center_embedding,pl,f,4.95,pl,f,5.35,sg,m,5.82,see
the ladies like the women near the man.,near,peripheral,pl,f,4.95,pl,f,5.35,sg,m,5.82,like
the ladies near the man like the women.,near,center_embedding,pl,f,4.95,pl,f,5.35,sg,m,5.82,like
the ladies like the women behind the man.,behind,peripheral,pl,f,4.95,pl,f,5.35,sg,m,5.82,like
the ladies behind the man like the women.,behind,center_embedding,pl,f,4.95,pl,f,5.35,sg,m,5.82,like
the ladies see the women near the men.,near,peripheral,pl,f,4.95,pl,f,5.35,pl,m,5.82,see
the ladies near the men see the women.,near,center_embedding,pl,f,4.95,pl,f,5.35,pl,m,5.82,see
the ladies see the women behind the men.,behind,peripheral,pl,f,4.95,pl,f,5.35,pl,m,5.82,see
the ladies behind the men see the women.,behind,center_embedding,pl,f,4.95,pl,f,5.35,pl,m,5.82,see
the ladies like the women near the men.,near,peripheral,pl,f,4.95,pl,f,5.35,pl,m,5.82,like
the ladies near the men like the women.,near,center_embedding,pl,f,4.95,pl,f,5.35,pl,m,5.82,like
the ladies like the women behind the men.,behind,peripheral,pl,f,4.95,pl,f,5.35,pl,m,5.82,like
the ladies behind the men like the women.,behind,center_embedding,pl,f,4.95,pl,f,5.35,pl,m,5.82,like
the lady sees the woman near the boy.,near,peripheral,sg,f,4.95,sg,f,5.35,sg,m,5.17,see
the lady near the boy sees the woman.,near,center_embedding,sg,f,4.95,sg,f,5.35,sg,m,5.17,see
the lady sees the woman behind the boy.,behind,peripheral,sg,f,4.95,sg,f,5.35,sg,m,5.17,see
the lady behind the boy sees the woman.,behind,center_embedding,sg,f,4.95,sg,f,5.35,sg,m,5.17,see
the lady likes the woman near the boy.,near,peripheral,sg,f,4.95,sg,f,5.35,sg,m,5.17,like
the lady near the boy likes the woman.,near,center_embedding,sg,f,4.95,sg,f,5.35,sg,m,5.17,like
the lady likes the woman behind the boy.,behind,peripheral,sg,f,4.95,sg,f,5.35,sg,m,5.17,like
the lady behind the boy likes the woman.,behind,center_embedding,sg,f,4.95,sg,f,5.35,sg,m,5.17,like
the lady sees the woman near the boys.,near,peripheral,sg,f,4.95,sg,f,5.35,pl,m,5.17,see
the lady near the boys sees the woman.,near,center_embedding,sg,f,4.95,sg,f,5.35,pl,m,5.17,see
the lady sees the woman behind the boys.,behind,peripheral,sg,f,4.95,sg,f,5.35,pl,m,5.17,see
the lady behind the boys sees the woman.,behind,center_embedding,sg,f,4.95,sg,f,5.35,pl,m,5.17,see
the lady likes the woman near the boys.,near,peripheral,sg,f,4.95,sg,f,5.35,pl,m,5.17,like
the lady near the boys likes the woman.,near,center_embedding,sg,f,4.95,sg,f,5.35,pl,m,5.17,like
the lady likes the woman behind the boys.,behind,peripheral,sg,f,4.95,sg,f,5.35,pl,m,5.17,like
the lady behind the boys likes the woman.,behind,center_embedding,sg,f,4.95,sg,f,5.35,pl,m,5.17,like
the lady sees the women near the boy.,near,peripheral,sg,f,4.95,pl,f,5.35,sg,m,5.17,see
the lady near the boy sees the women.,near,center_embedding,sg,f,4.95,pl,f,5.35,sg,m,5.17,see
the lady sees the women behind the boy.,behind,peripheral,sg,f,4.95,pl,f,5.35,sg,m,5.17,see
the lady behind the boy sees the women.,behind,center_embedding,sg,f,4.95,pl,f,5.35,sg,m,5.17,see
the lady likes the women near the boy.,near,peripheral,sg,f,4.95,pl,f,5.35,sg,m,5.17,like
the lady near the boy likes the women.,near,center_embedding,sg,f,4.95,pl,f,5.35,sg,m,5.17,like
the lady likes the women behind the boy.,behind,peripheral,sg,f,4.95,pl,f,5.35,sg,m,5.17,like
the lady behind the boy likes the women.,behind,center_embedding,sg,f,4.95,pl,f,5.35,sg,m,5.17,like
the lady sees the women near the boys.,near,peripheral,sg,f,4.95,pl,f,5.35,pl,m,5.17,see
the lady near the boys sees the women.,near,center_embedding,sg,f,4.95,pl,f,5.35,pl,m,5.17,see
the lady sees the women behind the boys.,behind,peripheral,sg,f,4.95,pl,f,5.35,pl,m,5.17,see
the lady behind the boys sees the women.,behind,center_embedding,sg,f,4.95,pl,f,5.35,pl,m,5.17,see
the lady likes the women near the boys.,near,peripheral,sg,f,4.95,pl,f,5.35,pl,m,5.17,like
the lady near the boys likes the women.,near,center_embedding,sg,f,4.95,pl,f,5.35,pl,m,5.17,like
the lady likes the women behind the boys.,behind,peripheral,sg,f,4.95,pl,f,5.35,pl,m,5.17,like
the lady behind the boys likes the women.,behind,center_embedding,sg,f,4.95,pl,f,5.35,pl,m,5.17,like
the ladies see the woman near the boy.,near,peripheral,pl,f,4.95,sg,f,5.35,sg,m,5.17,see
the ladies near the boy see the woman.,near,center_embedding,pl,f,4.95,sg,f,5.35,sg,m,5.17,see
the ladies see the woman behind the boy.,behind,peripheral,pl,f,4.95,sg,f,5.35,sg,m,5.17,see
the ladies behind the boy see the woman.,behind,center_embedding,pl,f,4.95,sg,f,5.35,sg,m,5.17,see
the ladies like the woman near the boy.,near,peripheral,pl,f,4.95,sg,f,5.35,sg,m,5.17,like
the ladies near the boy like the woman.,near,center_embedding,pl,f,4.95,sg,f,5.35,sg,m,5.17,like
the ladies like the woman behind the boy.,behind,peripheral,pl,f,4.95,sg,f,5.35,sg,m,5.17,like
the ladies behind the boy like the woman.,behind,center_embedding,pl,f,4.95,sg,f,5.35,sg,m,5.17,like
the ladies see the woman near the boys.,near,peripheral,pl,f,4.95,sg,f,5.35,pl,m,5.17,see
the ladies near the boys see the woman.,near,center_embedding,pl,f,4.95,sg,f,5.35,pl,m,5.17,see
the ladies see the woman behind the boys.,behind,peripheral,pl,f,4.95,sg,f,5.35,pl,m,5.17,see
the ladies behind the boys see the woman.,behind,center_embedding,pl,f,4.95,sg,f,5.35,pl,m,5.17,see
the ladies like the woman near the boys.,near,peripheral,pl,f,4.95,sg,f,5.35,pl,m,5.17,like
the ladies near the boys like the woman.,near,center_embedding,pl,f,4.95,sg,f,5.35,pl,m,5.17,like
the ladies like the woman behind the boys.,behind,peripheral,pl,f,4.95,sg,f,5.35,pl,m,5.17,like
the ladies behind the boys like the woman.,behind,center_embedding,pl,f,4.95,sg,f,5.35,pl,m,5.17,like
the ladies see the women near the boy.,near,peripheral,pl,f,4.95,pl,f,5.35,sg,m,5.17,see
the ladies near the boy see the women.,near,center_embedding,pl,f,4.95,pl,f,5.35,sg,m,5.17,see
the ladies see the women behind the boy.,behind,peripheral,pl,f,4.95,pl,f,5.35,sg,m,5.17,see
the ladies behind the boy see the women.,behind,center_embedding,pl,f,4.95,pl,f,5.35,sg,m,5.17,see
the ladies like the women near the boy.,near,peripheral,pl,f,4.95,pl,f,5.35,sg,m,5.17,like
the ladies near the boy like the women.,near,center_embedding,pl,f,4.95,pl,f,5.35,sg,m,5.17,like
the ladies like the women behind the boy.,behind,peripheral,pl,f,4.95,pl,f,5.35,sg,m,5.17,like
the ladies behind the boy like the women.,behind,center_embedding,pl,f,4.95,pl,f,5.35,sg,m,5.17,like
the ladies see the women near the boys.,near,peripheral,pl,f,4.95,pl,f,5.35,pl,m,5.17,see
the ladies near the boys see the women.,near,center_embedding,pl,f,4.95,pl,f,5.35,pl,m,5.17,see
the ladies see the women behind the boys.,behind,peripheral,pl,f,4.95,pl,f,5.35,pl,m,5.17,see
the ladies behind the boys see the women.,behind,center_embedding,pl,f,4.95,pl,f,5.35,pl,m,5.17,see
the ladies like the women near the boys.,near,peripheral,pl,f,4.95,pl,f,5.35,pl,m,5.17,like
the ladies near the boys like the women.,near,center_embedding,pl,f,4.95,pl,f,5.35,pl,m,5.17,like
the ladies like the women behind the boys.,behind,peripheral,pl,f,4.95,pl,f,5.35,pl,m,5.17,like
the ladies behind the boys like the women.,behind,center_embedding,pl,f,4.95,pl,f,5.35,pl,m,5.17,like
the lady sees the woman near the king.,near,peripheral,sg,f,4.95,sg,f,5.35,sg,m,5.17,see
the lady near the king sees the woman.,near,center_embedding,sg,f,4.95,sg,f,5.35,sg,m,5.17,see
the lady sees the woman behind the king.,behind,peripheral,sg,f,4.95,sg,f,5.35,sg,m,5.17,see
the lady behind the king sees the woman.,behind,center_embedding,sg,f,4.95,sg,f,5.35,sg,m,5.17,see
the lady likes the woman near the king.,near,peripheral,sg,f,4.95,sg,f,5.35,sg,m,5.17,like
the lady near the king likes the woman.,near,center_embedding,sg,f,4.95,sg,f,5.35,sg,m,5.17,like
the lady likes the woman behind the king.,behind,peripheral,sg,f,4.95,sg,f,5.35,sg,m,5.17,like
the lady behind the king likes the woman.,behind,center_embedding,sg,f,4.95,sg,f,5.35,sg,m,5.17,like
the lady sees the woman near the kings.,near,peripheral,sg,f,4.95,sg,f,5.35,pl,m,5.17,see
the lady near the kings sees the woman.,near,center_embedding,sg,f,4.95,sg,f,5.35,pl,m,5.17,see
the lady sees the woman behind the kings.,behind,peripheral,sg,f,4.95,sg,f,5.35,pl,m,5.17,see
the lady behind the kings sees the woman.,behind,center_embedding,sg,f,4.95,sg,f,5.35,pl,m,5.17,see
the lady likes the woman near the kings.,near,peripheral,sg,f,4.95,sg,f,5.35,pl,m,5.17,like
the lady near the kings likes the woman.,near,center_embedding,sg,f,4.95,sg,f,5.35,pl,m,5.17,like
the lady likes the woman behind the kings.,behind,peripheral,sg,f,4.95,sg,f,5.35,pl,m,5.17,like
the lady behind the kings likes the woman.,behind,center_embedding,sg,f,4.95,sg,f,5.35,pl,m,5.17,like
the lady sees the women near the king.,near,peripheral,sg,f,4.95,pl,f,5.35,sg,m,5.17,see
the lady near the king sees the women.,near,center_embedding,sg,f,4.95,pl,f,5.35,sg,m,5.17,see
the lady sees the women behind the king.,behind,peripheral,sg,f,4.95,pl,f,5.35,sg,m,5.17,see
the lady behind the king sees the women.,behind,center_embedding,sg,f,4.95,pl,f,5.35,sg,m,5.17,see
the lady likes the women near the king.,near,peripheral,sg,f,4.95,pl,f,5.35,sg,m,5.17,like
the lady near the king likes the women.,near,center_embedding,sg,f,4.95,pl,f,5.35,sg,m,5.17,like
the lady likes the women behind the king.,behind,peripheral,sg,f,4.95,pl,f,5.35,sg,m,5.17,like
the lady behind the king likes the women.,behind,center_embedding,sg,f,4.95,pl,f,5.35,sg,m,5.17,like
the lady sees the women near the kings.,near,peripheral,sg,f,4.95,pl,f,5.35,pl,m,5.17,see
the lady near the kings sees the women.,near,center_embedding,sg,f,4.95,pl,f,5.35,pl,m,5.17,see
the lady sees the women behind the kings.,behind,peripheral,sg,f,4.95,pl,f,5.35,pl,m,5.17,see
the lady behind the kings sees the women.,behind,center_embedding,sg,f,4.95,pl,f,5.35,pl,m,5.17,see
the lady likes the women near the kings.,near,peripheral,sg,f,4.95,pl,f,5.35,pl,m,5.17,like
the lady near the kings likes the women.,near,center_embedding,sg,f,4.95,pl,f,5.35,pl,m,5.17,like
the lady likes the women behind the kings.,behind,peripheral,sg,f,4.95,pl,f,5.35,pl,m,5.17,like
the lady behind the kings likes the women.,behind,center_embedding,sg,f,4.95,pl,f,5.35,pl,m,5.17,like
the ladies see the woman near the king.,near,peripheral,pl,f,4.95,sg,f,5.35,sg,m,5.17,see
the ladies near the king see the woman.,near,center_embedding,pl,f,4.95,sg,f,5.35,sg,m,5.17,see
the ladies see the woman behind the king.,behind,peripheral,pl,f,4.95,sg,f,5.35,sg,m,5.17,see
the ladies behind the king see the woman.,behind,center_embedding,pl,f,4.95,sg,f,5.35,sg,m,5.17,see
the ladies like the woman near the king.,near,peripheral,pl,f,4.95,sg,f,5.35,sg,m,5.17,like
the ladies near the king like the woman.,near,center_embedding,pl,f,4.95,sg,f,5.35,sg,m,5.17,like
the ladies like the woman behind the king.,behind,peripheral,pl,f,4.95,sg,f,5.35,sg,m,5.17,like
the ladies behind the king like the woman.,behind,center_embedding,pl,f,4.95,sg,f,5.35,sg,m,5.17,like
the ladies see the woman near the kings.,near,peripheral,pl,f,4.95,sg,f,5.35,pl,m,5.17,see
the ladies near the kings see the woman.,near,center_embedding,pl,f,4.95,sg,f,5.35,pl,m,5.17,see
the ladies see the woman behind the kings.,behind,peripheral,pl,f,4.95,sg,f,5.35,pl,m,5.17,see
the ladies behind the kings see the woman.,behind,center_embedding,pl,f,4.95,sg,f,5.35,pl,m,5.17,see
the ladies like the woman near the kings.,near,peripheral,pl,f,4.95,sg,f,5.35,pl,m,5.17,like
the ladies near the kings like the woman.,near,center_embedding,pl,f,4.95,sg,f,5.35,pl,m,5.17,like
the ladies like the woman behind the kings.,behind,peripheral,pl,f,4.95,sg,f,5.35,pl,m,5.17,like
the ladies behind the kings like the woman.,behind,center_embedding,pl,f,4.95,sg,f,5.35,pl,m,5.17,like
the ladies see the women near the king.,near,peripheral,pl,f,4.95,pl,f,5.35,sg,m,5.17,see
the ladies near the king see the women.,near,center_embedding,pl,f,4.95,pl,f,5.35,sg,m,5.17,see
the ladies see the women behind the king.,behind,peripheral,pl,f,4.95,pl,f,5.35,sg,m,5.17,see
the ladies behind the king see the women.,behind,center_embedding,pl,f,4.95,pl,f,5.35,sg,m,5.17,see
the ladies like the women near the king.,near,peripheral,pl,f,4.95,pl,f,5.35,sg,m,5.17,like
the ladies near the king like the women.,near,center_embedding,pl,f,4.95,pl,f,5.35,sg,m,5.17,like
the ladies like the women behind the king.,behind,peripheral,pl,f,4.95,pl,f,5.35,sg,m,5.17,like
the ladies behind the king like the women.,behind,center_embedding,pl,f,4.95,pl,f,5.35,sg,m,5.17,like
the ladies see the women near the kings.,near,peripheral,pl,f,4.95,pl,f,5.35,pl,m,5.17,see
the ladies near the kings see the women.,near,center_embedding,pl,f,4.95,pl,f,5.35,pl,m,5.17,see
the ladies see the women behind the kings.,behind,peripheral,pl,f,4.95,pl,f,5.35,pl,m,5.17,see
the ladies behind the kings see the women.,behind,center_embedding,pl,f,4.95,pl,f,5.35,pl,m,5.17,see
the ladies like the women near the kings.,near,peripheral,pl,f,4.95,pl,f,5.35,pl,m,5.17,like
the ladies near the kings like the women.,near,center_embedding,pl,f,4.95,pl,f,5.35,pl,m,5.17,like
the ladies like the women behind the kings.,behind,peripheral,pl,f,4.95,pl,f,5.35,pl,m,5.17,like
the ladies behind the kings like the women.,behind,center_embedding,pl,f,4.95,pl,f,5.35,pl,m,5.17,like
the lady sees the girl near the woman.,near,peripheral,sg,f,4.95,sg,f,5.38,sg,f,5.35,see
the lady near the woman sees the girl.,near,center_embedding,sg,f,4.95,sg,f,5.38,sg,f,5.35,see
the lady sees the girl behind the woman.,behind,peripheral,sg,f,4.95,sg,f,5.38,sg,f,5.35,see
the lady behind the woman sees the girl.,behind,center_embedding,sg,f,4.95,sg,f,5.38,sg,f,5.35,see
the lady likes the girl near the woman.,near,peripheral,sg,f,4.95,sg,f,5.38,sg,f,5.35,like
the lady near the woman likes the girl.,near,center_embedding,sg,f,4.95,sg,f,5.38,sg,f,5.35,like
the lady likes the girl behind the woman.,behind,peripheral,sg,f,4.95,sg,f,5.38,sg,f,5.35,like
the lady behind the woman likes the girl.,behind,center_embedding,sg,f,4.95,sg,f,5.38,sg,f,5.35,like
the lady sees the girl near the women.,near,peripheral,sg,f,4.95,sg,f,5.38,pl,f,5.35,see
the lady near the women sees the girl.,near,center_embedding,sg,f,4.95,sg,f,5.38,pl,f,5.35,see
the lady sees the girl behind the women.,behind,peripheral,sg,f,4.95,sg,f,5.38,pl,f,5.35,see
the lady behind the women sees the girl.,behind,center_embedding,sg,f,4.95,sg,f,5.38,pl,f,5.35,see
the lady likes the girl near the women.,near,peripheral,sg,f,4.95,sg,f,5.38,pl,f,5.35,like
the lady near the women likes the girl.,near,center_embedding,sg,f,4.95,sg,f,5.38,pl,f,5.35,like
the lady likes the girl behind the women.,behind,peripheral,sg,f,4.95,sg,f,5.38,pl,f,5.35,like
the lady behind the women likes the girl.,behind,center_embedding,sg,f,4.95,sg,f,5.38,pl,f,5.35,like
the lady sees the girls near the woman.,near,peripheral,sg,f,4.95,pl,f,5.38,sg,f,5.35,see
the lady near the woman sees the girls.,near,center_embedding,sg,f,4.95,pl,f,5.38,sg,f,5.35,see
the lady sees the girls behind the woman.,behind,peripheral,sg,f,4.95,pl,f,5.38,sg,f,5.35,see
the lady behind the woman sees the girls.,behind,center_embedding,sg,f,4.95,pl,f,5.38,sg,f,5.35,see
the lady likes the girls near the woman.,near,peripheral,sg,f,4.95,pl,f,5.38,sg,f,5.35,like
the lady near the woman likes the girls.,near,center_embedding,sg,f,4.95,pl,f,5.38,sg,f,5.35,like
the lady likes the girls behind the woman.,behind,peripheral,sg,f,4.95,pl,f,5.38,sg,f,5.35,like
the lady behind the woman likes the girls.,behind,center_embedding,sg,f,4.95,pl,f,5.38,sg,f,5.35,like
the lady sees the girls near the women.,near,peripheral,sg,f,4.95,pl,f,5.38,pl,f,5.35,see
the lady near the women sees the girls.,near,center_embedding,sg,f,4.95,pl,f,5.38,pl,f,5.35,see
the lady sees the girls behind the women.,behind,peripheral,sg,f,4.95,pl,f,5.38,pl,f,5.35,see
the lady behind the women sees the girls.,behind,center_embedding,sg,f,4.95,pl,f,5.38,pl,f,5.35,see
the lady likes the girls near the women.,near,peripheral,sg,f,4.95,pl,f,5.38,pl,f,5.35,like
the lady near the women likes the girls.,near,center_embedding,sg,f,4.95,pl,f,5.38,pl,f,5.35,like
the lady likes the girls behind the women.,behind,peripheral,sg,f,4.95,pl,f,5.38,pl,f,5.35,like
the lady behind the women likes the girls.,behind,center_embedding,sg,f,4.95,pl,f,5.38,pl,f,5.35,like
the ladies see the girl near the woman.,near,peripheral,pl,f,4.95,sg,f,5.38,sg,f,5.35,see
the ladies near the woman see the girl.,near,center_embedding,pl,f,4.95,sg,f,5.38,sg,f,5.35,see
the ladies see the girl behind the woman.,behind,peripheral,pl,f,4.95,sg,f,5.38,sg,f,5.35,see
the ladies behind the woman see the girl.,behind,center_embedding,pl,f,4.95,sg,f,5.38,sg,f,5.35,see
the ladies like the girl near the woman.,near,peripheral,pl,f,4.95,sg,f,5.38,sg,f,5.35,like
the ladies near the woman like the girl.,near,center_embedding,pl,f,4.95,sg,f,5.38,sg,f,5.35,like
the ladies like the girl behind the woman.,behind,peripheral,pl,f,4.95,sg,f,5.38,sg,f,5.35,like
the ladies behind the woman like the girl.,behind,center_embedding,pl,f,4.95,sg,f,5.38,sg,f,5.35,like
the ladies see the girl near the women.,near,peripheral,pl,f,4.95,sg,f,5.38,pl,f,5.35,see
the ladies near the women see the girl.,near,center_embedding,pl,f,4.95,sg,f,5.38,pl,f,5.35,see
the ladies see the girl behind the women.,behind,peripheral,pl,f,4.95,sg,f,5.38,pl,f,5.35,see
the ladies behind the women see the girl.,behind,center_embedding,pl,f,4.95,sg,f,5.38,pl,f,5.35,see
the ladies like the girl near the women.,near,peripheral,pl,f,4.95,sg,f,5.38,pl,f,5.35,like
the ladies near the women like the girl.,near,center_embedding,pl,f,4.95,sg,f,5.38,pl,f,5.35,like
the ladies like the girl behind the women.,behind,peripheral,pl,f,4.95,sg,f,5.38,pl,f,5.35,like
the ladies behind the women like the girl.,behind,center_embedding,pl,f,4.95,sg,f,5.38,pl,f,5.35,like
the ladies see the girls near the woman.,near,peripheral,pl,f,4.95,pl,f,5.38,sg,f,5.35,see
the ladies near the woman see the girls.,near,center_embedding,pl,f,4.95,pl,f,5.38,sg,f,5.35,see
the ladies see the girls behind the woman.,behind,peripheral,pl,f,4.95,pl,f,5.38,sg,f,5.35,see
the ladies behind the woman see the girls.,behind,center_embedding,pl,f,4.95,pl,f,5.38,sg,f,5.35,see
the ladies like the girls near the woman.,near,peripheral,pl,f,4.95,pl,f,5.38,sg,f,5.35,like
the ladies near the woman like the girls.,near,center_embedding,pl,f,4.95,pl,f,5.38,sg,f,5.35,like
the ladies like the girls behind the woman.,behind,peripheral,pl,f,4.95,pl,f,5.38,sg,f,5.35,like
the ladies behind the woman like the girls.,behind,center_embedding,pl,f,4.95,pl,f,5.38,sg,f,5.35,like
the ladies see the girls near the women.,near,peripheral,pl,f,4.95,pl,f,5.38,pl,f,5.35,see
the ladies near the women see the girls.,near,center_embedding,pl,f,4.95,pl,f,5.38,pl,f,5.35,see
the ladies see the girls behind the women.,behind,peripheral,pl,f,4.95,pl,f,5.38,pl,f,5.35,see
the ladies behind the women see the girls.,behind,center_embedding,pl,f,4.95,pl,f,5.38,pl,f,5.35,see
the ladies like the girls near the women.,near,peripheral,pl,f,4.95,pl,f,5.38,pl,f,5.35,like
the ladies near the women like the girls.,near,center_embedding,pl,f,4.95,pl,f,5.38,pl,f,5.35,like
the ladies like the girls behind the women.,behind,peripheral,pl,f,4.95,pl,f,5.38,pl,f,5.35,like
the ladies behind the women like the girls.,behind,center_embedding,pl,f,4.95,pl,f,5.38,pl,f,5.35,like
the lady sees the girl near the man.,near,peripheral,sg,f,4.95,sg,f,5.38,sg,m,5.82,see
the lady near the man sees the girl.,near,center_embedding,sg,f,4.95,sg,f,5.38,sg,m,5.82,see
the lady sees the girl behind the man.,behind,peripheral,sg,f,4.95,sg,f,5.38,sg,m,5.82,see
the lady behind the man sees the girl.,behind,center_embedding,sg,f,4.95,sg,f,5.38,sg,m,5.82,see
the lady likes the girl near the man.,near,peripheral,sg,f,4.95,sg,f,5.38,sg,m,5.82,like
the lady near the man likes the girl.,near,center_embedding,sg,f,4.95,sg,f,5.38,sg,m,5.82,like
the lady likes the girl behind the man.,behind,peripheral,sg,f,4.95,sg,f,5.38,sg,m,5.82,like
the lady behind the man likes the girl.,behind,center_embedding,sg,f,4.95,sg,f,5.38,sg,m,5.82,like
the lady sees the girl near the men.,near,peripheral,sg,f,4.95,sg,f,5.38,pl,m,5.82,see
the lady near the men sees the girl.,near,center_embedding,sg,f,4.95,sg,f,5.38,pl,m,5.82,see
the lady sees the girl behind the men.,behind,peripheral,sg,f,4.95,sg,f,5.38,pl,m,5.82,see
the lady behind the men sees the girl.,behind,center_embedding,sg,f,4.95,sg,f,5.38,pl,m,5.82,see
the lady likes the girl near the men.,near,peripheral,sg,f,4.95,sg,f,5.38,pl,m,5.82,like
the lady near the men likes the girl.,near,center_embedding,sg,f,4.95,sg,f,5.38,pl,m,5.82,like
the lady likes the girl behind the men.,behind,peripheral,sg,f,4.95,sg,f,5.38,pl,m,5.82,like
the lady behind the men likes the girl.,behind,center_embedding,sg,f,4.95,sg,f,5.38,pl,m,5.82,like
the lady sees the girls near the man.,near,peripheral,sg,f,4.95,pl,f,5.38,sg,m,5.82,see
the lady near the man sees the girls.,near,center_embedding,sg,f,4.95,pl,f,5.38,sg,m,5.82,see
the lady sees the girls behind the man.,behind,peripheral,sg,f,4.95,pl,f,5.38,sg,m,5.82,see
the lady behind the man sees the girls.,behind,center_embedding,sg,f,4.95,pl,f,5.38,sg,m,5.82,see
the lady likes the girls near the man.,near,peripheral,sg,f,4.95,pl,f,5.38,sg,m,5.82,like
the lady near the man likes the girls.,near,center_embedding,sg,f,4.95,pl,f,5.38,sg,m,5.82,like
the lady likes the girls behind the man.,behind,peripheral,sg,f,4.95,pl,f,5.38,sg,m,5.82,like
the lady behind the man likes the girls.,behind,center_embedding,sg,f,4.95,pl,f,5.38,sg,m,5.82,like
the lady sees the girls near the men.,near,peripheral,sg,f,4.95,pl,f,5.38,pl,m,5.82,see
the lady near the men sees the girls.,near,center_embedding,sg,f,4.95,pl,f,5.38,pl,m,5.82,see
the lady sees the girls behind the men.,behind,peripheral,sg,f,4.95,pl,f,5.38,pl,m,5.82,see
the lady behind the men sees the girls.,behind,center_embedding,sg,f,4.95,pl,f,5.38,pl,m,5.82,see
the lady likes the girls near the men.,near,peripheral,sg,f,4.95,pl,f,5.38,pl,m,5.82,like
the lady near the men likes the girls.,near,center_embedding,sg,f,4.95,pl,f,5.38,pl,m,5.82,like
the lady likes the girls behind the men.,behind,peripheral,sg,f,4.95,pl,f,5.38,pl,m,5.82,like
the lady behind the men likes the girls.,behind,center_embedding,sg,f,4.95,pl,f,5.38,pl,m,5.82,like
the ladies see the girl near the man.,near,peripheral,pl,f,4.95,sg,f,5.38,sg,m,5.82,see
the ladies near the man see the girl.,near,center_embedding,pl,f,4.95,sg,f,5.38,sg,m,5.82,see
the ladies see the girl behind the man.,behind,peripheral,pl,f,4.95,sg,f,5.38,sg,m,5.82,see
the ladies behind the man see the girl.,behind,center_embedding,pl,f,4.95,sg,f,5.38,sg,m,5.82,see
the ladies like the girl near the man.,near,peripheral,pl,f,4.95,sg,f,5.38,sg,m,5.82,like
the ladies near the man like the girl.,near,center_embedding,pl,f,4.95,sg,f,5.38,sg,m,5.82,like
the ladies like the girl behind the man.,behind,peripheral,pl,f,4.95,sg,f,5.38,sg,m,5.82,like
the ladies behind the man like the girl.,behind,center_embedding,pl,f,4.95,sg,f,5.38,sg,m,5.82,like
the ladies see the girl near the men.,near,peripheral,pl,f,4.95,sg,f,5.38,pl,m,5.82,see
the ladies near the men see the girl.,near,center_embedding,pl,f,4.95,sg,f,5.38,pl,m,5.82,see
the ladies see the girl behind the men.,behind,peripheral,pl,f,4.95,sg,f,5.38,pl,m,5.82,see
the ladies behind the men see the girl.,behind,center_embedding,pl,f,4.95,sg,f,5.38,pl,m,5.82,see
the ladies like the girl near the men.,near,peripheral,pl,f,4.95,sg,f,5.38,pl,m,5.82,like
the ladies near the men like the girl.,near,center_embedding,pl,f,4.95,sg,f,5.38,pl,m,5.82,like
the ladies like the girl behind the men.,behind,peripheral,pl,f,4.95,sg,f,5.38,pl,m,5.82,like
the ladies behind the men like the girl.,behind,center_embedding,pl,f,4.95,sg,f,5.38,pl,m,5.82,like
the ladies see the girls near the man.,near,peripheral,pl,f,4.95,pl,f,5.38,sg,m,5.82,see
the ladies near the man see the girls.,near,center_embedding,pl,f,4.95,pl,f,5.38,sg,m,5.82,see
the ladies see the girls behind the man.,behind,peripheral,pl,f,4.95,pl,f,5.38,sg,m,5.82,see
the ladies behind the man see the girls.,behind,center_embedding,pl,f,4.95,pl,f,5.38,sg,m,5.82,see
the ladies like the girls near the man.,near,peripheral,pl,f,4.95,pl,f,5.38,sg,m,5.82,like
the ladies near the man like the girls.,near,center_embedding,pl,f,4.95,pl,f,5.38,sg,m,5.82,like
the ladies like the girls behind the man.,behind,peripheral,pl,f,4.95,pl,f,5.38,sg,m,5.82,like
the ladies behind the man like the girls.,behind,center_embedding,pl,f,4.95,pl,f,5.38,sg,m,5.82,like
the ladies see the girls near the men.,near,peripheral,pl,f,4.95,pl,f,5.38,pl,m,5.82,see
the ladies near the men see the girls.,near,center_embedding,pl,f,4.95,pl,f,5.38,pl,m,5.82,see
the ladies see the girls behind the men.,behind,peripheral,pl,f,4.95,pl,f,5.38,pl,m,5.82,see
the ladies behind the men see the girls.,behind,center_embedding,pl,f,4.95,pl,f,5.38,pl,m,5.82,see
the ladies like the girls near the men.,near,peripheral,pl,f,4.95,pl,f,5.38,pl,m,5.82,like
the ladies near the men like the girls.,near,center_embedding,pl,f,4.95,pl,f,5.38,pl,m,5.82,like
the ladies like the girls behind the men.,behind,peripheral,pl,f,4.95,pl,f,5.38,pl,m,5.82,like
the ladies behind the men like the girls.,behind,center_embedding,pl,f,4.95,pl,f,5.38,pl,m,5.82,like
the lady sees the girl near the boy.,near,peripheral,sg,f,4.95,sg,f,5.38,sg,m,5.17,see
the lady near the boy sees the girl.,near,center_embedding,sg,f,4.95,sg,f,5.38,sg,m,5.17,see
the lady sees the girl behind the boy.,behind,peripheral,sg,f,4.95,sg,f,5.38,sg,m,5.17,see
the lady behind the boy sees the girl.,behind,center_embedding,sg,f,4.95,sg,f,5.38,sg,m,5.17,see
the lady likes the girl near the boy.,near,peripheral,sg,f,4.95,sg,f,5.38,sg,m,5.17,like
the lady near the boy likes the girl.,near,center_embedding,sg,f,4.95,sg,f,5.38,sg,m,5.17,like
the lady likes the girl behind the boy.,behind,peripheral,sg,f,4.95,sg,f,5.38,sg,m,5.17,like
the lady behind the boy likes the girl.,behind,center_embedding,sg,f,4.95,sg,f,5.38,sg,m,5.17,like
the lady sees the girl near the boys.,near,peripheral,sg,f,4.95,sg,f,5.38,pl,m,5.17,see
the lady near the boys sees the girl.,near,center_embedding,sg,f,4.95,sg,f,5.38,pl,m,5.17,see
the lady sees the girl behind the boys.,behind,peripheral,sg,f,4.95,sg,f,5.38,pl,m,5.17,see
the lady behind the boys sees the girl.,behind,center_embedding,sg,f,4.95,sg,f,5.38,pl,m,5.17,see
the lady likes the girl near the boys.,near,peripheral,sg,f,4.95,sg,f,5.38,pl,m,5.17,like
the lady near the boys likes the girl.,near,center_embedding,sg,f,4.95,sg,f,5.38,pl,m,5.17,like
the lady likes the girl behind the boys.,behind,peripheral,sg,f,4.95,sg,f,5.38,pl,m,5.17,like
the lady behind the boys likes the girl.,behind,center_embedding,sg,f,4.95,sg,f,5.38,pl,m,5.17,like
the lady sees the girls near the boy.,near,peripheral,sg,f,4.95,pl,f,5.38,sg,m,5.17,see
the lady near the boy sees the girls.,near,center_embedding,sg,f,4.95,pl,f,5.38,sg,m,5.17,see
the lady sees the girls behind the boy.,behind,peripheral,sg,f,4.95,pl,f,5.38,sg,m,5.17,see
the lady behind the boy sees the girls.,behind,center_embedding,sg,f,4.95,pl,f,5.38,sg,m,5.17,see
the lady likes the girls near the boy.,near,peripheral,sg,f,4.95,pl,f,5.38,sg,m,5.17,like
the lady near the boy likes the girls.,near,center_embedding,sg,f,4.95,pl,f,5.38,sg,m,5.17,like
the lady likes the girls behind the boy.,behind,peripheral,sg,f,4.95,pl,f,5.38,sg,m,5.17,like
the lady behind the boy likes the girls.,behind,center_embedding,sg,f,4.95,pl,f,5.38,sg,m,5.17,like
the lady sees the girls near the boys.,near,peripheral,sg,f,4.95,pl,f,5.38,pl,m,5.17,see
the lady near the boys sees the girls.,near,center_embedding,sg,f,4.95,pl,f,5.38,pl,m,5.17,see
the lady sees the girls behind the boys.,behind,peripheral,sg,f,4.95,pl,f,5.38,pl,m,5.17,see
the lady behind the boys sees the girls.,behind,center_embedding,sg,f,4.95,pl,f,5.38,pl,m,5.17,see
the lady likes the girls near the boys.,near,peripheral,sg,f,4.95,pl,f,5.38,pl,m,5.17,like
the lady near the boys likes the girls.,near,center_embedding,sg,f,4.95,pl,f,5.38,pl,m,5.17,like
the lady likes the girls behind the boys.,behind,peripheral,sg,f,4.95,pl,f,5.38,pl,m,5.17,like
the lady behind the boys likes the girls.,behind,center_embedding,sg,f,4.95,pl,f,5.38,pl,m,5.17,like
the ladies see the girl near the boy.,near,peripheral,pl,f,4.95,sg,f,5.38,sg,m,5.17,see
the ladies near the boy see the girl.,near,center_embedding,pl,f,4.95,sg,f,5.38,sg,m,5.17,see
the ladies see the girl behind the boy.,behind,peripheral,pl,f,4.95,sg,f,5.38,sg,m,5.17,see
the ladies behind the boy see the girl.,behind,center_embedding,pl,f,4.95,sg,f,5.38,sg,m,5.17,see
the ladies like the girl near the boy.,near,peripheral,pl,f,4.95,sg,f,5.38,sg,m,5.17,like
the ladies near the boy like the girl.,near,center_embedding,pl,f,4.95,sg,f,5.38,sg,m,5.17,like
the ladies like the girl behind the boy.,behind,peripheral,pl,f,4.95,sg,f,5.38,sg,m,5.17,like
the ladies behind the boy like the girl.,behind,center_embedding,pl,f,4.95,sg,f,5.38,sg,m,5.17,like
the ladies see the girl near the boys.,near,peripheral,pl,f,4.95,sg,f,5.38,pl,m,5.17,see
the ladies near the boys see the girl.,near,center_embedding,pl,f,4.95,sg,f,5.38,pl,m,5.17,see
the ladies see the girl behind the boys.,behind,peripheral,pl,f,4.95,sg,f,5.38,pl,m,5.17,see
the ladies behind the boys see the girl.,behind,center_embedding,pl,f,4.95,sg,f,5.38,pl,m,5.17,see
the ladies like the girl near the boys.,near,peripheral,pl,f,4.95,sg,f,5.38,pl,m,5.17,like
the ladies near the boys like the girl.,near,center_embedding,pl,f,4.95,sg,f,5.38,pl,m,5.17,like
the ladies like the girl behind the boys.,behind,peripheral,pl,f,4.95,sg,f,5.38,pl,m,5.17,like
the ladies behind the boys like the girl.,behind,center_embedding,pl,f,4.95,sg,f,5.38,pl,m,5.17,like
the ladies see the girls near the boy.,near,peripheral,pl,f,4.95,pl,f,5.38,sg,m,5.17,see
the ladies near the boy see the girls.,near,center_embedding,pl,f,4.95,pl,f,5.38,sg,m,5.17,see
the ladies see the girls behind the boy.,behind,peripheral,pl,f,4.95,pl,f,5.38,sg,m,5.17,see
the ladies behind the boy see the girls.,behind,center_embedding,pl,f,4.95,pl,f,5.38,sg,m,5.17,see
the ladies like the girls near the boy.,near,peripheral,pl,f,4.95,pl,f,5.38,sg,m,5.17,like
the ladies near the boy like the girls.,near,center_embedding,pl,f,4.95,pl,f,5.38,sg,m,5.17,like
the ladies like the girls behind the boy.,behind,peripheral,pl,f,4.95,pl,f,5.38,sg,m,5.17,like
the ladies behind the boy like the girls.,behind,center_embedding,pl,f,4.95,pl,f,5.38,sg,m,5.17,like
the ladies see the girls near the boys.,near,peripheral,pl,f,4.95,pl,f,5.38,pl,m,5.17,see
the ladies near the boys see the girls.,near,center_embedding,pl,f,4.95,pl,f,5.38,pl,m,5.17,see
the ladies see the girls behind the boys.,behind,peripheral,pl,f,4.95,pl,f,5.38,pl,m,5.17,see
the ladies behind the boys see the girls.,behind,center_embedding,pl,f,4.95,pl,f,5.38,pl,m,5.17,see
the ladies like the girls near the boys.,near,peripheral,pl,f,4.95,pl,f,5.38,pl,m,5.17,like
the ladies near the boys like the girls.,near,center_embedding,pl,f,4.95,pl,f,5.38,pl,m,5.17,like
the ladies like the girls behind the boys.,behind,peripheral,pl,f,4.95,pl,f,5.38,pl,m,5.17,like
the ladies behind the boys like the girls.,behind,center_embedding,pl,f,4.95,pl,f,5.38,pl,m,5.17,like
the lady sees the girl near the king.,near,peripheral,sg,f,4.95,sg,f,5.38,sg,m,5.17,see
the lady near the king sees the girl.,near,center_embedding,sg,f,4.95,sg,f,5.38,sg,m,5.17,see
the lady sees the girl behind the king.,behind,peripheral,sg,f,4.95,sg,f,5.38,sg,m,5.17,see
the lady behind the king sees the girl.,behind,center_embedding,sg,f,4.95,sg,f,5.38,sg,m,5.17,see
the lady likes the girl near the king.,near,peripheral,sg,f,4.95,sg,f,5.38,sg,m,5.17,like
the lady near the king likes the girl.,near,center_embedding,sg,f,4.95,sg,f,5.38,sg,m,5.17,like
the lady likes the girl behind the king.,behind,peripheral,sg,f,4.95,sg,f,5.38,sg,m,5.17,like
the lady behind the king likes the girl.,behind,center_embedding,sg,f,4.95,sg,f,5.38,sg,m,5.17,like
the lady sees the girl near the kings.,near,peripheral,sg,f,4.95,sg,f,5.38,pl,m,5.17,see
the lady near the kings sees the girl.,near,center_embedding,sg,f,4.95,sg,f,5.38,pl,m,5.17,see
the lady sees the girl behind the kings.,behind,peripheral,sg,f,4.95,sg,f,5.38,pl,m,5.17,see
the lady behind the kings sees the girl.,behind,center_embedding,sg,f,4.95,sg,f,5.38,pl,m,5.17,see
the lady likes the girl near the kings.,near,peripheral,sg,f,4.95,sg,f,5.38,pl,m,5.17,like
the lady near the kings likes the girl.,near,center_embedding,sg,f,4.95,sg,f,5.38,pl,m,5.17,like
the lady likes the girl behind the kings.,behind,peripheral,sg,f,4.95,sg,f,5.38,pl,m,5.17,like
the lady behind the kings likes the girl.,behind,center_embedding,sg,f,4.95,sg,f,5.38,pl,m,5.17,like
the lady sees the girls near the king.,near,peripheral,sg,f,4.95,pl,f,5.38,sg,m,5.17,see
the lady near the king sees the girls.,near,center_embedding,sg,f,4.95,pl,f,5.38,sg,m,5.17,see
the lady sees the girls behind the king.,behind,peripheral,sg,f,4.95,pl,f,5.38,sg,m,5.17,see
the lady behind the king sees the girls.,behind,center_embedding,sg,f,4.95,pl,f,5.38,sg,m,5.17,see
the lady likes the girls near the king.,near,peripheral,sg,f,4.95,pl,f,5.38,sg,m,5.17,like
the lady near the king likes the girls.,near,center_embedding,sg,f,4.95,pl,f,5.38,sg,m,5.17,like
the lady likes the girls behind the king.,behind,peripheral,sg,f,4.95,pl,f,5.38,sg,m,5.17,like
the lady behind the king likes the girls.,behind,center_embedding,sg,f,4.95,pl,f,5.38,sg,m,5.17,like
the lady sees the girls near the kings.,near,peripheral,sg,f,4.95,pl,f,5.38,pl,m,5.17,see
the lady near the kings sees the girls.,near,center_embedding,sg,f,4.95,pl,f,5.38,pl,m,5.17,see
the lady sees the girls behind the kings.,behind,peripheral,sg,f,4.95,pl,f,5.38,pl,m,5.17,see
the lady behind the kings sees the girls.,behind,center_embedding,sg,f,4.95,pl,f,5.38,pl,m,5.17,see
the lady likes the girls near the kings.,near,peripheral,sg,f,4.95,pl,f,5.38,pl,m,5.17,like
the lady near the kings likes the girls.,near,center_embedding,sg,f,4.95,pl,f,5.38,pl,m,5.17,like
the lady likes the girls behind the kings.,behind,peripheral,sg,f,4.95,pl,f,5.38,pl,m,5.17,like
the lady behind the kings likes the girls.,behind,center_embedding,sg,f,4.95,pl,f,5.38,pl,m,5.17,like
the ladies see the girl near the king.,near,peripheral,pl,f,4.95,sg,f,5.38,sg,m,5.17,see
the ladies near the king see the girl.,near,center_embedding,pl,f,4.95,sg,f,5.38,sg,m,5.17,see
the ladies see the girl behind the king.,behind,peripheral,pl,f,4.95,sg,f,5.38,sg,m,5.17,see
the ladies behind the king see the girl.,behind,center_embedding,pl,f,4.95,sg,f,5.38,sg,m,5.17,see
the ladies like the girl near the king.,near,peripheral,pl,f,4.95,sg,f,5.38,sg,m,5.17,like
the ladies near the king like the girl.,near,center_embedding,pl,f,4.95,sg,f,5.38,sg,m,5.17,like
the ladies like the girl behind the king.,behind,peripheral,pl,f,4.95,sg,f,5.38,sg,m,5.17,like
the ladies behind the king like the girl.,behind,center_embedding,pl,f,4.95,sg,f,5.38,sg,m,5.17,like
the ladies see the girl near the kings.,near,peripheral,pl,f,4.95,sg,f,5.38,pl,m,5.17,see
the ladies near the kings see the girl.,near,center_embedding,pl,f,4.95,sg,f,5.38,pl,m,5.17,see
the ladies see the girl behind the kings.,behind,peripheral,pl,f,4.95,sg,f,5.38,pl,m,5.17,see
the ladies behind the kings see the girl.,behind,center_embedding,pl,f,4.95,sg,f,5.38,pl,m,5.17,see
the ladies like the girl near the kings.,near,peripheral,pl,f,4.95,sg,f,5.38,pl,m,5.17,like
the ladies near the kings like the girl.,near,center_embedding,pl,f,4.95,sg,f,5.38,pl,m,5.17,like
the ladies like the girl behind the kings.,behind,peripheral,pl,f,4.95,sg,f,5.38,pl,m,5.17,like
the ladies behind the kings like the girl.,behind,center_embedding,pl,f,4.95,sg,f,5.38,pl,m,5.17,like
the ladies see the girls near the king.,near,peripheral,pl,f,4.95,pl,f,5.38,sg,m,5.17,see
the ladies near the king see the girls.,near,center_embedding,pl,f,4.95,pl,f,5.38,sg,m,5.17,see
the ladies see the girls behind the king.,behind,peripheral,pl,f,4.95,pl,f,5.38,sg,m,5.17,see
the ladies behind the king see the girls.,behind,center_embedding,pl,f,4.95,pl,f,5.38,sg,m,5.17,see
the ladies like the girls near the king.,near,peripheral,pl,f,4.95,pl,f,5.38,sg,m,5.17,like
the ladies near the king like the girls.,near,center_embedding,pl,f,4.95,pl,f,5.38,sg,m,5.17,like
the ladies like the girls behind the king.,behind,peripheral,pl,f,4.95,pl,f,5.38,sg,m,5.17,like
the ladies behind the king like the girls.,behind,center_embedding,pl,f,4.95,pl,f,5.38,sg,m,5.17,like
the ladies see the girls near the kings.,near,peripheral,pl,f,4.95,pl,f,5.38,pl,m,5.17,see
the ladies near the kings see the girls.,near,center_embedding,pl,f,4.95,pl,f,5.38,pl,m,5.17,see
the ladies see the girls behind the kings.,behind,peripheral,pl,f,4.95,pl,f,5.38,pl,m,5.17,see
the ladies behind the kings see the girls.,behind,center_embedding,pl,f,4.95,pl,f,5.38,pl,m,5.17,see
the ladies like the girls near the kings.,near,peripheral,pl,f,4.95,pl,f,5.38,pl,m,5.17,like
the ladies near the kings like the girls.,near,center_embedding,pl,f,4.95,pl,f,5.38,pl,m,5.17,like
the ladies like the girls behind the kings.,behind,peripheral,pl,f,4.95,pl,f,5.38,pl,m,5.17,like
the ladies behind the kings like the girls.,behind,center_embedding,pl,f,4.95,pl,f,5.38,pl,m,5.17,like
the lady sees the man near the woman.,near,peripheral,sg,f,4.95,sg,m,5.82,sg,f,5.35,see
the lady near the woman sees the man.,near,center_embedding,sg,f,4.95,sg,m,5.82,sg,f,5.35,see
the lady sees the man behind the woman.,behind,peripheral,sg,f,4.95,sg,m,5.82,sg,f,5.35,see
the lady behind the woman sees the man.,behind,center_embedding,sg,f,4.95,sg,m,5.82,sg,f,5.35,see
the lady likes the man near the woman.,near,peripheral,sg,f,4.95,sg,m,5.82,sg,f,5.35,like
the lady near the woman likes the man.,near,center_embedding,sg,f,4.95,sg,m,5.82,sg,f,5.35,like
the lady likes the man behind the woman.,behind,peripheral,sg,f,4.95,sg,m,5.82,sg,f,5.35,like
the lady behind the woman likes the man.,behind,center_embedding,sg,f,4.95,sg,m,5.82,sg,f,5.35,like
the lady sees the man near the women.,near,peripheral,sg,f,4.95,sg,m,5.82,pl,f,5.35,see
the lady near the women sees the man.,near,center_embedding,sg,f,4.95,sg,m,5.82,pl,f,5.35,see
the lady sees the man behind the women.,behind,peripheral,sg,f,4.95,sg,m,5.82,pl,f,5.35,see
the lady behind the women sees the man.,behind,center_embedding,sg,f,4.95,sg,m,5.82,pl,f,5.35,see
the lady likes the man near the women.,near,peripheral,sg,f,4.95,sg,m,5.82,pl,f,5.35,like
the lady near the women likes the man.,near,center_embedding,sg,f,4.95,sg,m,5.82,pl,f,5.35,like
the lady likes the man behind the women.,behind,peripheral,sg,f,4.95,sg,m,5.82,pl,f,5.35,like
the lady behind the women likes the man.,behind,center_embedding,sg,f,4.95,sg,m,5.82,pl,f,5.35,like
the lady sees the men near the woman.,near,peripheral,sg,f,4.95,pl,m,5.82,sg,f,5.35,see
the lady near the woman sees the men.,near,center_embedding,sg,f,4.95,pl,m,5.82,sg,f,5.35,see
the lady sees the men behind the woman.,behind,peripheral,sg,f,4.95,pl,m,5.82,sg,f,5.35,see
the lady behind the woman sees the men.,behind,center_embedding,sg,f,4.95,pl,m,5.82,sg,f,5.35,see
the lady likes the men near the woman.,near,peripheral,sg,f,4.95,pl,m,5.82,sg,f,5.35,like
the lady near the woman likes the men.,near,center_embedding,sg,f,4.95,pl,m,5.82,sg,f,5.35,like
the lady likes the men behind the woman.,behind,peripheral,sg,f,4.95,pl,m,5.82,sg,f,5.35,like
the lady behind the woman likes the men.,behind,center_embedding,sg,f,4.95,pl,m,5.82,sg,f,5.35,like
the lady sees the men near the women.,near,peripheral,sg,f,4.95,pl,m,5.82,pl,f,5.35,see
the lady near the women sees the men.,near,center_embedding,sg,f,4.95,pl,m,5.82,pl,f,5.35,see
the lady sees the men behind the women.,behind,peripheral,sg,f,4.95,pl,m,5.82,pl,f,5.35,see
the lady behind the women sees the men.,behind,center_embedding,sg,f,4.95,pl,m,5.82,pl,f,5.35,see
the lady likes the men near the women.,near,peripheral,sg,f,4.95,pl,m,5.82,pl,f,5.35,like
the lady near the women likes the men.,near,center_embedding,sg,f,4.95,pl,m,5.82,pl,f,5.35,like
the lady likes the men behind the women.,behind,peripheral,sg,f,4.95,pl,m,5.82,pl,f,5.35,like
the lady behind the women likes the men.,behind,center_embedding,sg,f,4.95,pl,m,5.82,pl,f,5.35,like
the ladies see the man near the woman.,near,peripheral,pl,f,4.95,sg,m,5.82,sg,f,5.35,see
the ladies near the woman see the man.,near,center_embedding,pl,f,4.95,sg,m,5.82,sg,f,5.35,see
the ladies see the man behind the woman.,behind,peripheral,pl,f,4.95,sg,m,5.82,sg,f,5.35,see
the ladies behind the woman see the man.,behind,center_embedding,pl,f,4.95,sg,m,5.82,sg,f,5.35,see
the ladies like the man near the woman.,near,peripheral,pl,f,4.95,sg,m,5.82,sg,f,5.35,like
the ladies near the woman like the man.,near,center_embedding,pl,f,4.95,sg,m,5.82,sg,f,5.35,like
the ladies like the man behind the woman.,behind,peripheral,pl,f,4.95,sg,m,5.82,sg,f,5.35,like
the ladies behind the woman like the man.,behind,center_embedding,pl,f,4.95,sg,m,5.82,sg,f,5.35,like
the ladies see the man near the women.,near,peripheral,pl,f,4.95,sg,m,5.82,pl,f,5.35,see
the ladies near the women see the man.,near,center_embedding,pl,f,4.95,sg,m,5.82,pl,f,5.35,see
the ladies see the man behind the women.,behind,peripheral,pl,f,4.95,sg,m,5.82,pl,f,5.35,see
the ladies behind the women see the man.,behind,center_embedding,pl,f,4.95,sg,m,5.82,pl,f,5.35,see
the ladies like the man near the women.,near,peripheral,pl,f,4.95,sg,m,5.82,pl,f,5.35,like
the ladies near the women like the man.,near,center_embedding,pl,f,4.95,sg,m,5.82,pl,f,5.35,like
the ladies like the man behind the women.,behind,peripheral,pl,f,4.95,sg,m,5.82,pl,f,5.35,like
the ladies behind the women like the man.,behind,center_embedding,pl,f,4.95,sg,m,5.82,pl,f,5.35,like
the ladies see the men near the woman.,near,peripheral,pl,f,4.95,pl,m,5.82,sg,f,5.35,see
the ladies near the woman see the men.,near,center_embedding,pl,f,4.95,pl,m,5.82,sg,f,5.35,see
the ladies see the men behind the woman.,behind,peripheral,pl,f,4.95,pl,m,5.82,sg,f,5.35,see
the ladies behind the woman see the men.,behind,center_embedding,pl,f,4.95,pl,m,5.82,sg,f,5.35,see
the ladies like the men near the woman.,near,peripheral,pl,f,4.95,pl,m,5.82,sg,f,5.35,like
the ladies near the woman like the men.,near,center_embedding,pl,f,4.95,pl,m,5.82,sg,f,5.35,like
the ladies like the men behind the woman.,behind,peripheral,pl,f,4.95,pl,m,5.82,sg,f,5.35,like
the ladies behind the woman like the men.,behind,center_embedding,pl,f,4.95,pl,m,5.82,sg,f,5.35,like
the ladies see the men near the women.,near,peripheral,pl,f,4.95,pl,m,5.82,pl,f,5.35,see
the ladies near the women see the men.,near,center_embedding,pl,f,4.95,pl,m,5.82,pl,f,5.35,see
the ladies see the men behind the women.,behind,peripheral,pl,f,4.95,pl,m,5.82,pl,f,5.35,see
the ladies behind the women see the men.,behind,center_embedding,pl,f,4.95,pl,m,5.82,pl,f,5.35,see
the ladies like the men near the women.,near,peripheral,pl,f,4.95,pl,m,5.82,pl,f,5.35,like
the ladies near the women like the men.,near,center_embedding,pl,f,4.95,pl,m,5.82,pl,f,5.35,like
the ladies like the men behind the women.,behind,peripheral,pl,f,4.95,pl,m,5.82,pl,f,5.35,like
the ladies behind the women like the men.,behind,center_embedding,pl,f,4.95,pl,m,5.82,pl,f,5.35,like
the lady sees the man near the girl.,near,peripheral,sg,f,4.95,sg,m,5.82,sg,f,5.38,see
the lady near the girl sees the man.,near,center_embedding,sg,f,4.95,sg,m,5.82,sg,f,5.38,see
the lady sees the man behind the girl.,behind,peripheral,sg,f,4.95,sg,m,5.82,sg,f,5.38,see
the lady behind the girl sees the man.,behind,center_embedding,sg,f,4.95,sg,m,5.82,sg,f,5.38,see
the lady likes the man near the girl.,near,peripheral,sg,f,4.95,sg,m,5.82,sg,f,5.38,like
the lady near the girl likes the man.,near,center_embedding,sg,f,4.95,sg,m,5.82,sg,f,5.38,like
the lady likes the man behind the girl.,behind,peripheral,sg,f,4.95,sg,m,5.82,sg,f,5.38,like
the lady behind the girl likes the man.,behind,center_embedding,sg,f,4.95,sg,m,5.82,sg,f,5.38,like
the lady sees the man near the girls.,near,peripheral,sg,f,4.95,sg,m,5.82,pl,f,5.38,see
the lady near the girls sees the man.,near,center_embedding,sg,f,4.95,sg,m,5.82,pl,f,5.38,see
the lady sees the man behind the girls.,behind,peripheral,sg,f,4.95,sg,m,5.82,pl,f,5.38,see
the lady behind the girls sees the man.,behind,center_embedding,sg,f,4.95,sg,m,5.82,pl,f,5.38,see
the lady likes the man near the girls.,near,peripheral,sg,f,4.95,sg,m,5.82,pl,f,5.38,like
the lady near the girls likes the man.,near,center_embedding,sg,f,4.95,sg,m,5.82,pl,f,5.38,like
the lady likes the man behind the girls.,behind,peripheral,sg,f,4.95,sg,m,5.82,pl,f,5.38,like
the lady behind the girls likes the man.,behind,center_embedding,sg,f,4.95,sg,m,5.82,pl,f,5.38,like
the lady sees the men near the girl.,near,peripheral,sg,f,4.95,pl,m,5.82,sg,f,5.38,see
the lady near the girl sees the men.,near,center_embedding,sg,f,4.95,pl,m,5.82,sg,f,5.38,see
the lady sees the men behind the girl.,behind,peripheral,sg,f,4.95,pl,m,5.82,sg,f,5.38,see
the lady behind the girl sees the men.,behind,center_embedding,sg,f,4.95,pl,m,5.82,sg,f,5.38,see
the lady likes the men near the girl.,near,peripheral,sg,f,4.95,pl,m,5.82,sg,f,5.38,like
the lady near the girl likes the men.,near,center_embedding,sg,f,4.95,pl,m,5.82,sg,f,5.38,like
the lady likes the men behind the girl.,behind,peripheral,sg,f,4.95,pl,m,5.82,sg,f,5.38,like
the lady behind the girl likes the men.,behind,center_embedding,sg,f,4.95,pl,m,5.82,sg,f,5.38,like
the lady sees the men near the girls.,near,peripheral,sg,f,4.95,pl,m,5.82,pl,f,5.38,see
the lady near the girls sees the men.,near,center_embedding,sg,f,4.95,pl,m,5.82,pl,f,5.38,see
the lady sees the men behind the girls.,behind,peripheral,sg,f,4.95,pl,m,5.82,pl,f,5.38,see
the lady behind the girls sees the men.,behind,center_embedding,sg,f,4.95,pl,m,5.82,pl,f,5.38,see
the lady likes the men near the girls.,near,peripheral,sg,f,4.95,pl,m,5.82,pl,f,5.38,like
the lady near the girls likes the men.,near,center_embedding,sg,f,4.95,pl,m,5.82,pl,f,5.38,like
the lady likes the men behind the girls.,behind,peripheral,sg,f,4.95,pl,m,5.82,pl,f,5.38,like
the lady behind the girls likes the men.,behind,center_embedding,sg,f,4.95,pl,m,5.82,pl,f,5.38,like
the ladies see the man near the girl.,near,peripheral,pl,f,4.95,sg,m,5.82,sg,f,5.38,see
the ladies near the girl see the man.,near,center_embedding,pl,f,4.95,sg,m,5.82,sg,f,5.38,see
the ladies see the man behind the girl.,behind,peripheral,pl,f,4.95,sg,m,5.82,sg,f,5.38,see
the ladies behind the girl see the man.,behind,center_embedding,pl,f,4.95,sg,m,5.82,sg,f,5.38,see
the ladies like the man near the girl.,near,peripheral,pl,f,4.95,sg,m,5.82,sg,f,5.38,like
the ladies near the girl like the man.,near,center_embedding,pl,f,4.95,sg,m,5.82,sg,f,5.38,like
the ladies like the man behind the girl.,behind,peripheral,pl,f,4.95,sg,m,5.82,sg,f,5.38,like
the ladies behind the girl like the man.,behind,center_embedding,pl,f,4.95,sg,m,5.82,sg,f,5.38,like
the ladies see the man near the girls.,near,peripheral,pl,f,4.95,sg,m,5.82,pl,f,5.38,see
the ladies near the girls see the man.,near,center_embedding,pl,f,4.95,sg,m,5.82,pl,f,5.38,see
the ladies see the man behind the girls.,behind,peripheral,pl,f,4.95,sg,m,5.82,pl,f,5.38,see
the ladies behind the girls see the man.,behind,center_embedding,pl,f,4.95,sg,m,5.82,pl,f,5.38,see
the ladies like the man near the girls.,near,peripheral,pl,f,4.95,sg,m,5.82,pl,f,5.38,like
the ladies near the girls like the man.,near,center_embedding,pl,f,4.95,sg,m,5.82,pl,f,5.38,like
the ladies like the man behind the girls.,behind,peripheral,pl,f,4.95,sg,m,5.82,pl,f,5.38,like
the ladies behind the girls like the man.,behind,center_embedding,pl,f,4.95,sg,m,5.82,pl,f,5.38,like
the ladies see the men near the girl.,near,peripheral,pl,f,4.95,pl,m,5.82,sg,f,5.38,see
the ladies near the girl see the men.,near,center_embedding,pl,f,4.95,pl,m,5.82,sg,f,5.38,see
the ladies see the men behind the girl.,behind,peripheral,pl,f,4.95,pl,m,5.82,sg,f,5.38,see
the ladies behind the girl see the men.,behind,center_embedding,pl,f,4.95,pl,m,5.82,sg,f,5.38,see
the ladies like the men near the girl.,near,peripheral,pl,f,4.95,pl,m,5.82,sg,f,5.38,like
the ladies near the girl like the men.,near,center_embedding,pl,f,4.95,pl,m,5.82,sg,f,5.38,like
the ladies like the men behind the girl.,behind,peripheral,pl,f,4.95,pl,m,5.82,sg,f,5.38,like
the ladies behind the girl like the men.,behind,center_embedding,pl,f,4.95,pl,m,5.82,sg,f,5.38,like
the ladies see the men near the girls.,near,peripheral,pl,f,4.95,pl,m,5.82,pl,f,5.38,see
the ladies near the girls see the men.,near,center_embedding,pl,f,4.95,pl,m,5.82,pl,f,5.38,see
the ladies see the men behind the girls.,behind,peripheral,pl,f,4.95,pl,m,5.82,pl,f,5.38,see
the ladies behind the girls see the men.,behind,center_embedding,pl,f,4.95,pl,m,5.82,pl,f,5.38,see
the ladies like the men near the girls.,near,peripheral,pl,f,4.95,pl,m,5.82,pl,f,5.38,like
the ladies near the girls like the men.,near,center_embedding,pl,f,4.95,pl,m,5.82,pl,f,5.38,like
the ladies like the men behind the girls.,behind,peripheral,pl,f,4.95,pl,m,5.82,pl,f,5.38,like
the ladies behind the girls like the men.,behind,center_embedding,pl,f,4.95,pl,m,5.82,pl,f,5.38,like
the lady sees the man near the boy.,near,peripheral,sg,f,4.95,sg,m,5.82,sg,m,5.17,see
the lady near the boy sees the man.,near,center_embedding,sg,f,4.95,sg,m,5.82,sg,m,5.17,see
the lady sees the man behind the boy.,behind,peripheral,sg,f,4.95,sg,m,5.82,sg,m,5.17,see
the lady behind the boy sees the man.,behind,center_embedding,sg,f,4.95,sg,m,5.82,sg,m,5.17,see
the lady likes the man near the boy.,near,peripheral,sg,f,4.95,sg,m,5.82,sg,m,5.17,like
the lady near the boy likes the man.,near,center_embedding,sg,f,4.95,sg,m,5.82,sg,m,5.17,like
the lady likes the man behind the boy.,behind,peripheral,sg,f,4.95,sg,m,5.82,sg,m,5.17,like
the lady behind the boy likes the man.,behind,center_embedding,sg,f,4.95,sg,m,5.82,sg,m,5.17,like
the lady sees the man near the boys.,near,peripheral,sg,f,4.95,sg,m,5.82,pl,m,5.17,see
the lady near the boys sees the man.,near,center_embedding,sg,f,4.95,sg,m,5.82,pl,m,5.17,see
the lady sees the man behind the boys.,behind,peripheral,sg,f,4.95,sg,m,5.82,pl,m,5.17,see
the lady behind the boys sees the man.,behind,center_embedding,sg,f,4.95,sg,m,5.82,pl,m,5.17,see
the lady likes the man near the boys.,near,peripheral,sg,f,4.95,sg,m,5.82,pl,m,5.17,like
the lady near the boys likes the man.,near,center_embedding,sg,f,4.95,sg,m,5.82,pl,m,5.17,like
the lady likes the man behind the boys.,behind,peripheral,sg,f,4.95,sg,m,5.82,pl,m,5.17,like
the lady behind the boys likes the man.,behind,center_embedding,sg,f,4.95,sg,m,5.82,pl,m,5.17,like
the lady sees the men near the boy.,near,peripheral,sg,f,4.95,pl,m,5.82,sg,m,5.17,see
the lady near the boy sees the men.,near,center_embedding,sg,f,4.95,pl,m,5.82,sg,m,5.17,see
the lady sees the men behind the boy.,behind,peripheral,sg,f,4.95,pl,m,5.82,sg,m,5.17,see
the lady behind the boy sees the men.,behind,center_embedding,sg,f,4.95,pl,m,5.82,sg,m,5.17,see
the lady likes the men near the boy.,near,peripheral,sg,f,4.95,pl,m,5.82,sg,m,5.17,like
the lady near the boy likes the men.,near,center_embedding,sg,f,4.95,pl,m,5.82,sg,m,5.17,like
the lady likes the men behind the boy.,behind,peripheral,sg,f,4.95,pl,m,5.82,sg,m,5.17,like
the lady behind the boy likes the men.,behind,center_embedding,sg,f,4.95,pl,m,5.82,sg,m,5.17,like
the lady sees the men near the boys.,near,peripheral,sg,f,4.95,pl,m,5.82,pl,m,5.17,see
the lady near the boys sees the men.,near,center_embedding,sg,f,4.95,pl,m,5.82,pl,m,5.17,see
the lady sees the men behind the boys.,behind,peripheral,sg,f,4.95,pl,m,5.82,pl,m,5.17,see
the lady behind the boys sees the men.,behind,center_embedding,sg,f,4.95,pl,m,5.82,pl,m,5.17,see
the lady likes the men near the boys.,near,peripheral,sg,f,4.95,pl,m,5.82,pl,m,5.17,like
the lady near the boys likes the men.,near,center_embedding,sg,f,4.95,pl,m,5.82,pl,m,5.17,like
the lady likes the men behind the boys.,behind,peripheral,sg,f,4.95,pl,m,5.82,pl,m,5.17,like
the lady behind the boys likes the men.,behind,center_embedding,sg,f,4.95,pl,m,5.82,pl,m,5.17,like
the ladies see the man near the boy.,near,peripheral,pl,f,4.95,sg,m,5.82,sg,m,5.17,see
the ladies near the boy see the man.,near,center_embedding,pl,f,4.95,sg,m,5.82,sg,m,5.17,see
the ladies see the man behind the boy.,behind,peripheral,pl,f,4.95,sg,m,5.82,sg,m,5.17,see
the ladies behind the boy see the man.,behind,center_embedding,pl,f,4.95,sg,m,5.82,sg,m,5.17,see
the ladies like the man near the boy.,near,peripheral,pl,f,4.95,sg,m,5.82,sg,m,5.17,like
the ladies near the boy like the man.,near,center_embedding,pl,f,4.95,sg,m,5.82,sg,m,5.17,like
the ladies like the man behind the boy.,behind,peripheral,pl,f,4.95,sg,m,5.82,sg,m,5.17,like
the ladies behind the boy like the man.,behind,center_embedding,pl,f,4.95,sg,m,5.82,sg,m,5.17,like
the ladies see the man near the boys.,near,peripheral,pl,f,4.95,sg,m,5.82,pl,m,5.17,see
the ladies near the boys see the man.,near,center_embedding,pl,f,4.95,sg,m,5.82,pl,m,5.17,see
the ladies see the man behind the boys.,behind,peripheral,pl,f,4.95,sg,m,5.82,pl,m,5.17,see
the ladies behind the boys see the man.,behind,center_embedding,pl,f,4.95,sg,m,5.82,pl,m,5.17,see
the ladies like the man near the boys.,near,peripheral,pl,f,4.95,sg,m,5.82,pl,m,5.17,like
the ladies near the boys like the man.,near,center_embedding,pl,f,4.95,sg,m,5.82,pl,m,5.17,like
the ladies like the man behind the boys.,behind,peripheral,pl,f,4.95,sg,m,5.82,pl,m,5.17,like
the ladies behind the boys like the man.,behind,center_embedding,pl,f,4.95,sg,m,5.82,pl,m,5.17,like
the ladies see the men near the boy.,near,peripheral,pl,f,4.95,pl,m,5.82,sg,m,5.17,see
the ladies near the boy see the men.,near,center_embedding,pl,f,4.95,pl,m,5.82,sg,m,5.17,see
the ladies see the men behind the boy.,behind,peripheral,pl,f,4.95,pl,m,5.82,sg,m,5.17,see
the ladies behind the boy see the men.,behind,center_embedding,pl,f,4.95,pl,m,5.82,sg,m,5.17,see
the ladies like the men near the boy.,near,peripheral,pl,f,4.95,pl,m,5.82,sg,m,5.17,like
the ladies near the boy like the men.,near,center_embedding,pl,f,4.95,pl,m,5.82,sg,m,5.17,like
the ladies like the men behind the boy.,behind,peripheral,pl,f,4.95,pl,m,5.82,sg,m,5.17,like
the ladies behind the boy like the men.,behind,center_embedding,pl,f,4.95,pl,m,5.82,sg,m,5.17,like
the ladies see the men near the boys.,near,peripheral,pl,f,4.95,pl,m,5.82,pl,m,5.17,see
the ladies near the boys see the men.,near,center_embedding,pl,f,4.95,pl,m,5.82,pl,m,5.17,see
the ladies see the men behind the boys.,behind,peripheral,pl,f,4.95,pl,m,5.82,pl,m,5.17,see
the ladies behind the boys see the men.,behind,center_embedding,pl,f,4.95,pl,m,5.82,pl,m,5.17,see
the ladies like the men near the boys.,near,peripheral,pl,f,4.95,pl,m,5.82,pl,m,5.17,like
the ladies near the boys like the men.,near,center_embedding,pl,f,4.95,pl,m,5.82,pl,m,5.17,like
the ladies like the men behind the boys.,behind,peripheral,pl,f,4.95,pl,m,5.82,pl,m,5.17,like
the ladies behind the boys like the men.,behind,center_embedding,pl,f,4.95,pl,m,5.82,pl,m,5.17,like
the lady sees the man near the king.,near,peripheral,sg,f,4.95,sg,m,5.82,sg,m,5.17,see
the lady near the king sees the man.,near,center_embedding,sg,f,4.95,sg,m,5.82,sg,m,5.17,see
the lady sees the man behind the king.,behind,peripheral,sg,f,4.95,sg,m,5.82,sg,m,5.17,see
the lady behind the king sees the man.,behind,center_embedding,sg,f,4.95,sg,m,5.82,sg,m,5.17,see
the lady likes the man near the king.,near,peripheral,sg,f,4.95,sg,m,5.82,sg,m,5.17,like
the lady near the king likes the man.,near,center_embedding,sg,f,4.95,sg,m,5.82,sg,m,5.17,like
the lady likes the man behind the king.,behind,peripheral,sg,f,4.95,sg,m,5.82,sg,m,5.17,like
the lady behind the king likes the man.,behind,center_embedding,sg,f,4.95,sg,m,5.82,sg,m,5.17,like
the lady sees the man near the kings.,near,peripheral,sg,f,4.95,sg,m,5.82,pl,m,5.17,see
the lady near the kings sees the man.,near,center_embedding,sg,f,4.95,sg,m,5.82,pl,m,5.17,see
the lady sees the man behind the kings.,behind,peripheral,sg,f,4.95,sg,m,5.82,pl,m,5.17,see
the lady behind the kings sees the man.,behind,center_embedding,sg,f,4.95,sg,m,5.82,pl,m,5.17,see
the lady likes the man near the kings.,near,peripheral,sg,f,4.95,sg,m,5.82,pl,m,5.17,like
the lady near the kings likes the man.,near,center_embedding,sg,f,4.95,sg,m,5.82,pl,m,5.17,like
the lady likes the man behind the kings.,behind,peripheral,sg,f,4.95,sg,m,5.82,pl,m,5.17,like
the lady behind the kings likes the man.,behind,center_embedding,sg,f,4.95,sg,m,5.82,pl,m,5.17,like
the lady sees the men near the king.,near,peripheral,sg,f,4.95,pl,m,5.82,sg,m,5.17,see
the lady near the king sees the men.,near,center_embedding,sg,f,4.95,pl,m,5.82,sg,m,5.17,see
the lady sees the men behind the king.,behind,peripheral,sg,f,4.95,pl,m,5.82,sg,m,5.17,see
the lady behind the king sees the men.,behind,center_embedding,sg,f,4.95,pl,m,5.82,sg,m,5.17,see
the lady likes the men near the king.,near,peripheral,sg,f,4.95,pl,m,5.82,sg,m,5.17,like
the lady near the king likes the men.,near,center_embedding,sg,f,4.95,pl,m,5.82,sg,m,5.17,like
the lady likes the men behind the king.,behind,peripheral,sg,f,4.95,pl,m,5.82,sg,m,5.17,like
the lady behind the king likes the men.,behind,center_embedding,sg,f,4.95,pl,m,5.82,sg,m,5.17,like
the lady sees the men near the kings.,near,peripheral,sg,f,4.95,pl,m,5.82,pl,m,5.17,see
the lady near the kings sees the men.,near,center_embedding,sg,f,4.95,pl,m,5.82,pl,m,5.17,see
the lady sees the men behind the kings.,behind,peripheral,sg,f,4.95,pl,m,5.82,pl,m,5.17,see
the lady behind the kings sees the men.,behind,center_embedding,sg,f,4.95,pl,m,5.82,pl,m,5.17,see
the lady likes the men near the kings.,near,peripheral,sg,f,4.95,pl,m,5.82,pl,m,5.17,like
the lady near the kings likes the men.,near,center_embedding,sg,f,4.95,pl,m,5.82,pl,m,5.17,like
the lady likes the men behind the kings.,behind,peripheral,sg,f,4.95,pl,m,5.82,pl,m,5.17,like
the lady behind the kings likes the men.,behind,center_embedding,sg,f,4.95,pl,m,5.82,pl,m,5.17,like
the ladies see the man near the king.,near,peripheral,pl,f,4.95,sg,m,5.82,sg,m,5.17,see
the ladies near the king see the man.,near,center_embedding,pl,f,4.95,sg,m,5.82,sg,m,5.17,see
the ladies see the man behind the king.,behind,peripheral,pl,f,4.95,sg,m,5.82,sg,m,5.17,see
the ladies behind the king see the man.,behind,center_embedding,pl,f,4.95,sg,m,5.82,sg,m,5.17,see
the ladies like the man near the king.,near,peripheral,pl,f,4.95,sg,m,5.82,sg,m,5.17,like
the ladies near the king like the man.,near,center_embedding,pl,f,4.95,sg,m,5.82,sg,m,5.17,like
the ladies like the man behind the king.,behind,peripheral,pl,f,4.95,sg,m,5.82,sg,m,5.17,like
the ladies behind the king like the man.,behind,center_embedding,pl,f,4.95,sg,m,5.82,sg,m,5.17,like
the ladies see the man near the kings.,near,peripheral,pl,f,4.95,sg,m,5.82,pl,m,5.17,see
the ladies near the kings see the man.,near,center_embedding,pl,f,4.95,sg,m,5.82,pl,m,5.17,see
the ladies see the man behind the kings.,behind,peripheral,pl,f,4.95,sg,m,5.82,pl,m,5.17,see
the ladies behind the kings see the man.,behind,center_embedding,pl,f,4.95,sg,m,5.82,pl,m,5.17,see
the ladies like the man near the kings.,near,peripheral,pl,f,4.95,sg,m,5.82,pl,m,5.17,like
the ladies near the kings like the man.,near,center_embedding,pl,f,4.95,sg,m,5.82,pl,m,5.17,like
the ladies like the man behind the kings.,behind,peripheral,pl,f,4.95,sg,m,5.82,pl,m,5.17,like
the ladies behind the kings like the man.,behind,center_embedding,pl,f,4.95,sg,m,5.82,pl,m,5.17,like
the ladies see the men near the king.,near,peripheral,pl,f,4.95,pl,m,5.82,sg,m,5.17,see
the ladies near the king see the men.,near,center_embedding,pl,f,4.95,pl,m,5.82,sg,m,5.17,see
the ladies see the men behind the king.,behind,peripheral,pl,f,4.95,pl,m,5.82,sg,m,5.17,see
the ladies behind the king see the men.,behind,center_embedding,pl,f,4.95,pl,m,5.82,sg,m,5.17,see
the ladies like the men near the king.,near,peripheral,pl,f,4.95,pl,m,5.82,sg,m,5.17,like
the ladies near the king like the men.,near,center_embedding,pl,f,4.95,pl,m,5.82,sg,m,5.17,like
the ladies like the men behind the king.,behind,peripheral,pl,f,4.95,pl,m,5.82,sg,m,5.17,like
the ladies behind the king like the men.,behind,center_embedding,pl,f,4.95,pl,m,5.82,sg,m,5.17,like
the ladies see the men near the kings.,near,peripheral,pl,f,4.95,pl,m,5.82,pl,m,5.17,see
the ladies near the kings see the men.,near,center_embedding,pl,f,4.95,pl,m,5.82,pl,m,5.17,see
the ladies see the men behind the kings.,behind,peripheral,pl,f,4.95,pl,m,5.82,pl,m,5.17,see
the ladies behind the kings see the men.,behind,center_embedding,pl,f,4.95,pl,m,5.82,pl,m,5.17,see
the ladies like the men near the kings.,near,peripheral,pl,f,4.95,pl,m,5.82,pl,m,5.17,like
the ladies near the kings like the men.,near,center_embedding,pl,f,4.95,pl,m,5.82,pl,m,5.17,like
the ladies like the men behind the kings.,behind,peripheral,pl,f,4.95,pl,m,5.82,pl,m,5.17,like
the ladies behind the kings like the men.,behind,center_embedding,pl,f,4.95,pl,m,5.82,pl,m,5.17,like
the lady sees the boy near the woman.,near,peripheral,sg,f,4.95,sg,m,5.17,sg,f,5.35,see
the lady near the woman sees the boy.,near,center_embedding,sg,f,4.95,sg,m,5.17,sg,f,5.35,see
the lady sees the boy behind the woman.,behind,peripheral,sg,f,4.95,sg,m,5.17,sg,f,5.35,see
the lady behind the woman sees the boy.,behind,center_embedding,sg,f,4.95,sg,m,5.17,sg,f,5.35,see
the lady likes the boy near the woman.,near,peripheral,sg,f,4.95,sg,m,5.17,sg,f,5.35,like
the lady near the woman likes the boy.,near,center_embedding,sg,f,4.95,sg,m,5.17,sg,f,5.35,like
the lady likes the boy behind the woman.,behind,peripheral,sg,f,4.95,sg,m,5.17,sg,f,5.35,like
the lady behind the woman likes the boy.,behind,center_embedding,sg,f,4.95,sg,m,5.17,sg,f,5.35,like
the lady sees the boy near the women.,near,peripheral,sg,f,4.95,sg,m,5.17,pl,f,5.35,see
the lady near the women sees the boy.,near,center_embedding,sg,f,4.95,sg,m,5.17,pl,f,5.35,see
the lady sees the boy behind the women.,behind,peripheral,sg,f,4.95,sg,m,5.17,pl,f,5.35,see
the lady behind the women sees the boy.,behind,center_embedding,sg,f,4.95,sg,m,5.17,pl,f,5.35,see
the lady likes the boy near the women.,near,peripheral,sg,f,4.95,sg,m,5.17,pl,f,5.35,like
the lady near the women likes the boy.,near,center_embedding,sg,f,4.95,sg,m,5.17,pl,f,5.35,like
the lady likes the boy behind the women.,behind,peripheral,sg,f,4.95,sg,m,5.17,pl,f,5.35,like
the lady behind the women likes the boy.,behind,center_embedding,sg,f,4.95,sg,m,5.17,pl,f,5.35,like
the lady sees the boys near the woman.,near,peripheral,sg,f,4.95,pl,m,5.17,sg,f,5.35,see
the lady near the woman sees the boys.,near,center_embedding,sg,f,4.95,pl,m,5.17,sg,f,5.35,see
the lady sees the boys behind the woman.,behind,peripheral,sg,f,4.95,pl,m,5.17,sg,f,5.35,see
the lady behind the woman sees the boys.,behind,center_embedding,sg,f,4.95,pl,m,5.17,sg,f,5.35,see
the lady likes the boys near the woman.,near,peripheral,sg,f,4.95,pl,m,5.17,sg,f,5.35,like
the lady near the woman likes the boys.,near,center_embedding,sg,f,4.95,pl,m,5.17,sg,f,5.35,like
the lady likes the boys behind the woman.,behind,peripheral,sg,f,4.95,pl,m,5.17,sg,f,5.35,like
the lady behind the woman likes the boys.,behind,center_embedding,sg,f,4.95,pl,m,5.17,sg,f,5.35,like
the lady sees the boys near the women.,near,peripheral,sg,f,4.95,pl,m,5.17,pl,f,5.35,see
the lady near the women sees the boys.,near,center_embedding,sg,f,4.95,pl,m,5.17,pl,f,5.35,see
the lady sees the boys behind the women.,behind,peripheral,sg,f,4.95,pl,m,5.17,pl,f,5.35,see
the lady behind the women sees the boys.,behind,center_embedding,sg,f,4.95,pl,m,5.17,pl,f,5.35,see
the lady likes the boys near the women.,near,peripheral,sg,f,4.95,pl,m,5.17,pl,f,5.35,like
the lady near the women likes the boys.,near,center_embedding,sg,f,4.95,pl,m,5.17,pl,f,5.35,like
the lady likes the boys behind the women.,behind,peripheral,sg,f,4.95,pl,m,5.17,pl,f,5.35,like
the lady behind the women likes the boys.,behind,center_embedding,sg,f,4.95,pl,m,5.17,pl,f,5.35,like
the ladies see the boy near the woman.,near,peripheral,pl,f,4.95,sg,m,5.17,sg,f,5.35,see
the ladies near the woman see the boy.,near,center_embedding,pl,f,4.95,sg,m,5.17,sg,f,5.35,see
the ladies see the boy behind the woman.,behind,peripheral,pl,f,4.95,sg,m,5.17,sg,f,5.35,see
the ladies behind the woman see the boy.,behind,center_embedding,pl,f,4.95,sg,m,5.17,sg,f,5.35,see
the ladies like the boy near the woman.,near,peripheral,pl,f,4.95,sg,m,5.17,sg,f,5.35,like
the ladies near the woman like the boy.,near,center_embedding,pl,f,4.95,sg,m,5.17,sg,f,5.35,like
the ladies like the boy behind the woman.,behind,peripheral,pl,f,4.95,sg,m,5.17,sg,f,5.35,like
the ladies behind the woman like the boy.,behind,center_embedding,pl,f,4.95,sg,m,5.17,sg,f,5.35,like
the ladies see the boy near the women.,near,peripheral,pl,f,4.95,sg,m,5.17,pl,f,5.35,see
the ladies near the women see the boy.,near,center_embedding,pl,f,4.95,sg,m,5.17,pl,f,5.35,see
the ladies see the boy behind the women.,behind,peripheral,pl,f,4.95,sg,m,5.17,pl,f,5.35,see
the ladies behind the women see the boy.,behind,center_embedding,pl,f,4.95,sg,m,5.17,pl,f,5.35,see
the ladies like the boy near the women.,near,peripheral,pl,f,4.95,sg,m,5.17,pl,f,5.35,like
the ladies near the women like the boy.,near,center_embedding,pl,f,4.95,sg,m,5.17,pl,f,5.35,like
the ladies like the boy behind the women.,behind,peripheral,pl,f,4.95,sg,m,5.17,pl,f,5.35,like
the ladies behind the women like the boy.,behind,center_embedding,pl,f,4.95,sg,m,5.17,pl,f,5.35,like
the ladies see the boys near the woman.,near,peripheral,pl,f,4.95,pl,m,5.17,sg,f,5.35,see
the ladies near the woman see the boys.,near,center_embedding,pl,f,4.95,pl,m,5.17,sg,f,5.35,see
the ladies see the boys behind the woman.,behind,peripheral,pl,f,4.95,pl,m,5.17,sg,f,5.35,see
the ladies behind the woman see the boys.,behind,center_embedding,pl,f,4.95,pl,m,5.17,sg,f,5.35,see
the ladies like the boys near the woman.,near,peripheral,pl,f,4.95,pl,m,5.17,sg,f,5.35,like
the ladies near the woman like the boys.,near,center_embedding,pl,f,4.95,pl,m,5.17,sg,f,5.35,like
the ladies like the boys behind the woman.,behind,peripheral,pl,f,4.95,pl,m,5.17,sg,f,5.35,like
the ladies behind the woman like the boys.,behind,center_embedding,pl,f,4.95,pl,m,5.17,sg,f,5.35,like
the ladies see the boys near the women.,near,peripheral,pl,f,4.95,pl,m,5.17,pl,f,5.35,see
the ladies near the women see the boys.,near,center_embedding,pl,f,4.95,pl,m,5.17,pl,f,5.35,see
the ladies see the boys behind the women.,behind,peripheral,pl,f,4.95,pl,m,5.17,pl,f,5.35,see
the ladies behind the women see the boys.,behind,center_embedding,pl,f,4.95,pl,m,5.17,pl,f,5.35,see
the ladies like the boys near the women.,near,peripheral,pl,f,4.95,pl,m,5.17,pl,f,5.35,like
the ladies near the women like the boys.,near,center_embedding,pl,f,4.95,pl,m,5.17,pl,f,5.35,like
the ladies like the boys behind the women.,behind,peripheral,pl,f,4.95,pl,m,5.17,pl,f,5.35,like
the ladies behind the women like the boys.,behind,center_embedding,pl,f,4.95,pl,m,5.17,pl,f,5.35,like
the lady sees the boy near the girl.,near,peripheral,sg,f,4.95,sg,m,5.17,sg,f,5.38,see
the lady near the girl sees the boy.,near,center_embedding,sg,f,4.95,sg,m,5.17,sg,f,5.38,see
the lady sees the boy behind the girl.,behind,peripheral,sg,f,4.95,sg,m,5.17,sg,f,5.38,see
the lady behind the girl sees the boy.,behind,center_embedding,sg,f,4.95,sg,m,5.17,sg,f,5.38,see
the lady likes the boy near the girl.,near,peripheral,sg,f,4.95,sg,m,5.17,sg,f,5.38,like
the lady near the girl likes the boy.,near,center_embedding,sg,f,4.95,sg,m,5.17,sg,f,5.38,like
the lady likes the boy behind the girl.,behind,peripheral,sg,f,4.95,sg,m,5.17,sg,f,5.38,like
the lady behind the girl likes the boy.,behind,center_embedding,sg,f,4.95,sg,m,5.17,sg,f,5.38,like
the lady sees the boy near the girls.,near,peripheral,sg,f,4.95,sg,m,5.17,pl,f,5.38,see
the lady near the girls sees the boy.,near,center_embedding,sg,f,4.95,sg,m,5.17,pl,f,5.38,see
the lady sees the boy behind the girls.,behind,peripheral,sg,f,4.95,sg,m,5.17,pl,f,5.38,see
the lady behind the girls sees the boy.,behind,center_embedding,sg,f,4.95,sg,m,5.17,pl,f,5.38,see
the lady likes the boy near the girls.,near,peripheral,sg,f,4.95,sg,m,5.17,pl,f,5.38,like
the lady near the girls likes the boy.,near,center_embedding,sg,f,4.95,sg,m,5.17,pl,f,5.38,like
the lady likes the boy behind the girls.,behind,peripheral,sg,f,4.95,sg,m,5.17,pl,f,5.38,like
the lady behind the girls likes the boy.,behind,center_embedding,sg,f,4.95,sg,m,5.17,pl,f,5.38,like
the lady sees the boys near the girl.,near,peripheral,sg,f,4.95,pl,m,5.17,sg,f,5.38,see
the lady near the girl sees the boys.,near,center_embedding,sg,f,4.95,pl,m,5.17,sg,f,5.38,see
the lady sees the boys behind the girl.,behind,peripheral,sg,f,4.95,pl,m,5.17,sg,f,5.38,see
the lady behind the girl sees the boys.,behind,center_embedding,sg,f,4.95,pl,m,5.17,sg,f,5.38,see
the lady likes the boys near the girl.,near,peripheral,sg,f,4.95,pl,m,5.17,sg,f,5.38,like
the lady near the girl likes the boys.,near,center_embedding,sg,f,4.95,pl,m,5.17,sg,f,5.38,like
the lady likes the boys behind the girl.,behind,peripheral,sg,f,4.95,pl,m,5.17,sg,f,5.38,like
the lady behind the girl likes the boys.,behind,center_embedding,sg,f,4.95,pl,m,5.17,sg,f,5.38,like
the lady sees the boys near the girls.,near,peripheral,sg,f,4.95,pl,m,5.17,pl,f,5.38,see
the lady near the girls sees the boys.,near,center_embedding,sg,f,4.95,pl,m,5.17,pl,f,5.38,see
the lady sees the boys behind the girls.,behind,peripheral,sg,f,4.95,pl,m,5.17,pl,f,5.38,see
the lady behind the girls sees the boys.,behind,center_embedding,sg,f,4.95,pl,m,5.17,pl,f,5.38,see
the lady likes the boys near the girls.,near,peripheral,sg,f,4.95,pl,m,5.17,pl,f,5.38,like
the lady near the girls likes the boys.,near,center_embedding,sg,f,4.95,pl,m,5.17,pl,f,5.38,like
the lady likes the boys behind the girls.,behind,peripheral,sg,f,4.95,pl,m,5.17,pl,f,5.38,like
the lady behind the girls likes the boys.,behind,center_embedding,sg,f,4.95,pl,m,5.17,pl,f,5.38,like
the ladies see the boy near the girl.,near,peripheral,pl,f,4.95,sg,m,5.17,sg,f,5.38,see
the ladies near the girl see the boy.,near,center_embedding,pl,f,4.95,sg,m,5.17,sg,f,5.38,see
the ladies see the boy behind the girl.,behind,peripheral,pl,f,4.95,sg,m,5.17,sg,f,5.38,see
the ladies behind the girl see the boy.,behind,center_embedding,pl,f,4.95,sg,m,5.17,sg,f,5.38,see
the ladies like the boy near the girl.,near,peripheral,pl,f,4.95,sg,m,5.17,sg,f,5.38,like
the ladies near the girl like the boy.,near,center_embedding,pl,f,4.95,sg,m,5.17,sg,f,5.38,like
the ladies like the boy behind the girl.,behind,peripheral,pl,f,4.95,sg,m,5.17,sg,f,5.38,like
the ladies behind the girl like the boy.,behind,center_embedding,pl,f,4.95,sg,m,5.17,sg,f,5.38,like
the ladies see the boy near the girls.,near,peripheral,pl,f,4.95,sg,m,5.17,pl,f,5.38,see
the ladies near the girls see the boy.,near,center_embedding,pl,f,4.95,sg,m,5.17,pl,f,5.38,see
the ladies see the boy behind the girls.,behind,peripheral,pl,f,4.95,sg,m,5.17,pl,f,5.38,see
the ladies behind the girls see the boy.,behind,center_embedding,pl,f,4.95,sg,m,5.17,pl,f,5.38,see
the ladies like the boy near the girls.,near,peripheral,pl,f,4.95,sg,m,5.17,pl,f,5.38,like
the ladies near the girls like the boy.,near,center_embedding,pl,f,4.95,sg,m,5.17,pl,f,5.38,like
the ladies like the boy behind the girls.,behind,peripheral,pl,f,4.95,sg,m,5.17,pl,f,5.38,like
the ladies behind the girls like the boy.,behind,center_embedding,pl,f,4.95,sg,m,5.17,pl,f,5.38,like
the ladies see the boys near the girl.,near,peripheral,pl,f,4.95,pl,m,5.17,sg,f,5.38,see
the ladies near the girl see the boys.,near,center_embedding,pl,f,4.95,pl,m,5.17,sg,f,5.38,see
the ladies see the boys behind the girl.,behind,peripheral,pl,f,4.95,pl,m,5.17,sg,f,5.38,see
the ladies behind the girl see the boys.,behind,center_embedding,pl,f,4.95,pl,m,5.17,sg,f,5.38,see
the ladies like the boys near the girl.,near,peripheral,pl,f,4.95,pl,m,5.17,sg,f,5.38,like
the ladies near the girl like the boys.,near,center_embedding,pl,f,4.95,pl,m,5.17,sg,f,5.38,like
the ladies like the boys behind the girl.,behind,peripheral,pl,f,4.95,pl,m,5.17,sg,f,5.38,like
the ladies behind the girl like the boys.,behind,center_embedding,pl,f,4.95,pl,m,5.17,sg,f,5.38,like
the ladies see the boys near the girls.,near,peripheral,pl,f,4.95,pl,m,5.17,pl,f,5.38,see
the ladies near the girls see the boys.,near,center_embedding,pl,f,4.95,pl,m,5.17,pl,f,5.38,see
the ladies see the boys behind the girls.,behind,peripheral,pl,f,4.95,pl,m,5.17,pl,f,5.38,see
the ladies behind the girls see the boys.,behind,center_embedding,pl,f,4.95,pl,m,5.17,pl,f,5.38,see
the ladies like the boys near the girls.,near,peripheral,pl,f,4.95,pl,m,5.17,pl,f,5.38,like
the ladies near the girls like the boys.,near,center_embedding,pl,f,4.95,pl,m,5.17,pl,f,5.38,like
the ladies like the boys behind the girls.,behind,peripheral,pl,f,4.95,pl,m,5.17,pl,f,5.38,like
the ladies behind the girls like the boys.,behind,center_embedding,pl,f,4.95,pl,m,5.17,pl,f,5.38,like
the lady sees the boy near the man.,near,peripheral,sg,f,4.95,sg,m,5.17,sg,m,5.82,see
the lady near the man sees the boy.,near,center_embedding,sg,f,4.95,sg,m,5.17,sg,m,5.82,see
the lady sees the boy behind the man.,behind,peripheral,sg,f,4.95,sg,m,5.17,sg,m,5.82,see
the lady behind the man sees the boy.,behind,center_embedding,sg,f,4.95,sg,m,5.17,sg,m,5.82,see
the lady likes the boy near the man.,near,peripheral,sg,f,4.95,sg,m,5.17,sg,m,5.82,like
the lady near the man likes the boy.,near,center_embedding,sg,f,4.95,sg,m,5.17,sg,m,5.82,like
the lady likes the boy behind the man.,behind,peripheral,sg,f,4.95,sg,m,5.17,sg,m,5.82,like
the lady behind the man likes the boy.,behind,center_embedding,sg,f,4.95,sg,m,5.17,sg,m,5.82,like
the lady sees the boy near the men.,near,peripheral,sg,f,4.95,sg,m,5.17,pl,m,5.82,see
the lady near the men sees the boy.,near,center_embedding,sg,f,4.95,sg,m,5.17,pl,m,5.82,see
the lady sees the boy behind the men.,behind,peripheral,sg,f,4.95,sg,m,5.17,pl,m,5.82,see
the lady behind the men sees the boy.,behind,center_embedding,sg,f,4.95,sg,m,5.17,pl,m,5.82,see
the lady likes the boy near the men.,near,peripheral,sg,f,4.95,sg,m,5.17,pl,m,5.82,like
the lady near the men likes the boy.,near,center_embedding,sg,f,4.95,sg,m,5.17,pl,m,5.82,like
the lady likes the boy behind the men.,behind,peripheral,sg,f,4.95,sg,m,5.17,pl,m,5.82,like
the lady behind the men likes the boy.,behind,center_embedding,sg,f,4.95,sg,m,5.17,pl,m,5.82,like
the lady sees the boys near the man.,near,peripheral,sg,f,4.95,pl,m,5.17,sg,m,5.82,see
the lady near the man sees the boys.,near,center_embedding,sg,f,4.95,pl,m,5.17,sg,m,5.82,see
the lady sees the boys behind the man.,behind,peripheral,sg,f,4.95,pl,m,5.17,sg,m,5.82,see
the lady behind the man sees the boys.,behind,center_embedding,sg,f,4.95,pl,m,5.17,sg,m,5.82,see
the lady likes the boys near the man.,near,peripheral,sg,f,4.95,pl,m,5.17,sg,m,5.82,like
the lady near the man likes the boys.,near,center_embedding,sg,f,4.95,pl,m,5.17,sg,m,5.82,like
the lady likes the boys behind the man.,behind,peripheral,sg,f,4.95,pl,m,5.17,sg,m,5.82,like
the lady behind the man likes the boys.,behind,center_embedding,sg,f,4.95,pl,m,5.17,sg,m,5.82,like
the lady sees the boys near the men.,near,peripheral,sg,f,4.95,pl,m,5.17,pl,m,5.82,see
the lady near the men sees the boys.,near,center_embedding,sg,f,4.95,pl,m,5.17,pl,m,5.82,see
the lady sees the boys behind the men.,behind,peripheral,sg,f,4.95,pl,m,5.17,pl,m,5.82,see
the lady behind the men sees the boys.,behind,center_embedding,sg,f,4.95,pl,m,5.17,pl,m,5.82,see
the lady likes the boys near the men.,near,peripheral,sg,f,4.95,pl,m,5.17,pl,m,5.82,like
the lady near the men likes the boys.,near,center_embedding,sg,f,4.95,pl,m,5.17,pl,m,5.82,like
the lady likes the boys behind the men.,behind,peripheral,sg,f,4.95,pl,m,5.17,pl,m,5.82,like
the lady behind the men likes the boys.,behind,center_embedding,sg,f,4.95,pl,m,5.17,pl,m,5.82,like
the ladies see the boy near the man.,near,peripheral,pl,f,4.95,sg,m,5.17,sg,m,5.82,see
the ladies near the man see the boy.,near,center_embedding,pl,f,4.95,sg,m,5.17,sg,m,5.82,see
the ladies see the boy behind the man.,behind,peripheral,pl,f,4.95,sg,m,5.17,sg,m,5.82,see
the ladies behind the man see the boy.,behind,center_embedding,pl,f,4.95,sg,m,5.17,sg,m,5.82,see
the ladies like the boy near the man.,near,peripheral,pl,f,4.95,sg,m,5.17,sg,m,5.82,like
the ladies near the man like the boy.,near,center_embedding,pl,f,4.95,sg,m,5.17,sg,m,5.82,like
the ladies like the boy behind the man.,behind,peripheral,pl,f,4.95,sg,m,5.17,sg,m,5.82,like
the ladies behind the man like the boy.,behind,center_embedding,pl,f,4.95,sg,m,5.17,sg,m,5.82,like
the ladies see the boy near the men.,near,peripheral,pl,f,4.95,sg,m,5.17,pl,m,5.82,see
the ladies near the men see the boy.,near,center_embedding,pl,f,4.95,sg,m,5.17,pl,m,5.82,see
the ladies see the boy behind the men.,behind,peripheral,pl,f,4.95,sg,m,5.17,pl,m,5.82,see
the ladies behind the men see the boy.,behind,center_embedding,pl,f,4.95,sg,m,5.17,pl,m,5.82,see
the ladies like the boy near the men.,near,peripheral,pl,f,4.95,sg,m,5.17,pl,m,5.82,like
the ladies near the men like the boy.,near,center_embedding,pl,f,4.95,sg,m,5.17,pl,m,5.82,like
the ladies like the boy behind the men.,behind,peripheral,pl,f,4.95,sg,m,5.17,pl,m,5.82,like
the ladies behind the men like the boy.,behind,center_embedding,pl,f,4.95,sg,m,5.17,pl,m,5.82,like
the ladies see the boys near the man.,near,peripheral,pl,f,4.95,pl,m,5.17,sg,m,5.82,see
the ladies near the man see the boys.,near,center_embedding,pl,f,4.95,pl,m,5.17,sg,m,5.82,see
the ladies see the boys behind the man.,behind,peripheral,pl,f,4.95,pl,m,5.17,sg,m,5.82,see
the ladies behind the man see the boys.,behind,center_embedding,pl,f,4.95,pl,m,5.17,sg,m,5.82,see
the ladies like the boys near the man.,near,peripheral,pl,f,4.95,pl,m,5.17,sg,m,5.82,like
the ladies near the man like the boys.,near,center_embedding,pl,f,4.95,pl,m,5.17,sg,m,5.82,like
the ladies like the boys behind the man.,behind,peripheral,pl,f,4.95,pl,m,5.17,sg,m,5.82,like
the ladies behind the man like the boys.,behind,center_embedding,pl,f,4.95,pl,m,5.17,sg,m,5.82,like
the ladies see the boys near the men.,near,peripheral,pl,f,4.95,pl,m,5.17,pl,m,5.82,see
the ladies near the men see the boys.,near,center_embedding,pl,f,4.95,pl,m,5.17,pl,m,5.82,see
the ladies see the boys behind the men.,behind,peripheral,pl,f,4.95,pl,m,5.17,pl,m,5.82,see
the ladies behind the men see the boys.,behind,center_embedding,pl,f,4.95,pl,m,5.17,pl,m,5.82,see
the ladies like the boys near the men.,near,peripheral,pl,f,4.95,pl,m,5.17,pl,m,5.82,like
the ladies near the men like the boys.,near,center_embedding,pl,f,4.95,pl,m,5.17,pl,m,5.82,like
the ladies like the boys behind the men.,behind,peripheral,pl,f,4.95,pl,m,5.17,pl,m,5.82,like
the ladies behind the men like the boys.,behind,center_embedding,pl,f,4.95,pl,m,5.17,pl,m,5.82,like
the lady sees the boy near the king.,near,peripheral,sg,f,4.95,sg,m,5.17,sg,m,5.17,see
the lady near the king sees the boy.,near,center_embedding,sg,f,4.95,sg,m,5.17,sg,m,5.17,see
the lady sees the boy behind the king.,behind,peripheral,sg,f,4.95,sg,m,5.17,sg,m,5.17,see
the lady behind the king sees the boy.,behind,center_embedding,sg,f,4.95,sg,m,5.17,sg,m,5.17,see
the lady likes the boy near the king.,near,peripheral,sg,f,4.95,sg,m,5.17,sg,m,5.17,like
the lady near the king likes the boy.,near,center_embedding,sg,f,4.95,sg,m,5.17,sg,m,5.17,like
the lady likes the boy behind the king.,behind,peripheral,sg,f,4.95,sg,m,5.17,sg,m,5.17,like
the lady behind the king likes the boy.,behind,center_embedding,sg,f,4.95,sg,m,5.17,sg,m,5.17,like
the lady sees the boy near the kings.,near,peripheral,sg,f,4.95,sg,m,5.17,pl,m,5.17,see
the lady near the kings sees the boy.,near,center_embedding,sg,f,4.95,sg,m,5.17,pl,m,5.17,see
the lady sees the boy behind the kings.,behind,peripheral,sg,f,4.95,sg,m,5.17,pl,m,5.17,see
the lady behind the kings sees the boy.,behind,center_embedding,sg,f,4.95,sg,m,5.17,pl,m,5.17,see
the lady likes the boy near the kings.,near,peripheral,sg,f,4.95,sg,m,5.17,pl,m,5.17,like
the lady near the kings likes the boy.,near,center_embedding,sg,f,4.95,sg,m,5.17,pl,m,5.17,like
the lady likes the boy behind the kings.,behind,peripheral,sg,f,4.95,sg,m,5.17,pl,m,5.17,like
the lady behind the kings likes the boy.,behind,center_embedding,sg,f,4.95,sg,m,5.17,pl,m,5.17,like
the lady sees the boys near the king.,near,peripheral,sg,f,4.95,pl,m,5.17,sg,m,5.17,see
the lady near the king sees the boys.,near,center_embedding,sg,f,4.95,pl,m,5.17,sg,m,5.17,see
the lady sees the boys behind the king.,behind,peripheral,sg,f,4.95,pl,m,5.17,sg,m,5.17,see
the lady behind the king sees the boys.,behind,center_embedding,sg,f,4.95,pl,m,5.17,sg,m,5.17,see
the lady likes the boys near the king.,near,peripheral,sg,f,4.95,pl,m,5.17,sg,m,5.17,like
the lady near the king likes the boys.,near,center_embedding,sg,f,4.95,pl,m,5.17,sg,m,5.17,like
the lady likes the boys behind the king.,behind,peripheral,sg,f,4.95,pl,m,5.17,sg,m,5.17,like
the lady behind the king likes the boys.,behind,center_embedding,sg,f,4.95,pl,m,5.17,sg,m,5.17,like
the lady sees the boys near the kings.,near,peripheral,sg,f,4.95,pl,m,5.17,pl,m,5.17,see
the lady near the kings sees the boys.,near,center_embedding,sg,f,4.95,pl,m,5.17,pl,m,5.17,see
the lady sees the boys behind the kings.,behind,peripheral,sg,f,4.95,pl,m,5.17,pl,m,5.17,see
the lady behind the kings sees the boys.,behind,center_embedding,sg,f,4.95,pl,m,5.17,pl,m,5.17,see
the lady likes the boys near the kings.,near,peripheral,sg,f,4.95,pl,m,5.17,pl,m,5.17,like
the lady near the kings likes the boys.,near,center_embedding,sg,f,4.95,pl,m,5.17,pl,m,5.17,like
the lady likes the boys behind the kings.,behind,peripheral,sg,f,4.95,pl,m,5.17,pl,m,5.17,like
the lady behind the kings likes the boys.,behind,center_embedding,sg,f,4.95,pl,m,5.17,pl,m,5.17,like
the ladies see the boy near the king.,near,peripheral,pl,f,4.95,sg,m,5.17,sg,m,5.17,see
the ladies near the king see the boy.,near,center_embedding,pl,f,4.95,sg,m,5.17,sg,m,5.17,see
the ladies see the boy behind the king.,behind,peripheral,pl,f,4.95,sg,m,5.17,sg,m,5.17,see
the ladies behind the king see the boy.,behind,center_embedding,pl,f,4.95,sg,m,5.17,sg,m,5.17,see
the ladies like the boy near the king.,near,peripheral,pl,f,4.95,sg,m,5.17,sg,m,5.17,like
the ladies near the king like the boy.,near,center_embedding,pl,f,4.95,sg,m,5.17,sg,m,5.17,like
the ladies like the boy behind the king.,behind,peripheral,pl,f,4.95,sg,m,5.17,sg,m,5.17,like
the ladies behind the king like the boy.,behind,center_embedding,pl,f,4.95,sg,m,5.17,sg,m,5.17,like
the ladies see the boy near the kings.,near,peripheral,pl,f,4.95,sg,m,5.17,pl,m,5.17,see
the ladies near the kings see the boy.,near,center_embedding,pl,f,4.95,sg,m,5.17,pl,m,5.17,see
the ladies see the boy behind the kings.,behind,peripheral,pl,f,4.95,sg,m,5.17,pl,m,5.17,see
the ladies behind the kings see the boy.,behind,center_embedding,pl,f,4.95,sg,m,5.17,pl,m,5.17,see
the ladies like the boy near the kings.,near,peripheral,pl,f,4.95,sg,m,5.17,pl,m,5.17,like
the ladies near the kings like the boy.,near,center_embedding,pl,f,4.95,sg,m,5.17,pl,m,5.17,like
the ladies like the boy behind the kings.,behind,peripheral,pl,f,4.95,sg,m,5.17,pl,m,5.17,like
the ladies behind the kings like the boy.,behind,center_embedding,pl,f,4.95,sg,m,5.17,pl,m,5.17,like
the ladies see the boys near the king.,near,peripheral,pl,f,4.95,pl,m,5.17,sg,m,5.17,see
the ladies near the king see the boys.,near,center_embedding,pl,f,4.95,pl,m,5.17,sg,m,5.17,see
the ladies see the boys behind the king.,behind,peripheral,pl,f,4.95,pl,m,5.17,sg,m,5.17,see
the ladies behind the king see the boys.,behind,center_embedding,pl,f,4.95,pl,m,5.17,sg,m,5.17,see
the ladies like the boys near the king.,near,peripheral,pl,f,4.95,pl,m,5.17,sg,m,5.17,like
the ladies near the king like the boys.,near,center_embedding,pl,f,4.95,pl,m,5.17,sg,m,5.17,like
the ladies like the boys behind the king.,behind,peripheral,pl,f,4.95,pl,m,5.17,sg,m,5.17,like
the ladies behind the king like the boys.,behind,center_embedding,pl,f,4.95,pl,m,5.17,sg,m,5.17,like
the ladies see the boys near the kings.,near,peripheral,pl,f,4.95,pl,m,5.17,pl,m,5.17,see
the ladies near the kings see the boys.,near,center_embedding,pl,f,4.95,pl,m,5.17,pl,m,5.17,see
the ladies see the boys behind the kings.,behind,peripheral,pl,f,4.95,pl,m,5.17,pl,m,5.17,see
the ladies behind the kings see the boys.,behind,center_embedding,pl,f,4.95,pl,m,5.17,pl,m,5.17,see
the ladies like the boys near the kings.,near,peripheral,pl,f,4.95,pl,m,5.17,pl,m,5.17,like
the ladies near the kings like the boys.,near,center_embedding,pl,f,4.95,pl,m,5.17,pl,m,5.17,like
the ladies like the boys behind the kings.,behind,peripheral,pl,f,4.95,pl,m,5.17,pl,m,5.17,like
the ladies behind the kings like the boys.,behind,center_embedding,pl,f,4.95,pl,m,5.17,pl,m,5.17,like
the lady sees the king near the woman.,near,peripheral,sg,f,4.95,sg,m,5.17,sg,f,5.35,see
the lady near the woman sees the king.,near,center_embedding,sg,f,4.95,sg,m,5.17,sg,f,5.35,see
the lady sees the king behind the woman.,behind,peripheral,sg,f,4.95,sg,m,5.17,sg,f,5.35,see
the lady behind the woman sees the king.,behind,center_embedding,sg,f,4.95,sg,m,5.17,sg,f,5.35,see
the lady likes the king near the woman.,near,peripheral,sg,f,4.95,sg,m,5.17,sg,f,5.35,like
the lady near the woman likes the king.,near,center_embedding,sg,f,4.95,sg,m,5.17,sg,f,5.35,like
the lady likes the king behind the woman.,behind,peripheral,sg,f,4.95,sg,m,5.17,sg,f,5.35,like
the lady behind the woman likes the king.,behind,center_embedding,sg,f,4.95,sg,m,5.17,sg,f,5.35,like
the lady sees the king near the women.,near,peripheral,sg,f,4.95,sg,m,5.17,pl,f,5.35,see
the lady near the women sees the king.,near,center_embedding,sg,f,4.95,sg,m,5.17,pl,f,5.35,see
the lady sees the king behind the women.,behind,peripheral,sg,f,4.95,sg,m,5.17,pl,f,5.35,see
the lady behind the women sees the king.,behind,center_embedding,sg,f,4.95,sg,m,5.17,pl,f,5.35,see
the lady likes the king near the women.,near,peripheral,sg,f,4.95,sg,m,5.17,pl,f,5.35,like
the lady near the women likes the king.,near,center_embedding,sg,f,4.95,sg,m,5.17,pl,f,5.35,like
the lady likes the king behind the women.,behind,peripheral,sg,f,4.95,sg,m,5.17,pl,f,5.35,like
the lady behind the women likes the king.,behind,center_embedding,sg,f,4.95,sg,m,5.17,pl,f,5.35,like
the lady sees the kings near the woman.,near,peripheral,sg,f,4.95,pl,m,5.17,sg,f,5.35,see
the lady near the woman sees the kings.,near,center_embedding,sg,f,4.95,pl,m,5.17,sg,f,5.35,see
the lady sees the kings behind the woman.,behind,peripheral,sg,f,4.95,pl,m,5.17,sg,f,5.35,see
the lady behind the woman sees the kings.,behind,center_embedding,sg,f,4.95,pl,m,5.17,sg,f,5.35,see
the lady likes the kings near the woman.,near,peripheral,sg,f,4.95,pl,m,5.17,sg,f,5.35,like
the lady near the woman likes the kings.,near,center_embedding,sg,f,4.95,pl,m,5.17,sg,f,5.35,like
the lady likes the kings behind the woman.,behind,peripheral,sg,f,4.95,pl,m,5.17,sg,f,5.35,like
the lady behind the woman likes the kings.,behind,center_embedding,sg,f,4.95,pl,m,5.17,sg,f,5.35,like
the lady sees the kings near the women.,near,peripheral,sg,f,4.95,pl,m,5.17,pl,f,5.35,see
the lady near the women sees the kings.,near,center_embedding,sg,f,4.95,pl,m,5.17,pl,f,5.35,see
the lady sees the kings behind the women.,behind,peripheral,sg,f,4.95,pl,m,5.17,pl,f,5.35,see
the lady behind the women sees the kings.,behind,center_embedding,sg,f,4.95,pl,m,5.17,pl,f,5.35,see
the lady likes the kings near the women.,near,peripheral,sg,f,4.95,pl,m,5.17,pl,f,5.35,like
the lady near the women likes the kings.,near,center_embedding,sg,f,4.95,pl,m,5.17,pl,f,5.35,like
the lady likes the kings behind the women.,behind,peripheral,sg,f,4.95,pl,m,5.17,pl,f,5.35,like
the lady behind the women likes the kings.,behind,center_embedding,sg,f,4.95,pl,m,5.17,pl,f,5.35,like
the ladies see the king near the woman.,near,peripheral,pl,f,4.95,sg,m,5.17,sg,f,5.35,see
the ladies near the woman see the king.,near,center_embedding,pl,f,4.95,sg,m,5.17,sg,f,5.35,see
the ladies see the king behind the woman.,behind,peripheral,pl,f,4.95,sg,m,5.17,sg,f,5.35,see
the ladies behind the woman see the king.,behind,center_embedding,pl,f,4.95,sg,m,5.17,sg,f,5.35,see
the ladies like the king near the woman.,near,peripheral,pl,f,4.95,sg,m,5.17,sg,f,5.35,like
the ladies near the woman like the king.,near,center_embedding,pl,f,4.95,sg,m,5.17,sg,f,5.35,like
the ladies like the king behind the woman.,behind,peripheral,pl,f,4.95,sg,m,5.17,sg,f,5.35,like
the ladies behind the woman like the king.,behind,center_embedding,pl,f,4.95,sg,m,5.17,sg,f,5.35,like
the ladies see the king near the women.,near,peripheral,pl,f,4.95,sg,m,5.17,pl,f,5.35,see
the ladies near the women see the king.,near,center_embedding,pl,f,4.95,sg,m,5.17,pl,f,5.35,see
the ladies see the king behind the women.,behind,peripheral,pl,f,4.95,sg,m,5.17,pl,f,5.35,see
the ladies behind the women see the king.,behind,center_embedding,pl,f,4.95,sg,m,5.17,pl,f,5.35,see
the ladies like the king near the women.,near,peripheral,pl,f,4.95,sg,m,5.17,pl,f,5.35,like
the ladies near the women like the king.,near,center_embedding,pl,f,4.95,sg,m,5.17,pl,f,5.35,like
the ladies like the king behind the women.,behind,peripheral,pl,f,4.95,sg,m,5.17,pl,f,5.35,like
the ladies behind the women like the king.,behind,center_embedding,pl,f,4.95,sg,m,5.17,pl,f,5.35,like
the ladies see the kings near the woman.,near,peripheral,pl,f,4.95,pl,m,5.17,sg,f,5.35,see
the ladies near the woman see the kings.,near,center_embedding,pl,f,4.95,pl,m,5.17,sg,f,5.35,see
the ladies see the kings behind the woman.,behind,peripheral,pl,f,4.95,pl,m,5.17,sg,f,5.35,see
the ladies behind the woman see the kings.,behind,center_embedding,pl,f,4.95,pl,m,5.17,sg,f,5.35,see
the ladies like the kings near the woman.,near,peripheral,pl,f,4.95,pl,m,5.17,sg,f,5.35,like
the ladies near the woman like the kings.,near,center_embedding,pl,f,4.95,pl,m,5.17,sg,f,5.35,like
the ladies like the kings behind the woman.,behind,peripheral,pl,f,4.95,pl,m,5.17,sg,f,5.35,like
the ladies behind the woman like the kings.,behind,center_embedding,pl,f,4.95,pl,m,5.17,sg,f,5.35,like
the ladies see the kings near the women.,near,peripheral,pl,f,4.95,pl,m,5.17,pl,f,5.35,see
the ladies near the women see the kings.,near,center_embedding,pl,f,4.95,pl,m,5.17,pl,f,5.35,see
the ladies see the kings behind the women.,behind,peripheral,pl,f,4.95,pl,m,5.17,pl,f,5.35,see
the ladies behind the women see the kings.,behind,center_embedding,pl,f,4.95,pl,m,5.17,pl,f,5.35,see
the ladies like the kings near the women.,near,peripheral,pl,f,4.95,pl,m,5.17,pl,f,5.35,like
the ladies near the women like the kings.,near,center_embedding,pl,f,4.95,pl,m,5.17,pl,f,5.35,like
the ladies like the kings behind the women.,behind,peripheral,pl,f,4.95,pl,m,5.17,pl,f,5.35,like
the ladies behind the women like the kings.,behind,center_embedding,pl,f,4.95,pl,m,5.17,pl,f,5.35,like
the lady sees the king near the girl.,near,peripheral,sg,f,4.95,sg,m,5.17,sg,f,5.38,see
the lady near the girl sees the king.,near,center_embedding,sg,f,4.95,sg,m,5.17,sg,f,5.38,see
the lady sees the king behind the girl.,behind,peripheral,sg,f,4.95,sg,m,5.17,sg,f,5.38,see
the lady behind the girl sees the king.,behind,center_embedding,sg,f,4.95,sg,m,5.17,sg,f,5.38,see
the lady likes the king near the girl.,near,peripheral,sg,f,4.95,sg,m,5.17,sg,f,5.38,like
the lady near the girl likes the king.,near,center_embedding,sg,f,4.95,sg,m,5.17,sg,f,5.38,like
the lady likes the king behind the girl.,behind,peripheral,sg,f,4.95,sg,m,5.17,sg,f,5.38,like
the lady behind the girl likes the king.,behind,center_embedding,sg,f,4.95,sg,m,5.17,sg,f,5.38,like
the lady sees the king near the girls.,near,peripheral,sg,f,4.95,sg,m,5.17,pl,f,5.38,see
the lady near the girls sees the king.,near,center_embedding,sg,f,4.95,sg,m,5.17,pl,f,5.38,see
the lady sees the king behind the girls.,behind,peripheral,sg,f,4.95,sg,m,5.17,pl,f,5.38,see
the lady behind the girls sees the king.,behind,center_embedding,sg,f,4.95,sg,m,5.17,pl,f,5.38,see
the lady likes the king near the girls.,near,peripheral,sg,f,4.95,sg,m,5.17,pl,f,5.38,like
the lady near the girls likes the king.,near,center_embedding,sg,f,4.95,sg,m,5.17,pl,f,5.38,like
the lady likes the king behind the girls.,behind,peripheral,sg,f,4.95,sg,m,5.17,pl,f,5.38,like
the lady behind the girls likes the king.,behind,center_embedding,sg,f,4.95,sg,m,5.17,pl,f,5.38,like
the lady sees the kings near the girl.,near,peripheral,sg,f,4.95,pl,m,5.17,sg,f,5.38,see
the lady near the girl sees the kings.,near,center_embedding,sg,f,4.95,pl,m,5.17,sg,f,5.38,see
the lady sees the kings behind the girl.,behind,peripheral,sg,f,4.95,pl,m,5.17,sg,f,5.38,see
the lady behind the girl sees the kings.,behind,center_embedding,sg,f,4.95,pl,m,5.17,sg,f,5.38,see
the lady likes the kings near the girl.,near,peripheral,sg,f,4.95,pl,m,5.17,sg,f,5.38,like
the lady near the girl likes the kings.,near,center_embedding,sg,f,4.95,pl,m,5.17,sg,f,5.38,like
the lady likes the kings behind the girl.,behind,peripheral,sg,f,4.95,pl,m,5.17,sg,f,5.38,like
the lady behind the girl likes the kings.,behind,center_embedding,sg,f,4.95,pl,m,5.17,sg,f,5.38,like
the lady sees the kings near the girls.,near,peripheral,sg,f,4.95,pl,m,5.17,pl,f,5.38,see
the lady near the girls sees the kings.,near,center_embedding,sg,f,4.95,pl,m,5.17,pl,f,5.38,see
the lady sees the kings behind the girls.,behind,peripheral,sg,f,4.95,pl,m,5.17,pl,f,5.38,see
the lady behind the girls sees the kings.,behind,center_embedding,sg,f,4.95,pl,m,5.17,pl,f,5.38,see
the lady likes the kings near the girls.,near,peripheral,sg,f,4.95,pl,m,5.17,pl,f,5.38,like
the lady near the girls likes the kings.,near,center_embedding,sg,f,4.95,pl,m,5.17,pl,f,5.38,like
the lady likes the kings behind the girls.,behind,peripheral,sg,f,4.95,pl,m,5.17,pl,f,5.38,like
the lady behind the girls likes the kings.,behind,center_embedding,sg,f,4.95,pl,m,5.17,pl,f,5.38,like
the ladies see the king near the girl.,near,peripheral,pl,f,4.95,sg,m,5.17,sg,f,5.38,see
the ladies near the girl see the king.,near,center_embedding,pl,f,4.95,sg,m,5.17,sg,f,5.38,see
the ladies see the king behind the girl.,behind,peripheral,pl,f,4.95,sg,m,5.17,sg,f,5.38,see
the ladies behind the girl see the king.,behind,center_embedding,pl,f,4.95,sg,m,5.17,sg,f,5.38,see
the ladies like the king near the girl.,near,peripheral,pl,f,4.95,sg,m,5.17,sg,f,5.38,like
the ladies near the girl like the king.,near,center_embedding,pl,f,4.95,sg,m,5.17,sg,f,5.38,like
the ladies like the king behind the girl.,behind,peripheral,pl,f,4.95,sg,m,5.17,sg,f,5.38,like
the ladies behind the girl like the king.,behind,center_embedding,pl,f,4.95,sg,m,5.17,sg,f,5.38,like
the ladies see the king near the girls.,near,peripheral,pl,f,4.95,sg,m,5.17,pl,f,5.38,see
the ladies near the girls see the king.,near,center_embedding,pl,f,4.95,sg,m,5.17,pl,f,5.38,see
the ladies see the king behind the girls.,behind,peripheral,pl,f,4.95,sg,m,5.17,pl,f,5.38,see
the ladies behind the girls see the king.,behind,center_embedding,pl,f,4.95,sg,m,5.17,pl,f,5.38,see
the ladies like the king near the girls.,near,peripheral,pl,f,4.95,sg,m,5.17,pl,f,5.38,like
the ladies near the girls like the king.,near,center_embedding,pl,f,4.95,sg,m,5.17,pl,f,5.38,like
the ladies like the king behind the girls.,behind,peripheral,pl,f,4.95,sg,m,5.17,pl,f,5.38,like
the ladies behind the girls like the king.,behind,center_embedding,pl,f,4.95,sg,m,5.17,pl,f,5.38,like
the ladies see the kings near the girl.,near,peripheral,pl,f,4.95,pl,m,5.17,sg,f,5.38,see
the ladies near the girl see the kings.,near,center_embedding,pl,f,4.95,pl,m,5.17,sg,f,5.38,see
the ladies see the kings behind the girl.,behind,peripheral,pl,f,4.95,pl,m,5.17,sg,f,5.38,see
the ladies behind the girl see the kings.,behind,center_embedding,pl,f,4.95,pl,m,5.17,sg,f,5.38,see
the ladies like the kings near the girl.,near,peripheral,pl,f,4.95,pl,m,5.17,sg,f,5.38,like
the ladies near the girl like the kings.,near,center_embedding,pl,f,4.95,pl,m,5.17,sg,f,5.38,like
the ladies like the kings behind the girl.,behind,peripheral,pl,f,4.95,pl,m,5.17,sg,f,5.38,like
the ladies behind the girl like the kings.,behind,center_embedding,pl,f,4.95,pl,m,5.17,sg,f,5.38,like
the ladies see the kings near the girls.,near,peripheral,pl,f,4.95,pl,m,5.17,pl,f,5.38,see
the ladies near the girls see the kings.,near,center_embedding,pl,f,4.95,pl,m,5.17,pl,f,5.38,see
the ladies see the kings behind the girls.,behind,peripheral,pl,f,4.95,pl,m,5.17,pl,f,5.38,see
the ladies behind the girls see the kings.,behind,center_embedding,pl,f,4.95,pl,m,5.17,pl,f,5.38,see
the ladies like the kings near the girls.,near,peripheral,pl,f,4.95,pl,m,5.17,pl,f,5.38,like
the ladies near the girls like the kings.,near,center_embedding,pl,f,4.95,pl,m,5.17,pl,f,5.38,like
the ladies like the kings behind the girls.,behind,peripheral,pl,f,4.95,pl,m,5.17,pl,f,5.38,like
the ladies behind the girls like the kings.,behind,center_embedding,pl,f,4.95,pl,m,5.17,pl,f,5.38,like
the lady sees the king near the man.,near,peripheral,sg,f,4.95,sg,m,5.17,sg,m,5.82,see
the lady near the man sees the king.,near,center_embedding,sg,f,4.95,sg,m,5.17,sg,m,5.82,see
the lady sees the king behind the man.,behind,peripheral,sg,f,4.95,sg,m,5.17,sg,m,5.82,see
the lady behind the man sees the king.,behind,center_embedding,sg,f,4.95,sg,m,5.17,sg,m,5.82,see
the lady likes the king near the man.,near,peripheral,sg,f,4.95,sg,m,5.17,sg,m,5.82,like
the lady near the man likes the king.,near,center_embedding,sg,f,4.95,sg,m,5.17,sg,m,5.82,like
the lady likes the king behind the man.,behind,peripheral,sg,f,4.95,sg,m,5.17,sg,m,5.82,like
the lady behind the man likes the king.,behind,center_embedding,sg,f,4.95,sg,m,5.17,sg,m,5.82,like
the lady sees the king near the men.,near,peripheral,sg,f,4.95,sg,m,5.17,pl,m,5.82,see
the lady near the men sees the king.,near,center_embedding,sg,f,4.95,sg,m,5.17,pl,m,5.82,see
the lady sees the king behind the men.,behind,peripheral,sg,f,4.95,sg,m,5.17,pl,m,5.82,see
the lady behind the men sees the king.,behind,center_embedding,sg,f,4.95,sg,m,5.17,pl,m,5.82,see
the lady likes the king near the men.,near,peripheral,sg,f,4.95,sg,m,5.17,pl,m,5.82,like
the lady near the men likes the king.,near,center_embedding,sg,f,4.95,sg,m,5.17,pl,m,5.82,like
the lady likes the king behind the men.,behind,peripheral,sg,f,4.95,sg,m,5.17,pl,m,5.82,like
the lady behind the men likes the king.,behind,center_embedding,sg,f,4.95,sg,m,5.17,pl,m,5.82,like
the lady sees the kings near the man.,near,peripheral,sg,f,4.95,pl,m,5.17,sg,m,5.82,see
the lady near the man sees the kings.,near,center_embedding,sg,f,4.95,pl,m,5.17,sg,m,5.82,see
the lady sees the kings behind the man.,behind,peripheral,sg,f,4.95,pl,m,5.17,sg,m,5.82,see
the lady behind the man sees the kings.,behind,center_embedding,sg,f,4.95,pl,m,5.17,sg,m,5.82,see
the lady likes the kings near the man.,near,peripheral,sg,f,4.95,pl,m,5.17,sg,m,5.82,like
the lady near the man likes the kings.,near,center_embedding,sg,f,4.95,pl,m,5.17,sg,m,5.82,like
the lady likes the kings behind the man.,behind,peripheral,sg,f,4.95,pl,m,5.17,sg,m,5.82,like
the lady behind the man likes the kings.,behind,center_embedding,sg,f,4.95,pl,m,5.17,sg,m,5.82,like
the lady sees the kings near the men.,near,peripheral,sg,f,4.95,pl,m,5.17,pl,m,5.82,see
the lady near the men sees the kings.,near,center_embedding,sg,f,4.95,pl,m,5.17,pl,m,5.82,see
the lady sees the kings behind the men.,behind,peripheral,sg,f,4.95,pl,m,5.17,pl,m,5.82,see
the lady behind the men sees the kings.,behind,center_embedding,sg,f,4.95,pl,m,5.17,pl,m,5.82,see
the lady likes the kings near the men.,near,peripheral,sg,f,4.95,pl,m,5.17,pl,m,5.82,like
the lady near the men likes the kings.,near,center_embedding,sg,f,4.95,pl,m,5.17,pl,m,5.82,like
the lady likes the kings behind the men.,behind,peripheral,sg,f,4.95,pl,m,5.17,pl,m,5.82,like
the lady behind the men likes the kings.,behind,center_embedding,sg,f,4.95,pl,m,5.17,pl,m,5.82,like
the ladies see the king near the man.,near,peripheral,pl,f,4.95,sg,m,5.17,sg,m,5.82,see
the ladies near the man see the king.,near,center_embedding,pl,f,4.95,sg,m,5.17,sg,m,5.82,see
the ladies see the king behind the man.,behind,peripheral,pl,f,4.95,sg,m,5.17,sg,m,5.82,see
the ladies behind the man see the king.,behind,center_embedding,pl,f,4.95,sg,m,5.17,sg,m,5.82,see
the ladies like the king near the man.,near,peripheral,pl,f,4.95,sg,m,5.17,sg,m,5.82,like
the ladies near the man like the king.,near,center_embedding,pl,f,4.95,sg,m,5.17,sg,m,5.82,like
the ladies like the king behind the man.,behind,peripheral,pl,f,4.95,sg,m,5.17,sg,m,5.82,like
the ladies behind the man like the king.,behind,center_embedding,pl,f,4.95,sg,m,5.17,sg,m,5.82,like
the ladies see the king near the men.,near,peripheral,pl,f,4.95,sg,m,5.17,pl,m,5.82,see
the ladies near the men see the king.,near,center_embedding,pl,f,4.95,sg,m,5.17,pl,m,5.82,see
the ladies see the king behind the men.,behind,peripheral,pl,f,4.95,sg,m,5.17,pl,m,5.82,see
the ladies behind the men see the king.,behind,center_embedding,pl,f,4.95,sg,m,5.17,pl,m,5.82,see
the ladies like the king near the men.,near,peripheral,pl,f,4.95,sg,m,5.17,pl,m,5.82,like
the ladies near the men like the king.,near,center_embedding,pl,f,4.95,sg,m,5.17,pl,m,5.82,like
the ladies like the king behind the men.,behind,peripheral,pl,f,4.95,sg,m,5.17,pl,m,5.82,like
the ladies behind the men like the king.,behind,center_embedding,pl,f,4.95,sg,m,5.17,pl,m,5.82,like
the ladies see the kings near the man.,near,peripheral,pl,f,4.95,pl,m,5.17,sg,m,5.82,see
the ladies near the man see the kings.,near,center_embedding,pl,f,4.95,pl,m,5.17,sg,m,5.82,see
the ladies see the kings behind the man.,behind,peripheral,pl,f,4.95,pl,m,5.17,sg,m,5.82,see
the ladies behind the man see the kings.,behind,center_embedding,pl,f,4.95,pl,m,5.17,sg,m,5.82,see
the ladies like the kings near the man.,near,peripheral,pl,f,4.95,pl,m,5.17,sg,m,5.82,like
the ladies near the man like the kings.,near,center_embedding,pl,f,4.95,pl,m,5.17,sg,m,5.82,like
the ladies like the kings behind the man.,behind,peripheral,pl,f,4.95,pl,m,5.17,sg,m,5.82,like
the ladies behind the man like the kings.,behind,center_embedding,pl,f,4.95,pl,m,5.17,sg,m,5.82,like
the ladies see the kings near the men.,near,peripheral,pl,f,4.95,pl,m,5.17,pl,m,5.82,see
the ladies near the men see the kings.,near,center_embedding,pl,f,4.95,pl,m,5.17,pl,m,5.82,see
the ladies see the kings behind the men.,behind,peripheral,pl,f,4.95,pl,m,5.17,pl,m,5.82,see
the ladies behind the men see the kings.,behind,center_embedding,pl,f,4.95,pl,m,5.17,pl,m,5.82,see
the ladies like the kings near the men.,near,peripheral,pl,f,4.95,pl,m,5.17,pl,m,5.82,like
the ladies near the men like the kings.,near,center_embedding,pl,f,4.95,pl,m,5.17,pl,m,5.82,like
the ladies like the kings behind the men.,behind,peripheral,pl,f,4.95,pl,m,5.17,pl,m,5.82,like
the ladies behind the men like the kings.,behind,center_embedding,pl,f,4.95,pl,m,5.17,pl,m,5.82,like
the lady sees the king near the boy.,near,peripheral,sg,f,4.95,sg,m,5.17,sg,m,5.17,see
the lady near the boy sees the king.,near,center_embedding,sg,f,4.95,sg,m,5.17,sg,m,5.17,see
the lady sees the king behind the boy.,behind,peripheral,sg,f,4.95,sg,m,5.17,sg,m,5.17,see
the lady behind the boy sees the king.,behind,center_embedding,sg,f,4.95,sg,m,5.17,sg,m,5.17,see
the lady likes the king near the boy.,near,peripheral,sg,f,4.95,sg,m,5.17,sg,m,5.17,like
the lady near the boy likes the king.,near,center_embedding,sg,f,4.95,sg,m,5.17,sg,m,5.17,like
the lady likes the king behind the boy.,behind,peripheral,sg,f,4.95,sg,m,5.17,sg,m,5.17,like
the lady behind the boy likes the king.,behind,center_embedding,sg,f,4.95,sg,m,5.17,sg,m,5.17,like
the lady sees the king near the boys.,near,peripheral,sg,f,4.95,sg,m,5.17,pl,m,5.17,see
the lady near the boys sees the king.,near,center_embedding,sg,f,4.95,sg,m,5.17,pl,m,5.17,see
the lady sees the king behind the boys.,behind,peripheral,sg,f,4.95,sg,m,5.17,pl,m,5.17,see
the lady behind the boys sees the king.,behind,center_embedding,sg,f,4.95,sg,m,5.17,pl,m,5.17,see
the lady likes the king near the boys.,near,peripheral,sg,f,4.95,sg,m,5.17,pl,m,5.17,like
the lady near the boys likes the king.,near,center_embedding,sg,f,4.95,sg,m,5.17,pl,m,5.17,like
the lady likes the king behind the boys.,behind,peripheral,sg,f,4.95,sg,m,5.17,pl,m,5.17,like
the lady behind the boys likes the king.,behind,center_embedding,sg,f,4.95,sg,m,5.17,pl,m,5.17,like
the lady sees the kings near the boy.,near,peripheral,sg,f,4.95,pl,m,5.17,sg,m,5.17,see
the lady near the boy sees the kings.,near,center_embedding,sg,f,4.95,pl,m,5.17,sg,m,5.17,see
the lady sees the kings behind the boy.,behind,peripheral,sg,f,4.95,pl,m,5.17,sg,m,5.17,see
the lady behind the boy sees the kings.,behind,center_embedding,sg,f,4.95,pl,m,5.17,sg,m,5.17,see
the lady likes the kings near the boy.,near,peripheral,sg,f,4.95,pl,m,5.17,sg,m,5.17,like
the lady near the boy likes the kings.,near,center_embedding,sg,f,4.95,pl,m,5.17,sg,m,5.17,like
the lady likes the kings behind the boy.,behind,peripheral,sg,f,4.95,pl,m,5.17,sg,m,5.17,like
the lady behind the boy likes the kings.,behind,center_embedding,sg,f,4.95,pl,m,5.17,sg,m,5.17,like
the lady sees the kings near the boys.,near,peripheral,sg,f,4.95,pl,m,5.17,pl,m,5.17,see
the lady near the boys sees the kings.,near,center_embedding,sg,f,4.95,pl,m,5.17,pl,m,5.17,see
the lady sees the kings behind the boys.,behind,peripheral,sg,f,4.95,pl,m,5.17,pl,m,5.17,see
the lady behind the boys sees the kings.,behind,center_embedding,sg,f,4.95,pl,m,5.17,pl,m,5.17,see
the lady likes the kings near the boys.,near,peripheral,sg,f,4.95,pl,m,5.17,pl,m,5.17,like
the lady near the boys likes the kings.,near,center_embedding,sg,f,4.95,pl,m,5.17,pl,m,5.17,like
the lady likes the kings behind the boys.,behind,peripheral,sg,f,4.95,pl,m,5.17,pl,m,5.17,like
the lady behind the boys likes the kings.,behind,center_embedding,sg,f,4.95,pl,m,5.17,pl,m,5.17,like
the ladies see the king near the boy.,near,peripheral,pl,f,4.95,sg,m,5.17,sg,m,5.17,see
the ladies near the boy see the king.,near,center_embedding,pl,f,4.95,sg,m,5.17,sg,m,5.17,see
the ladies see the king behind the boy.,behind,peripheral,pl,f,4.95,sg,m,5.17,sg,m,5.17,see
the ladies behind the boy see the king.,behind,center_embedding,pl,f,4.95,sg,m,5.17,sg,m,5.17,see
the ladies like the king near the boy.,near,peripheral,pl,f,4.95,sg,m,5.17,sg,m,5.17,like
the ladies near the boy like the king.,near,center_embedding,pl,f,4.95,sg,m,5.17,sg,m,5.17,like
the ladies like the king behind the boy.,behind,peripheral,pl,f,4.95,sg,m,5.17,sg,m,5.17,like
the ladies behind the boy like the king.,behind,center_embedding,pl,f,4.95,sg,m,5.17,sg,m,5.17,like
the ladies see the king near the boys.,near,peripheral,pl,f,4.95,sg,m,5.17,pl,m,5.17,see
the ladies near the boys see the king.,near,center_embedding,pl,f,4.95,sg,m,5.17,pl,m,5.17,see
the ladies see the king behind the boys.,behind,peripheral,pl,f,4.95,sg,m,5.17,pl,m,5.17,see
the ladies behind the boys see the king.,behind,center_embedding,pl,f,4.95,sg,m,5.17,pl,m,5.17,see
the ladies like the king near the boys.,near,peripheral,pl,f,4.95,sg,m,5.17,pl,m,5.17,like
the ladies near the boys like the king.,near,center_embedding,pl,f,4.95,sg,m,5.17,pl,m,5.17,like
the ladies like the king behind the boys.,behind,peripheral,pl,f,4.95,sg,m,5.17,pl,m,5.17,like
the ladies behind the boys like the king.,behind,center_embedding,pl,f,4.95,sg,m,5.17,pl,m,5.17,like
the ladies see the kings near the boy.,near,peripheral,pl,f,4.95,pl,m,5.17,sg,m,5.17,see
the ladies near the boy see the kings.,near,center_embedding,pl,f,4.95,pl,m,5.17,sg,m,5.17,see
the ladies see the kings behind the boy.,behind,peripheral,pl,f,4.95,pl,m,5.17,sg,m,5.17,see
the ladies behind the boy see the kings.,behind,center_embedding,pl,f,4.95,pl,m,5.17,sg,m,5.17,see
the ladies like the kings near the boy.,near,peripheral,pl,f,4.95,pl,m,5.17,sg,m,5.17,like
the ladies near the boy like the kings.,near,center_embedding,pl,f,4.95,pl,m,5.17,sg,m,5.17,like
the ladies like the kings behind the boy.,behind,peripheral,pl,f,4.95,pl,m,5.17,sg,m,5.17,like
the ladies behind the boy like the kings.,behind,center_embedding,pl,f,4.95,pl,m,5.17,sg,m,5.17,like
the ladies see the kings near the boys.,near,peripheral,pl,f,4.95,pl,m,5.17,pl,m,5.17,see
the ladies near the boys see the kings.,near,center_embedding,pl,f,4.95,pl,m,5.17,pl,m,5.17,see
the ladies see the kings behind the boys.,behind,peripheral,pl,f,4.95,pl,m,5.17,pl,m,5.17,see
the ladies behind the boys see the kings.,behind,center_embedding,pl,f,4.95,pl,m,5.17,pl,m,5.17,see
the ladies like the kings near the boys.,near,peripheral,pl,f,4.95,pl,m,5.17,pl,m,5.17,like
the ladies near the boys like the kings.,near,center_embedding,pl,f,4.95,pl,m,5.17,pl,m,5.17,like
the ladies like the kings behind the boys.,behind,peripheral,pl,f,4.95,pl,m,5.17,pl,m,5.17,like
the ladies behind the boys like the kings.,behind,center_embedding,pl,f,4.95,pl,m,5.17,pl,m,5.17,like
the man sees the woman near the girl.,near,peripheral,sg,m,5.82,sg,f,5.35,sg,f,5.38,see
the man near the girl sees the woman.,near,center_embedding,sg,m,5.82,sg,f,5.35,sg,f,5.38,see
the man sees the woman behind the girl.,behind,peripheral,sg,m,5.82,sg,f,5.35,sg,f,5.38,see
the man behind the girl sees the woman.,behind,center_embedding,sg,m,5.82,sg,f,5.35,sg,f,5.38,see
the man likes the woman near the girl.,near,peripheral,sg,m,5.82,sg,f,5.35,sg,f,5.38,like
the man near the girl likes the woman.,near,center_embedding,sg,m,5.82,sg,f,5.35,sg,f,5.38,like
the man likes the woman behind the girl.,behind,peripheral,sg,m,5.82,sg,f,5.35,sg,f,5.38,like
the man behind the girl likes the woman.,behind,center_embedding,sg,m,5.82,sg,f,5.35,sg,f,5.38,like
the man sees the woman near the girls.,near,peripheral,sg,m,5.82,sg,f,5.35,pl,f,5.38,see
the man near the girls sees the woman.,near,center_embedding,sg,m,5.82,sg,f,5.35,pl,f,5.38,see
the man sees the woman behind the girls.,behind,peripheral,sg,m,5.82,sg,f,5.35,pl,f,5.38,see
the man behind the girls sees the woman.,behind,center_embedding,sg,m,5.82,sg,f,5.35,pl,f,5.38,see
the man likes the woman near the girls.,near,peripheral,sg,m,5.82,sg,f,5.35,pl,f,5.38,like
the man near the girls likes the woman.,near,center_embedding,sg,m,5.82,sg,f,5.35,pl,f,5.38,like
the man likes the woman behind the girls.,behind,peripheral,sg,m,5.82,sg,f,5.35,pl,f,5.38,like
the man behind the girls likes the woman.,behind,center_embedding,sg,m,5.82,sg,f,5.35,pl,f,5.38,like
the man sees the women near the girl.,near,peripheral,sg,m,5.82,pl,f,5.35,sg,f,5.38,see
the man near the girl sees the women.,near,center_embedding,sg,m,5.82,pl,f,5.35,sg,f,5.38,see
the man sees the women behind the girl.,behind,peripheral,sg,m,5.82,pl,f,5.35,sg,f,5.38,see
the man behind the girl sees the women.,behind,center_embedding,sg,m,5.82,pl,f,5.35,sg,f,5.38,see
the man likes the women near the girl.,near,peripheral,sg,m,5.82,pl,f,5.35,sg,f,5.38,like
the man near the girl likes the women.,near,center_embedding,sg,m,5.82,pl,f,5.35,sg,f,5.38,like
the man likes the women behind the girl.,behind,peripheral,sg,m,5.82,pl,f,5.35,sg,f,5.38,like
the man behind the girl likes the women.,behind,center_embedding,sg,m,5.82,pl,f,5.35,sg,f,5.38,like
the man sees the women near the girls.,near,peripheral,sg,m,5.82,pl,f,5.35,pl,f,5.38,see
the man near the girls sees the women.,near,center_embedding,sg,m,5.82,pl,f,5.35,pl,f,5.38,see
the man sees the women behind the girls.,behind,peripheral,sg,m,5.82,pl,f,5.35,pl,f,5.38,see
the man behind the girls sees the women.,behind,center_embedding,sg,m,5.82,pl,f,5.35,pl,f,5.38,see
the man likes the women near the girls.,near,peripheral,sg,m,5.82,pl,f,5.35,pl,f,5.38,like
the man near the girls likes the women.,near,center_embedding,sg,m,5.82,pl,f,5.35,pl,f,5.38,like
the man likes the women behind the girls.,behind,peripheral,sg,m,5.82,pl,f,5.35,pl,f,5.38,like
the man behind the girls likes the women.,behind,center_embedding,sg,m,5.82,pl,f,5.35,pl,f,5.38,like
the men see the woman near the girl.,near,peripheral,pl,m,5.82,sg,f,5.35,sg,f,5.38,see
the men near the girl see the woman.,near,center_embedding,pl,m,5.82,sg,f,5.35,sg,f,5.38,see
the men see the woman behind the girl.,behind,peripheral,pl,m,5.82,sg,f,5.35,sg,f,5.38,see
the men behind the girl see the woman.,behind,center_embedding,pl,m,5.82,sg,f,5.35,sg,f,5.38,see
the men like the woman near the girl.,near,peripheral,pl,m,5.82,sg,f,5.35,sg,f,5.38,like
the men near the girl like the woman.,near,center_embedding,pl,m,5.82,sg,f,5.35,sg,f,5.38,like
the men like the woman behind the girl.,behind,peripheral,pl,m,5.82,sg,f,5.35,sg,f,5.38,like
the men behind the girl like the woman.,behind,center_embedding,pl,m,5.82,sg,f,5.35,sg,f,5.38,like
the men see the woman near the girls.,near,peripheral,pl,m,5.82,sg,f,5.35,pl,f,5.38,see
the men near the girls see the woman.,near,center_embedding,pl,m,5.82,sg,f,5.35,pl,f,5.38,see
the men see the woman behind the girls.,behind,peripheral,pl,m,5.82,sg,f,5.35,pl,f,5.38,see
the men behind the girls see the woman.,behind,center_embedding,pl,m,5.82,sg,f,5.35,pl,f,5.38,see
the men like the woman near the girls.,near,peripheral,pl,m,5.82,sg,f,5.35,pl,f,5.38,like
the men near the girls like the woman.,near,center_embedding,pl,m,5.82,sg,f,5.35,pl,f,5.38,like
the men like the woman behind the girls.,behind,peripheral,pl,m,5.82,sg,f,5.35,pl,f,5.38,like
the men behind the girls like the woman.,behind,center_embedding,pl,m,5.82,sg,f,5.35,pl,f,5.38,like
the men see the women near the girl.,near,peripheral,pl,m,5.82,pl,f,5.35,sg,f,5.38,see
the men near the girl see the women.,near,center_embedding,pl,m,5.82,pl,f,5.35,sg,f,5.38,see
the men see the women behind the girl.,behind,peripheral,pl,m,5.82,pl,f,5.35,sg,f,5.38,see
the men behind the girl see the women.,behind,center_embedding,pl,m,5.82,pl,f,5.35,sg,f,5.38,see
the men like the women near the girl.,near,peripheral,pl,m,5.82,pl,f,5.35,sg,f,5.38,like
the men near the girl like the women.,near,center_embedding,pl,m,5.82,pl,f,5.35,sg,f,5.38,like
the men like the women behind the girl.,behind,peripheral,pl,m,5.82,pl,f,5.35,sg,f,5.38,like
the men behind the girl like the women.,behind,center_embedding,pl,m,5.82,pl,f,5.35,sg,f,5.38,like
the men see the women near the girls.,near,peripheral,pl,m,5.82,pl,f,5.35,pl,f,5.38,see
the men near the girls see the women.,near,center_embedding,pl,m,5.82,pl,f,5.35,pl,f,5.38,see
the men see the women behind the girls.,behind,peripheral,pl,m,5.82,pl,f,5.35,pl,f,5.38,see
the men behind the girls see the women.,behind,center_embedding,pl,m,5.82,pl,f,5.35,pl,f,5.38,see
the men like the women near the girls.,near,peripheral,pl,m,5.82,pl,f,5.35,pl,f,5.38,like
the men near the girls like the women.,near,center_embedding,pl,m,5.82,pl,f,5.35,pl,f,5.38,like
the men like the women behind the girls.,behind,peripheral,pl,m,5.82,pl,f,5.35,pl,f,5.38,like
the men behind the girls like the women.,behind,center_embedding,pl,m,5.82,pl,f,5.35,pl,f,5.38,like
the man sees the woman near the lady.,near,peripheral,sg,m,5.82,sg,f,5.35,sg,f,4.95,see
the man near the lady sees the woman.,near,center_embedding,sg,m,5.82,sg,f,5.35,sg,f,4.95,see
the man sees the woman behind the lady.,behind,peripheral,sg,m,5.82,sg,f,5.35,sg,f,4.95,see
the man behind the lady sees the woman.,behind,center_embedding,sg,m,5.82,sg,f,5.35,sg,f,4.95,see
the man likes the woman near the lady.,near,peripheral,sg,m,5.82,sg,f,5.35,sg,f,4.95,like
the man near the lady likes the woman.,near,center_embedding,sg,m,5.82,sg,f,5.35,sg,f,4.95,like
the man likes the woman behind the lady.,behind,peripheral,sg,m,5.82,sg,f,5.35,sg,f,4.95,like
the man behind the lady likes the woman.,behind,center_embedding,sg,m,5.82,sg,f,5.35,sg,f,4.95,like
the man sees the woman near the ladies.,near,peripheral,sg,m,5.82,sg,f,5.35,pl,f,4.95,see
the man near the ladies sees the woman.,near,center_embedding,sg,m,5.82,sg,f,5.35,pl,f,4.95,see
the man sees the woman behind the ladies.,behind,peripheral,sg,m,5.82,sg,f,5.35,pl,f,4.95,see
the man behind the ladies sees the woman.,behind,center_embedding,sg,m,5.82,sg,f,5.35,pl,f,4.95,see
the man likes the woman near the ladies.,near,peripheral,sg,m,5.82,sg,f,5.35,pl,f,4.95,like
the man near the ladies likes the woman.,near,center_embedding,sg,m,5.82,sg,f,5.35,pl,f,4.95,like
the man likes the woman behind the ladies.,behind,peripheral,sg,m,5.82,sg,f,5.35,pl,f,4.95,like
the man behind the ladies likes the woman.,behind,center_embedding,sg,m,5.82,sg,f,5.35,pl,f,4.95,like
the man sees the women near the lady.,near,peripheral,sg,m,5.82,pl,f,5.35,sg,f,4.95,see
the man near the lady sees the women.,near,center_embedding,sg,m,5.82,pl,f,5.35,sg,f,4.95,see
the man sees the women behind the lady.,behind,peripheral,sg,m,5.82,pl,f,5.35,sg,f,4.95,see
the man behind the lady sees the women.,behind,center_embedding,sg,m,5.82,pl,f,5.35,sg,f,4.95,see
the man likes the women near the lady.,near,peripheral,sg,m,5.82,pl,f,5.35,sg,f,4.95,like
the man near the lady likes the women.,near,center_embedding,sg,m,5.82,pl,f,5.35,sg,f,4.95,like
the man likes the women behind the lady.,behind,peripheral,sg,m,5.82,pl,f,5.35,sg,f,4.95,like
the man behind the lady likes the women.,behind,center_embedding,sg,m,5.82,pl,f,5.35,sg,f,4.95,like
the man sees the women near the ladies.,near,peripheral,sg,m,5.82,pl,f,5.35,pl,f,4.95,see
the man near the ladies sees the women.,near,center_embedding,sg,m,5.82,pl,f,5.35,pl,f,4.95,see
the man sees the women behind the ladies.,behind,peripheral,sg,m,5.82,pl,f,5.35,pl,f,4.95,see
the man behind the ladies sees the women.,behind,center_embedding,sg,m,5.82,pl,f,5.35,pl,f,4.95,see
the man likes the women near the ladies.,near,peripheral,sg,m,5.82,pl,f,5.35,pl,f,4.95,like
the man near the ladies likes the women.,near,center_embedding,sg,m,5.82,pl,f,5.35,pl,f,4.95,like
the man likes the women behind the ladies.,behind,peripheral,sg,m,5.82,pl,f,5.35,pl,f,4.95,like
the man behind the ladies likes the women.,behind,center_embedding,sg,m,5.82,pl,f,5.35,pl,f,4.95,like
the men see the woman near the lady.,near,peripheral,pl,m,5.82,sg,f,5.35,sg,f,4.95,see
the men near the lady see the woman.,near,center_embedding,pl,m,5.82,sg,f,5.35,sg,f,4.95,see
the men see the woman behind the lady.,behind,peripheral,pl,m,5.82,sg,f,5.35,sg,f,4.95,see
the men behind the lady see the woman.,behind,center_embedding,pl,m,5.82,sg,f,5.35,sg,f,4.95,see
the men like the woman near the lady.,near,peripheral,pl,m,5.82,sg,f,5.35,sg,f,4.95,like
the men near the lady like the woman.,near,center_embedding,pl,m,5.82,sg,f,5.35,sg,f,4.95,like
the men like the woman behind the lady.,behind,peripheral,pl,m,5.82,sg,f,5.35,sg,f,4.95,like
the men behind the lady like the woman.,behind,center_embedding,pl,m,5.82,sg,f,5.35,sg,f,4.95,like
the men see the woman near the ladies.,near,peripheral,pl,m,5.82,sg,f,5.35,pl,f,4.95,see
the men near the ladies see the woman.,near,center_embedding,pl,m,5.82,sg,f,5.35,pl,f,4.95,see
the men see the woman behind the ladies.,behind,peripheral,pl,m,5.82,sg,f,5.35,pl,f,4.95,see
the men behind the ladies see the woman.,behind,center_embedding,pl,m,5.82,sg,f,5.35,pl,f,4.95,see
the men like the woman near the ladies.,near,peripheral,pl,m,5.82,sg,f,5.35,pl,f,4.95,like
the men near the ladies like the woman.,near,center_embedding,pl,m,5.82,sg,f,5.35,pl,f,4.95,like
the men like the woman behind the ladies.,behind,peripheral,pl,m,5.82,sg,f,5.35,pl,f,4.95,like
the men behind the ladies like the woman.,behind,center_embedding,pl,m,5.82,sg,f,5.35,pl,f,4.95,like
the men see the women near the lady.,near,peripheral,pl,m,5.82,pl,f,5.35,sg,f,4.95,see
the men near the lady see the women.,near,center_embedding,pl,m,5.82,pl,f,5.35,sg,f,4.95,see
the men see the women behind the lady.,behind,peripheral,pl,m,5.82,pl,f,5.35,sg,f,4.95,see
the men behind the lady see the women.,behind,center_embedding,pl,m,5.82,pl,f,5.35,sg,f,4.95,see
the men like the women near the lady.,near,peripheral,pl,m,5.82,pl,f,5.35,sg,f,4.95,like
the men near the lady like the women.,near,center_embedding,pl,m,5.82,pl,f,5.35,sg,f,4.95,like
the men like the women behind the lady.,behind,peripheral,pl,m,5.82,pl,f,5.35,sg,f,4.95,like
the men behind the lady like the women.,behind,center_embedding,pl,m,5.82,pl,f,5.35,sg,f,4.95,like
the men see the women near the ladies.,near,peripheral,pl,m,5.82,pl,f,5.35,pl,f,4.95,see
the men near the ladies see the women.,near,center_embedding,pl,m,5.82,pl,f,5.35,pl,f,4.95,see
the men see the women behind the ladies.,behind,peripheral,pl,m,5.82,pl,f,5.35,pl,f,4.95,see
the men behind the ladies see the women.,behind,center_embedding,pl,m,5.82,pl,f,5.35,pl,f,4.95,see
the men like the women near the ladies.,near,peripheral,pl,m,5.82,pl,f,5.35,pl,f,4.95,like
the men near the ladies like the women.,near,center_embedding,pl,m,5.82,pl,f,5.35,pl,f,4.95,like
the men like the women behind the ladies.,behind,peripheral,pl,m,5.82,pl,f,5.35,pl,f,4.95,like
the men behind the ladies like the women.,behind,center_embedding,pl,m,5.82,pl,f,5.35,pl,f,4.95,like
the man sees the woman near the boy.,near,peripheral,sg,m,5.82,sg,f,5.35,sg,m,5.17,see
the man near the boy sees the woman.,near,center_embedding,sg,m,5.82,sg,f,5.35,sg,m,5.17,see
the man sees the woman behind the boy.,behind,peripheral,sg,m,5.82,sg,f,5.35,sg,m,5.17,see
the man behind the boy sees the woman.,behind,center_embedding,sg,m,5.82,sg,f,5.35,sg,m,5.17,see
the man likes the woman near the boy.,near,peripheral,sg,m,5.82,sg,f,5.35,sg,m,5.17,like
the man near the boy likes the woman.,near,center_embedding,sg,m,5.82,sg,f,5.35,sg,m,5.17,like
the man likes the woman behind the boy.,behind,peripheral,sg,m,5.82,sg,f,5.35,sg,m,5.17,like
the man behind the boy likes the woman.,behind,center_embedding,sg,m,5.82,sg,f,5.35,sg,m,5.17,like
the man sees the woman near the boys.,near,peripheral,sg,m,5.82,sg,f,5.35,pl,m,5.17,see
the man near the boys sees the woman.,near,center_embedding,sg,m,5.82,sg,f,5.35,pl,m,5.17,see
the man sees the woman behind the boys.,behind,peripheral,sg,m,5.82,sg,f,5.35,pl,m,5.17,see
the man behind the boys sees the woman.,behind,center_embedding,sg,m,5.82,sg,f,5.35,pl,m,5.17,see
the man likes the woman near the boys.,near,peripheral,sg,m,5.82,sg,f,5.35,pl,m,5.17,like
the man near the boys likes the woman.,near,center_embedding,sg,m,5.82,sg,f,5.35,pl,m,5.17,like
the man likes the woman behind the boys.,behind,peripheral,sg,m,5.82,sg,f,5.35,pl,m,5.17,like
the man behind the boys likes the woman.,behind,center_embedding,sg,m,5.82,sg,f,5.35,pl,m,5.17,like
the man sees the women near the boy.,near,peripheral,sg,m,5.82,pl,f,5.35,sg,m,5.17,see
the man near the boy sees the women.,near,center_embedding,sg,m,5.82,pl,f,5.35,sg,m,5.17,see
the man sees the women behind the boy.,behind,peripheral,sg,m,5.82,pl,f,5.35,sg,m,5.17,see
the man behind the boy sees the women.,behind,center_embedding,sg,m,5.82,pl,f,5.35,sg,m,5.17,see
the man likes the women near the boy.,near,peripheral,sg,m,5.82,pl,f,5.35,sg,m,5.17,like
the man near the boy likes the women.,near,center_embedding,sg,m,5.82,pl,f,5.35,sg,m,5.17,like
the man likes the women behind the boy.,behind,peripheral,sg,m,5.82,pl,f,5.35,sg,m,5.17,like
the man behind the boy likes the women.,behind,center_embedding,sg,m,5.82,pl,f,5.35,sg,m,5.17,like
the man sees the women near the boys.,near,peripheral,sg,m,5.82,pl,f,5.35,pl,m,5.17,see
the man near the boys sees the women.,near,center_embedding,sg,m,5.82,pl,f,5.35,pl,m,5.17,see
the man sees the women behind the boys.,behind,peripheral,sg,m,5.82,pl,f,5.35,pl,m,5.17,see
the man behind the boys sees the women.,behind,center_embedding,sg,m,5.82,pl,f,5.35,pl,m,5.17,see
the man likes the women near the boys.,near,peripheral,sg,m,5.82,pl,f,5.35,pl,m,5.17,like
the man near the boys likes the women.,near,center_embedding,sg,m,5.82,pl,f,5.35,pl,m,5.17,like
the man likes the women behind the boys.,behind,peripheral,sg,m,5.82,pl,f,5.35,pl,m,5.17,like
the man behind the boys likes the women.,behind,center_embedding,sg,m,5.82,pl,f,5.35,pl,m,5.17,like
the men see the woman near the boy.,near,peripheral,pl,m,5.82,sg,f,5.35,sg,m,5.17,see
the men near the boy see the woman.,near,center_embedding,pl,m,5.82,sg,f,5.35,sg,m,5.17,see
the men see the woman behind the boy.,behind,peripheral,pl,m,5.82,sg,f,5.35,sg,m,5.17,see
the men behind the boy see the woman.,behind,center_embedding,pl,m,5.82,sg,f,5.35,sg,m,5.17,see
the men like the woman near the boy.,near,peripheral,pl,m,5.82,sg,f,5.35,sg,m,5.17,like
the men near the boy like the woman.,near,center_embedding,pl,m,5.82,sg,f,5.35,sg,m,5.17,like
the men like the woman behind the boy.,behind,peripheral,pl,m,5.82,sg,f,5.35,sg,m,5.17,like
the men behind the boy like the woman.,behind,center_embedding,pl,m,5.82,sg,f,5.35,sg,m,5.17,like
the men see the woman near the boys.,near,peripheral,pl,m,5.82,sg,f,5.35,pl,m,5.17,see
the men near the boys see the woman.,near,center_embedding,pl,m,5.82,sg,f,5.35,pl,m,5.17,see
the men see the woman behind the boys.,behind,peripheral,pl,m,5.82,sg,f,5.35,pl,m,5.17,see
the men behind the boys see the woman.,behind,center_embedding,pl,m,5.82,sg,f,5.35,pl,m,5.17,see
the men like the woman near the boys.,near,peripheral,pl,m,5.82,sg,f,5.35,pl,m,5.17,like
the men near the boys like the woman.,near,center_embedding,pl,m,5.82,sg,f,5.35,pl,m,5.17,like
the men like the woman behind the boys.,behind,peripheral,pl,m,5.82,sg,f,5.35,pl,m,5.17,like
the men behind the boys like the woman.,behind,center_embedding,pl,m,5.82,sg,f,5.35,pl,m,5.17,like
the men see the women near the boy.,near,peripheral,pl,m,5.82,pl,f,5.35,sg,m,5.17,see
the men near the boy see the women.,near,center_embedding,pl,m,5.82,pl,f,5.35,sg,m,5.17,see
the men see the women behind the boy.,behind,peripheral,pl,m,5.82,pl,f,5.35,sg,m,5.17,see
the men behind the boy see the women.,behind,center_embedding,pl,m,5.82,pl,f,5.35,sg,m,5.17,see
the men like the women near the boy.,near,peripheral,pl,m,5.82,pl,f,5.35,sg,m,5.17,like
the men near the boy like the women.,near,center_embedding,pl,m,5.82,pl,f,5.35,sg,m,5.17,like
the men like the women behind the boy.,behind,peripheral,pl,m,5.82,pl,f,5.35,sg,m,5.17,like
the men behind the boy like the women.,behind,center_embedding,pl,m,5.82,pl,f,5.35,sg,m,5.17,like
the men see the women near the boys.,near,peripheral,pl,m,5.82,pl,f,5.35,pl,m,5.17,see
the men near the boys see the women.,near,center_embedding,pl,m,5.82,pl,f,5.35,pl,m,5.17,see
the men see the women behind the boys.,behind,peripheral,pl,m,5.82,pl,f,5.35,pl,m,5.17,see
the men behind the boys see the women.,behind,center_embedding,pl,m,5.82,pl,f,5.35,pl,m,5.17,see
the men like the women near the boys.,near,peripheral,pl,m,5.82,pl,f,5.35,pl,m,5.17,like
the men near the boys like the women.,near,center_embedding,pl,m,5.82,pl,f,5.35,pl,m,5.17,like
the men like the women behind the boys.,behind,peripheral,pl,m,5.82,pl,f,5.35,pl,m,5.17,like
the men behind the boys like the women.,behind,center_embedding,pl,m,5.82,pl,f,5.35,pl,m,5.17,like
the man sees the woman near the king.,near,peripheral,sg,m,5.82,sg,f,5.35,sg,m,5.17,see
the man near the king sees the woman.,near,center_embedding,sg,m,5.82,sg,f,5.35,sg,m,5.17,see
the man sees the woman behind the king.,behind,peripheral,sg,m,5.82,sg,f,5.35,sg,m,5.17,see
the man behind the king sees the woman.,behind,center_embedding,sg,m,5.82,sg,f,5.35,sg,m,5.17,see
the man likes the woman near the king.,near,peripheral,sg,m,5.82,sg,f,5.35,sg,m,5.17,like
the man near the king likes the woman.,near,center_embedding,sg,m,5.82,sg,f,5.35,sg,m,5.17,like
the man likes the woman behind the king.,behind,peripheral,sg,m,5.82,sg,f,5.35,sg,m,5.17,like
the man behind the king likes the woman.,behind,center_embedding,sg,m,5.82,sg,f,5.35,sg,m,5.17,like
the man sees the woman near the kings.,near,peripheral,sg,m,5.82,sg,f,5.35,pl,m,5.17,see
the man near the kings sees the woman.,near,center_embedding,sg,m,5.82,sg,f,5.35,pl,m,5.17,see
the man sees the woman behind the kings.,behind,peripheral,sg,m,5.82,sg,f,5.35,pl,m,5.17,see
the man behind the kings sees the woman.,behind,center_embedding,sg,m,5.82,sg,f,5.35,pl,m,5.17,see
the man likes the woman near the kings.,near,peripheral,sg,m,5.82,sg,f,5.35,pl,m,5.17,like
the man near the kings likes the woman.,near,center_embedding,sg,m,5.82,sg,f,5.35,pl,m,5.17,like
the man likes the woman behind the kings.,behind,peripheral,sg,m,5.82,sg,f,5.35,pl,m,5.17,like
the man behind the kings likes the woman.,behind,center_embedding,sg,m,5.82,sg,f,5.35,pl,m,5.17,like
the man sees the women near the king.,near,peripheral,sg,m,5.82,pl,f,5.35,sg,m,5.17,see
the man near the king sees the women.,near,center_embedding,sg,m,5.82,pl,f,5.35,sg,m,5.17,see
the man sees the women behind the king.,behind,peripheral,sg,m,5.82,pl,f,5.35,sg,m,5.17,see
the man behind the king sees the women.,behind,center_embedding,sg,m,5.82,pl,f,5.35,sg,m,5.17,see
the man likes the women near the king.,near,peripheral,sg,m,5.82,pl,f,5.35,sg,m,5.17,like
the man near the king likes the women.,near,center_embedding,sg,m,5.82,pl,f,5.35,sg,m,5.17,like
the man likes the women behind the king.,behind,peripheral,sg,m,5.82,pl,f,5.35,sg,m,5.17,like
the man behind the king likes the women.,behind,center_embedding,sg,m,5.82,pl,f,5.35,sg,m,5.17,like
the man sees the women near the kings.,near,peripheral,sg,m,5.82,pl,f,5.35,pl,m,5.17,see
the man near the kings sees the women.,near,center_embedding,sg,m,5.82,pl,f,5.35,pl,m,5.17,see
the man sees the women behind the kings.,behind,peripheral,sg,m,5.82,pl,f,5.35,pl,m,5.17,see
the man behind the kings sees the women.,behind,center_embedding,sg,m,5.82,pl,f,5.35,pl,m,5.17,see
the man likes the women near the kings.,near,peripheral,sg,m,5.82,pl,f,5.35,pl,m,5.17,like
the man near the kings likes the women.,near,center_embedding,sg,m,5.82,pl,f,5.35,pl,m,5.17,like
the man likes the women behind the kings.,behind,peripheral,sg,m,5.82,pl,f,5.35,pl,m,5.17,like
the man behind the kings likes the women.,behind,center_embedding,sg,m,5.82,pl,f,5.35,pl,m,5.17,like
the men see the woman near the king.,near,peripheral,pl,m,5.82,sg,f,5.35,sg,m,5.17,see
the men near the king see the woman.,near,center_embedding,pl,m,5.82,sg,f,5.35,sg,m,5.17,see
the men see the woman behind the king.,behind,peripheral,pl,m,5.82,sg,f,5.35,sg,m,5.17,see
the men behind the king see the woman.,behind,center_embedding,pl,m,5.82,sg,f,5.35,sg,m,5.17,see
the men like the woman near the king.,near,peripheral,pl,m,5.82,sg,f,5.35,sg,m,5.17,like
the men near the king like the woman.,near,center_embedding,pl,m,5.82,sg,f,5.35,sg,m,5.17,like
the men like the woman behind the king.,behind,peripheral,pl,m,5.82,sg,f,5.35,sg,m,5.17,like
the men behind the king like the woman.,behind,center_embedding,pl,m,5.82,sg,f,5.35,sg,m,5.17,like
the men see the woman near the kings.,near,peripheral,pl,m,5.82,sg,f,5.35,pl,m,5.17,see
the men near the kings see the woman.,near,center_embedding,pl,m,5.82,sg,f,5.35,pl,m,5.17,see
the men see the woman behind the kings.,behind,peripheral,pl,m,5.82,sg,f,5.35,pl,m,5.17,see
the men behind the kings see the woman.,behind,center_embedding,pl,m,5.82,sg,f,5.35,pl,m,5.17,see
the men like the woman near the kings.,near,peripheral,pl,m,5.82,sg,f,5.35,pl,m,5.17,like
the men near the kings like the woman.,near,center_embedding,pl,m,5.82,sg,f,5.35,pl,m,5.17,like
the men like the woman behind the kings.,behind,peripheral,pl,m,5.82,sg,f,5.35,pl,m,5.17,like
the men behind the kings like the woman.,behind,center_embedding,pl,m,5.82,sg,f,5.35,pl,m,5.17,like
the men see the women near the king.,near,peripheral,pl,m,5.82,pl,f,5.35,sg,m,5.17,see
the men near the king see the women.,near,center_embedding,pl,m,5.82,pl,f,5.35,sg,m,5.17,see
the men see the women behind the king.,behind,peripheral,pl,m,5.82,pl,f,5.35,sg,m,5.17,see
the men behind the king see the women.,behind,center_embedding,pl,m,5.82,pl,f,5.35,sg,m,5.17,see
the men like the women near the king.,near,peripheral,pl,m,5.82,pl,f,5.35,sg,m,5.17,like
the men near the king like the women.,near,center_embedding,pl,m,5.82,pl,f,5.35,sg,m,5.17,like
the men like the women behind the king.,behind,peripheral,pl,m,5.82,pl,f,5.35,sg,m,5.17,like
the men behind the king like the women.,behind,center_embedding,pl,m,5.82,pl,f,5.35,sg,m,5.17,like
the men see the women near the kings.,near,peripheral,pl,m,5.82,pl,f,5.35,pl,m,5.17,see
the men near the kings see the women.,near,center_embedding,pl,m,5.82,pl,f,5.35,pl,m,5.17,see
the men see the women behind the kings.,behind,peripheral,pl,m,5.82,pl,f,5.35,pl,m,5.17,see
the men behind the kings see the women.,behind,center_embedding,pl,m,5.82,pl,f,5.35,pl,m,5.17,see
the men like the women near the kings.,near,peripheral,pl,m,5.82,pl,f,5.35,pl,m,5.17,like
the men near the kings like the women.,near,center_embedding,pl,m,5.82,pl,f,5.35,pl,m,5.17,like
the men like the women behind the kings.,behind,peripheral,pl,m,5.82,pl,f,5.35,pl,m,5.17,like
the men behind the kings like the women.,behind,center_embedding,pl,m,5.82,pl,f,5.35,pl,m,5.17,like
the man sees the girl near the woman.,near,peripheral,sg,m,5.82,sg,f,5.38,sg,f,5.35,see
the man near the woman sees the girl.,near,center_embedding,sg,m,5.82,sg,f,5.38,sg,f,5.35,see
the man sees the girl behind the woman.,behind,peripheral,sg,m,5.82,sg,f,5.38,sg,f,5.35,see
the man behind the woman sees the girl.,behind,center_embedding,sg,m,5.82,sg,f,5.38,sg,f,5.35,see
the man likes the girl near the woman.,near,peripheral,sg,m,5.82,sg,f,5.38,sg,f,5.35,like
the man near the woman likes the girl.,near,center_embedding,sg,m,5.82,sg,f,5.38,sg,f,5.35,like
the man likes the girl behind the woman.,behind,peripheral,sg,m,5.82,sg,f,5.38,sg,f,5.35,like
the man behind the woman likes the girl.,behind,center_embedding,sg,m,5.82,sg,f,5.38,sg,f,5.35,like
the man sees the girl near the women.,near,peripheral,sg,m,5.82,sg,f,5.38,pl,f,5.35,see
the man near the women sees the girl.,near,center_embedding,sg,m,5.82,sg,f,5.38,pl,f,5.35,see
the man sees the girl behind the women.,behind,peripheral,sg,m,5.82,sg,f,5.38,pl,f,5.35,see
the man behind the women sees the girl.,behind,center_embedding,sg,m,5.82,sg,f,5.38,pl,f,5.35,see
the man likes the girl near the women.,near,peripheral,sg,m,5.82,sg,f,5.38,pl,f,5.35,like
the man near the women likes the girl.,near,center_embedding,sg,m,5.82,sg,f,5.38,pl,f,5.35,like
the man likes the girl behind the women.,behind,peripheral,sg,m,5.82,sg,f,5.38,pl,f,5.35,like
the man behind the women likes the girl.,behind,center_embedding,sg,m,5.82,sg,f,5.38,pl,f,5.35,like
the man sees the girls near the woman.,near,peripheral,sg,m,5.82,pl,f,5.38,sg,f,5.35,see
the man near the woman sees the girls.,near,center_embedding,sg,m,5.82,pl,f,5.38,sg,f,5.35,see
the man sees the girls behind the woman.,behind,peripheral,sg,m,5.82,pl,f,5.38,sg,f,5.35,see
the man behind the woman sees the girls.,behind,center_embedding,sg,m,5.82,pl,f,5.38,sg,f,5.35,see
the man likes the girls near the woman.,near,peripheral,sg,m,5.82,pl,f,5.38,sg,f,5.35,like
the man near the woman likes the girls.,near,center_embedding,sg,m,5.82,pl,f,5.38,sg,f,5.35,like
the man likes the girls behind the woman.,behind,peripheral,sg,m,5.82,pl,f,5.38,sg,f,5.35,like
the man behind the woman likes the girls.,behind,center_embedding,sg,m,5.82,pl,f,5.38,sg,f,5.35,like
the man sees the girls near the women.,near,peripheral,sg,m,5.82,pl,f,5.38,pl,f,5.35,see
the man near the women sees the girls.,near,center_embedding,sg,m,5.82,pl,f,5.38,pl,f,5.35,see
the man sees the girls behind the women.,behind,peripheral,sg,m,5.82,pl,f,5.38,pl,f,5.35,see
the man behind the women sees the girls.,behind,center_embedding,sg,m,5.82,pl,f,5.38,pl,f,5.35,see
the man likes the girls near the women.,near,peripheral,sg,m,5.82,pl,f,5.38,pl,f,5.35,like
the man near the women likes the girls.,near,center_embedding,sg,m,5.82,pl,f,5.38,pl,f,5.35,like
the man likes the girls behind the women.,behind,peripheral,sg,m,5.82,pl,f,5.38,pl,f,5.35,like
the man behind the women likes the girls.,behind,center_embedding,sg,m,5.82,pl,f,5.38,pl,f,5.35,like
the men see the girl near the woman.,near,peripheral,pl,m,5.82,sg,f,5.38,sg,f,5.35,see
the men near the woman see the girl.,near,center_embedding,pl,m,5.82,sg,f,5.38,sg,f,5.35,see
the men see the girl behind the woman.,behind,peripheral,pl,m,5.82,sg,f,5.38,sg,f,5.35,see
the men behind the woman see the girl.,behind,center_embedding,pl,m,5.82,sg,f,5.38,sg,f,5.35,see
the men like the girl near the woman.,near,peripheral,pl,m,5.82,sg,f,5.38,sg,f,5.35,like
the men near the woman like the girl.,near,center_embedding,pl,m,5.82,sg,f,5.38,sg,f,5.35,like
the men like the girl behind the woman.,behind,peripheral,pl,m,5.82,sg,f,5.38,sg,f,5.35,like
the men behind the woman like the girl.,behind,center_embedding,pl,m,5.82,sg,f,5.38,sg,f,5.35,like
the men see the girl near the women.,near,peripheral,pl,m,5.82,sg,f,5.38,pl,f,5.35,see
the men near the women see the girl.,near,center_embedding,pl,m,5.82,sg,f,5.38,pl,f,5.35,see
the men see the girl behind the women.,behind,peripheral,pl,m,5.82,sg,f,5.38,pl,f,5.35,see
the men behind the women see the girl.,behind,center_embedding,pl,m,5.82,sg,f,5.38,pl,f,5.35,see
the men like the girl near the women.,near,peripheral,pl,m,5.82,sg,f,5.38,pl,f,5.35,like
the men near the women like the girl.,near,center_embedding,pl,m,5.82,sg,f,5.38,pl,f,5.35,like
the men like the girl behind the women.,behind,peripheral,pl,m,5.82,sg,f,5.38,pl,f,5.35,like
the men behind the women like the girl.,behind,center_embedding,pl,m,5.82,sg,f,5.38,pl,f,5.35,like
the men see the girls near the woman.,near,peripheral,pl,m,5.82,pl,f,5.38,sg,f,5.35,see
the men near the woman see the girls.,near,center_embedding,pl,m,5.82,pl,f,5.38,sg,f,5.35,see
the men see the girls behind the woman.,behind,peripheral,pl,m,5.82,pl,f,5.38,sg,f,5.35,see
the men behind the woman see the girls.,behind,center_embedding,pl,m,5.82,pl,f,5.38,sg,f,5.35,see
the men like the girls near the woman.,near,peripheral,pl,m,5.82,pl,f,5.38,sg,f,5.35,like
the men near the woman like the girls.,near,center_embedding,pl,m,5.82,pl,f,5.38,sg,f,5.35,like
the men like the girls behind the woman.,behind,peripheral,pl,m,5.82,pl,f,5.38,sg,f,5.35,like
the men behind the woman like the girls.,behind,center_embedding,pl,m,5.82,pl,f,5.38,sg,f,5.35,like
the men see the girls near the women.,near,peripheral,pl,m,5.82,pl,f,5.38,pl,f,5.35,see
the men near the women see the girls.,near,center_embedding,pl,m,5.82,pl,f,5.38,pl,f,5.35,see
the men see the girls behind the women.,behind,peripheral,pl,m,5.82,pl,f,5.38,pl,f,5.35,see
the men behind the women see the girls.,behind,center_embedding,pl,m,5.82,pl,f,5.38,pl,f,5.35,see
the men like the girls near the women.,near,peripheral,pl,m,5.82,pl,f,5.38,pl,f,5.35,like
the men near the women like the girls.,near,center_embedding,pl,m,5.82,pl,f,5.38,pl,f,5.35,like
the men like the girls behind the women.,behind,peripheral,pl,m,5.82,pl,f,5.38,pl,f,5.35,like
the men behind the women like the girls.,behind,center_embedding,pl,m,5.82,pl,f,5.38,pl,f,5.35,like
the man sees the girl near the lady.,near,peripheral,sg,m,5.82,sg,f,5.38,sg,f,4.95,see
the man near the lady sees the girl.,near,center_embedding,sg,m,5.82,sg,f,5.38,sg,f,4.95,see
the man sees the girl behind the lady.,behind,peripheral,sg,m,5.82,sg,f,5.38,sg,f,4.95,see
the man behind the lady sees the girl.,behind,center_embedding,sg,m,5.82,sg,f,5.38,sg,f,4.95,see
the man likes the girl near the lady.,near,peripheral,sg,m,5.82,sg,f,5.38,sg,f,4.95,like
the man near the lady likes the girl.,near,center_embedding,sg,m,5.82,sg,f,5.38,sg,f,4.95,like
the man likes the girl behind the lady.,behind,peripheral,sg,m,5.82,sg,f,5.38,sg,f,4.95,like
the man behind the lady likes the girl.,behind,center_embedding,sg,m,5.82,sg,f,5.38,sg,f,4.95,like
the man sees the girl near the ladies.,near,peripheral,sg,m,5.82,sg,f,5.38,pl,f,4.95,see
the man near the ladies sees the girl.,near,center_embedding,sg,m,5.82,sg,f,5.38,pl,f,4.95,see
the man sees the girl behind the ladies.,behind,peripheral,sg,m,5.82,sg,f,5.38,pl,f,4.95,see
the man behind the ladies sees the girl.,behind,center_embedding,sg,m,5.82,sg,f,5.38,pl,f,4.95,see
the man likes the girl near the ladies.,near,peripheral,sg,m,5.82,sg,f,5.38,pl,f,4.95,like
the man near the ladies likes the girl.,near,center_embedding,sg,m,5.82,sg,f,5.38,pl,f,4.95,like
the man likes the girl behind the ladies.,behind,peripheral,sg,m,5.82,sg,f,5.38,pl,f,4.95,like
the man behind the ladies likes the girl.,behind,center_embedding,sg,m,5.82,sg,f,5.38,pl,f,4.95,like
the man sees the girls near the lady.,near,peripheral,sg,m,5.82,pl,f,5.38,sg,f,4.95,see
the man near the lady sees the girls.,near,center_embedding,sg,m,5.82,pl,f,5.38,sg,f,4.95,see
the man sees the girls behind the lady.,behind,peripheral,sg,m,5.82,pl,f,5.38,sg,f,4.95,see
the man behind the lady sees the girls.,behind,center_embedding,sg,m,5.82,pl,f,5.38,sg,f,4.95,see
the man likes the girls near the lady.,near,peripheral,sg,m,5.82,pl,f,5.38,sg,f,4.95,like
the man near the lady likes the girls.,near,center_embedding,sg,m,5.82,pl,f,5.38,sg,f,4.95,like
the man likes the girls behind the lady.,behind,peripheral,sg,m,5.82,pl,f,5.38,sg,f,4.95,like
the man behind the lady likes the girls.,behind,center_embedding,sg,m,5.82,pl,f,5.38,sg,f,4.95,like
the man sees the girls near the ladies.,near,peripheral,sg,m,5.82,pl,f,5.38,pl,f,4.95,see
the man near the ladies sees the girls.,near,center_embedding,sg,m,5.82,pl,f,5.38,pl,f,4.95,see
the man sees the girls behind the ladies.,behind,peripheral,sg,m,5.82,pl,f,5.38,pl,f,4.95,see
the man behind the ladies sees the girls.,behind,center_embedding,sg,m,5.82,pl,f,5.38,pl,f,4.95,see
the man likes the girls near the ladies.,near,peripheral,sg,m,5.82,pl,f,5.38,pl,f,4.95,like
the man near the ladies likes the girls.,near,center_embedding,sg,m,5.82,pl,f,5.38,pl,f,4.95,like
the man likes the girls behind the ladies.,behind,peripheral,sg,m,5.82,pl,f,5.38,pl,f,4.95,like
the man behind the ladies likes the girls.,behind,center_embedding,sg,m,5.82,pl,f,5.38,pl,f,4.95,like
the men see the girl near the lady.,near,peripheral,pl,m,5.82,sg,f,5.38,sg,f,4.95,see
the men near the lady see the girl.,near,center_embedding,pl,m,5.82,sg,f,5.38,sg,f,4.95,see
the men see the girl behind the lady.,behind,peripheral,pl,m,5.82,sg,f,5.38,sg,f,4.95,see
the men behind the lady see the girl.,behind,center_embedding,pl,m,5.82,sg,f,5.38,sg,f,4.95,see
the men like the girl near the lady.,near,peripheral,pl,m,5.82,sg,f,5.38,sg,f,4.95,like
the men near the lady like the girl.,near,center_embedding,pl,m,5.82,sg,f,5.38,sg,f,4.95,like
the men like the girl behind the lady.,behind,peripheral,pl,m,5.82,sg,f,5.38,sg,f,4.95,like
the men behind the lady like the girl.,behind,center_embedding,pl,m,5.82,sg,f,5.38,sg,f,4.95,like
the men see the girl near the ladies.,near,peripheral,pl,m,5.82,sg,f,5.38,pl,f,4.95,see
the men near the ladies see the girl.,near,center_embedding,pl,m,5.82,sg,f,5.38,pl,f,4.95,see
the men see the girl behind the ladies.,behind,peripheral,pl,m,5.82,sg,f,5.38,pl,f,4.95,see
the men behind the ladies see the girl.,behind,center_embedding,pl,m,5.82,sg,f,5.38,pl,f,4.95,see
the men like the girl near the ladies.,near,peripheral,pl,m,5.82,sg,f,5.38,pl,f,4.95,like
the men near the ladies like the girl.,near,center_embedding,pl,m,5.82,sg,f,5.38,pl,f,4.95,like
the men like the girl behind the ladies.,behind,peripheral,pl,m,5.82,sg,f,5.38,pl,f,4.95,like
the men behind the ladies like the girl.,behind,center_embedding,pl,m,5.82,sg,f,5.38,pl,f,4.95,like
the men see the girls near the lady.,near,peripheral,pl,m,5.82,pl,f,5.38,sg,f,4.95,see
the men near the lady see the girls.,near,center_embedding,pl,m,5.82,pl,f,5.38,sg,f,4.95,see
the men see the girls behind the lady.,behind,peripheral,pl,m,5.82,pl,f,5.38,sg,f,4.95,see
the men behind the lady see the girls.,behind,center_embedding,pl,m,5.82,pl,f,5.38,sg,f,4.95,see
the men like the girls near the lady.,near,peripheral,pl,m,5.82,pl,f,5.38,sg,f,4.95,like
the men near the lady like the girls.,near,center_embedding,pl,m,5.82,pl,f,5.38,sg,f,4.95,like
the men like the girls behind the lady.,behind,peripheral,pl,m,5.82,pl,f,5.38,sg,f,4.95,like
the men behind the lady like the girls.,behind,center_embedding,pl,m,5.82,pl,f,5.38,sg,f,4.95,like
the men see the girls near the ladies.,near,peripheral,pl,m,5.82,pl,f,5.38,pl,f,4.95,see
the men near the ladies see the girls.,near,center_embedding,pl,m,5.82,pl,f,5.38,pl,f,4.95,see
the men see the girls behind the ladies.,behind,peripheral,pl,m,5.82,pl,f,5.38,pl,f,4.95,see
the men behind the ladies see the girls.,behind,center_embedding,pl,m,5.82,pl,f,5.38,pl,f,4.95,see
the men like the girls near the ladies.,near,peripheral,pl,m,5.82,pl,f,5.38,pl,f,4.95,like
the men near the ladies like the girls.,near,center_embedding,pl,m,5.82,pl,f,5.38,pl,f,4.95,like
the men like the girls behind the ladies.,behind,peripheral,pl,m,5.82,pl,f,5.38,pl,f,4.95,like
the men behind the ladies like the girls.,behind,center_embedding,pl,m,5.82,pl,f,5.38,pl,f,4.95,like
the man sees the girl near the boy.,near,peripheral,sg,m,5.82,sg,f,5.38,sg,m,5.17,see
the man near the boy sees the girl.,near,center_embedding,sg,m,5.82,sg,f,5.38,sg,m,5.17,see
the man sees the girl behind the boy.,behind,peripheral,sg,m,5.82,sg,f,5.38,sg,m,5.17,see
the man behind the boy sees the girl.,behind,center_embedding,sg,m,5.82,sg,f,5.38,sg,m,5.17,see
the man likes the girl near the boy.,near,peripheral,sg,m,5.82,sg,f,5.38,sg,m,5.17,like
the man near the boy likes the girl.,near,center_embedding,sg,m,5.82,sg,f,5.38,sg,m,5.17,like
the man likes the girl behind the boy.,behind,peripheral,sg,m,5.82,sg,f,5.38,sg,m,5.17,like
the man behind the boy likes the girl.,behind,center_embedding,sg,m,5.82,sg,f,5.38,sg,m,5.17,like
the man sees the girl near the boys.,near,peripheral,sg,m,5.82,sg,f,5.38,pl,m,5.17,see
the man near the boys sees the girl.,near,center_embedding,sg,m,5.82,sg,f,5.38,pl,m,5.17,see
the man sees the girl behind the boys.,behind,peripheral,sg,m,5.82,sg,f,5.38,pl,m,5.17,see
the man behind the boys sees the girl.,behind,center_embedding,sg,m,5.82,sg,f,5.38,pl,m,5.17,see
the man likes the girl near the boys.,near,peripheral,sg,m,5.82,sg,f,5.38,pl,m,5.17,like
the man near the boys likes the girl.,near,center_embedding,sg,m,5.82,sg,f,5.38,pl,m,5.17,like
the man likes the girl behind the boys.,behind,peripheral,sg,m,5.82,sg,f,5.38,pl,m,5.17,like
the man behind the boys likes the girl.,behind,center_embedding,sg,m,5.82,sg,f,5.38,pl,m,5.17,like
the man sees the girls near the boy.,near,peripheral,sg,m,5.82,pl,f,5.38,sg,m,5.17,see
the man near the boy sees the girls.,near,center_embedding,sg,m,5.82,pl,f,5.38,sg,m,5.17,see
the man sees the girls behind the boy.,behind,peripheral,sg,m,5.82,pl,f,5.38,sg,m,5.17,see
the man behind the boy sees the girls.,behind,center_embedding,sg,m,5.82,pl,f,5.38,sg,m,5.17,see
the man likes the girls near the boy.,near,peripheral,sg,m,5.82,pl,f,5.38,sg,m,5.17,like
the man near the boy likes the girls.,near,center_embedding,sg,m,5.82,pl,f,5.38,sg,m,5.17,like
the man likes the girls behind the boy.,behind,peripheral,sg,m,5.82,pl,f,5.38,sg,m,5.17,like
the man behind the boy likes the girls.,behind,center_embedding,sg,m,5.82,pl,f,5.38,sg,m,5.17,like
the man sees the girls near the boys.,near,peripheral,sg,m,5.82,pl,f,5.38,pl,m,5.17,see
the man near the boys sees the girls.,near,center_embedding,sg,m,5.82,pl,f,5.38,pl,m,5.17,see
the man sees the girls behind the boys.,behind,peripheral,sg,m,5.82,pl,f,5.38,pl,m,5.17,see
the man behind the boys sees the girls.,behind,center_embedding,sg,m,5.82,pl,f,5.38,pl,m,5.17,see
the man likes the girls near the boys.,near,peripheral,sg,m,5.82,pl,f,5.38,pl,m,5.17,like
the man near the boys likes the girls.,near,center_embedding,sg,m,5.82,pl,f,5.38,pl,m,5.17,like
the man likes the girls behind the boys.,behind,peripheral,sg,m,5.82,pl,f,5.38,pl,m,5.17,like
the man behind the boys likes the girls.,behind,center_embedding,sg,m,5.82,pl,f,5.38,pl,m,5.17,like
the men see the girl near the boy.,near,peripheral,pl,m,5.82,sg,f,5.38,sg,m,5.17,see
the men near the boy see the girl.,near,center_embedding,pl,m,5.82,sg,f,5.38,sg,m,5.17,see
the men see the girl behind the boy.,behind,peripheral,pl,m,5.82,sg,f,5.38,sg,m,5.17,see
the men behind the boy see the girl.,behind,center_embedding,pl,m,5.82,sg,f,5.38,sg,m,5.17,see
the men like the girl near the boy.,near,peripheral,pl,m,5.82,sg,f,5.38,sg,m,5.17,like
the men near the boy like the girl.,near,center_embedding,pl,m,5.82,sg,f,5.38,sg,m,5.17,like
the men like the girl behind the boy.,behind,peripheral,pl,m,5.82,sg,f,5.38,sg,m,5.17,like
the men behind the boy like the girl.,behind,center_embedding,pl,m,5.82,sg,f,5.38,sg,m,5.17,like
the men see the girl near the boys.,near,peripheral,pl,m,5.82,sg,f,5.38,pl,m,5.17,see
the men near the boys see the girl.,near,center_embedding,pl,m,5.82,sg,f,5.38,pl,m,5.17,see
the men see the girl behind the boys.,behind,peripheral,pl,m,5.82,sg,f,5.38,pl,m,5.17,see
the men behind the boys see the girl.,behind,center_embedding,pl,m,5.82,sg,f,5.38,pl,m,5.17,see
the men like the girl near the boys.,near,peripheral,pl,m,5.82,sg,f,5.38,pl,m,5.17,like
the men near the boys like the girl.,near,center_embedding,pl,m,5.82,sg,f,5.38,pl,m,5.17,like
the men like the girl behind the boys.,behind,peripheral,pl,m,5.82,sg,f,5.38,pl,m,5.17,like
the men behind the boys like the girl.,behind,center_embedding,pl,m,5.82,sg,f,5.38,pl,m,5.17,like
the men see the girls near the boy.,near,peripheral,pl,m,5.82,pl,f,5.38,sg,m,5.17,see
the men near the boy see the girls.,near,center_embedding,pl,m,5.82,pl,f,5.38,sg,m,5.17,see
the men see the girls behind the boy.,behind,peripheral,pl,m,5.82,pl,f,5.38,sg,m,5.17,see
the men behind the boy see the girls.,behind,center_embedding,pl,m,5.82,pl,f,5.38,sg,m,5.17,see
the men like the girls near the boy.,near,peripheral,pl,m,5.82,pl,f,5.38,sg,m,5.17,like
the men near the boy like the girls.,near,center_embedding,pl,m,5.82,pl,f,5.38,sg,m,5.17,like
the men like the girls behind the boy.,behind,peripheral,pl,m,5.82,pl,f,5.38,sg,m,5.17,like
the men behind the boy like the girls.,behind,center_embedding,pl,m,5.82,pl,f,5.38,sg,m,5.17,like
the men see the girls near the boys.,near,peripheral,pl,m,5.82,pl,f,5.38,pl,m,5.17,see
the men near the boys see the girls.,near,center_embedding,pl,m,5.82,pl,f,5.38,pl,m,5.17,see
the men see the girls behind the boys.,behind,peripheral,pl,m,5.82,pl,f,5.38,pl,m,5.17,see
the men behind the boys see the girls.,behind,center_embedding,pl,m,5.82,pl,f,5.38,pl,m,5.17,see
the men like the girls near the boys.,near,peripheral,pl,m,5.82,pl,f,5.38,pl,m,5.17,like
the men near the boys like the girls.,near,center_embedding,pl,m,5.82,pl,f,5.38,pl,m,5.17,like
the men like the girls behind the boys.,behind,peripheral,pl,m,5.82,pl,f,5.38,pl,m,5.17,like
the men behind the boys like the girls.,behind,center_embedding,pl,m,5.82,pl,f,5.38,pl,m,5.17,like
the man sees the girl near the king.,near,peripheral,sg,m,5.82,sg,f,5.38,sg,m,5.17,see
the man near the king sees the girl.,near,center_embedding,sg,m,5.82,sg,f,5.38,sg,m,5.17,see
the man sees the girl behind the king.,behind,peripheral,sg,m,5.82,sg,f,5.38,sg,m,5.17,see
the man behind the king sees the girl.,behind,center_embedding,sg,m,5.82,sg,f,5.38,sg,m,5.17,see
the man likes the girl near the king.,near,peripheral,sg,m,5.82,sg,f,5.38,sg,m,5.17,like
the man near the king likes the girl.,near,center_embedding,sg,m,5.82,sg,f,5.38,sg,m,5.17,like
the man likes the girl behind the king.,behind,peripheral,sg,m,5.82,sg,f,5.38,sg,m,5.17,like
the man behind the king likes the girl.,behind,center_embedding,sg,m,5.82,sg,f,5.38,sg,m,5.17,like
the man sees the girl near the kings.,near,peripheral,sg,m,5.82,sg,f,5.38,pl,m,5.17,see
the man near the kings sees the girl.,near,center_embedding,sg,m,5.82,sg,f,5.38,pl,m,5.17,see
the man sees the girl behind the kings.,behind,peripheral,sg,m,5.82,sg,f,5.38,pl,m,5.17,see
the man behind the kings sees the girl.,behind,center_embedding,sg,m,5.82,sg,f,5.38,pl,m,5.17,see
the man likes the girl near the kings.,near,peripheral,sg,m,5.82,sg,f,5.38,pl,m,5.17,like
the man near the kings likes the girl.,near,center_embedding,sg,m,5.82,sg,f,5.38,pl,m,5.17,like
the man likes the girl behind the kings.,behind,peripheral,sg,m,5.82,sg,f,5.38,pl,m,5.17,like
the man behind the kings likes the girl.,behind,center_embedding,sg,m,5.82,sg,f,5.38,pl,m,5.17,like
the man sees the girls near the king.,near,peripheral,sg,m,5.82,pl,f,5.38,sg,m,5.17,see
the man near the king sees the girls.,near,center_embedding,sg,m,5.82,pl,f,5.38,sg,m,5.17,see
the man sees the girls behind the king.,behind,peripheral,sg,m,5.82,pl,f,5.38,sg,m,5.17,see
the man behind the king sees the girls.,behind,center_embedding,sg,m,5.82,pl,f,5.38,sg,m,5.17,see
the man likes the girls near the king.,near,peripheral,sg,m,5.82,pl,f,5.38,sg,m,5.17,like
the man near the king likes the girls.,near,center_embedding,sg,m,5.82,pl,f,5.38,sg,m,5.17,like
the man likes the girls behind the king.,behind,peripheral,sg,m,5.82,pl,f,5.38,sg,m,5.17,like
the man behind the king likes the girls.,behind,center_embedding,sg,m,5.82,pl,f,5.38,sg,m,5.17,like
the man sees the girls near the kings.,near,peripheral,sg,m,5.82,pl,f,5.38,pl,m,5.17,see
the man near the kings sees the girls.,near,center_embedding,sg,m,5.82,pl,f,5.38,pl,m,5.17,see
the man sees the girls behind the kings.,behind,peripheral,sg,m,5.82,pl,f,5.38,pl,m,5.17,see
the man behind the kings sees the girls.,behind,center_embedding,sg,m,5.82,pl,f,5.38,pl,m,5.17,see
the man likes the girls near the kings.,near,peripheral,sg,m,5.82,pl,f,5.38,pl,m,5.17,like
the man near the kings likes the girls.,near,center_embedding,sg,m,5.82,pl,f,5.38,pl,m,5.17,like
the man likes the girls behind the kings.,behind,peripheral,sg,m,5.82,pl,f,5.38,pl,m,5.17,like
the man behind the kings likes the girls.,behind,center_embedding,sg,m,5.82,pl,f,5.38,pl,m,5.17,like
the men see the girl near the king.,near,peripheral,pl,m,5.82,sg,f,5.38,sg,m,5.17,see
the men near the king see the girl.,near,center_embedding,pl,m,5.82,sg,f,5.38,sg,m,5.17,see
the men see the girl behind the king.,behind,peripheral,pl,m,5.82,sg,f,5.38,sg,m,5.17,see
the men behind the king see the girl.,behind,center_embedding,pl,m,5.82,sg,f,5.38,sg,m,5.17,see
the men like the girl near the king.,near,peripheral,pl,m,5.82,sg,f,5.38,sg,m,5.17,like
the men near the king like the girl.,near,center_embedding,pl,m,5.82,sg,f,5.38,sg,m,5.17,like
the men like the girl behind the king.,behind,peripheral,pl,m,5.82,sg,f,5.38,sg,m,5.17,like
the men behind the king like the girl.,behind,center_embedding,pl,m,5.82,sg,f,5.38,sg,m,5.17,like
the men see the girl near the kings.,near,peripheral,pl,m,5.82,sg,f,5.38,pl,m,5.17,see
the men near the kings see the girl.,near,center_embedding,pl,m,5.82,sg,f,5.38,pl,m,5.17,see
the men see the girl behind the kings.,behind,peripheral,pl,m,5.82,sg,f,5.38,pl,m,5.17,see
the men behind the kings see the girl.,behind,center_embedding,pl,m,5.82,sg,f,5.38,pl,m,5.17,see
the men like the girl near the kings.,near,peripheral,pl,m,5.82,sg,f,5.38,pl,m,5.17,like
the men near the kings like the girl.,near,center_embedding,pl,m,5.82,sg,f,5.38,pl,m,5.17,like
the men like the girl behind the kings.,behind,peripheral,pl,m,5.82,sg,f,5.38,pl,m,5.17,like
the men behind the kings like the girl.,behind,center_embedding,pl,m,5.82,sg,f,5.38,pl,m,5.17,like
the men see the girls near the king.,near,peripheral,pl,m,5.82,pl,f,5.38,sg,m,5.17,see
the men near the king see the girls.,near,center_embedding,pl,m,5.82,pl,f,5.38,sg,m,5.17,see
the men see the girls behind the king.,behind,peripheral,pl,m,5.82,pl,f,5.38,sg,m,5.17,see
the men behind the king see the girls.,behind,center_embedding,pl,m,5.82,pl,f,5.38,sg,m,5.17,see
the men like the girls near the king.,near,peripheral,pl,m,5.82,pl,f,5.38,sg,m,5.17,like
the men near the king like the girls.,near,center_embedding,pl,m,5.82,pl,f,5.38,sg,m,5.17,like
the men like the girls behind the king.,behind,peripheral,pl,m,5.82,pl,f,5.38,sg,m,5.17,like
the men behind the king like the girls.,behind,center_embedding,pl,m,5.82,pl,f,5.38,sg,m,5.17,like
the men see the girls near the kings.,near,peripheral,pl,m,5.82,pl,f,5.38,pl,m,5.17,see
the men near the kings see the girls.,near,center_embedding,pl,m,5.82,pl,f,5.38,pl,m,5.17,see
the men see the girls behind the kings.,behind,peripheral,pl,m,5.82,pl,f,5.38,pl,m,5.17,see
the men behind the kings see the girls.,behind,center_embedding,pl,m,5.82,pl,f,5.38,pl,m,5.17,see
the men like the girls near the kings.,near,peripheral,pl,m,5.82,pl,f,5.38,pl,m,5.17,like
the men near the kings like the girls.,near,center_embedding,pl,m,5.82,pl,f,5.38,pl,m,5.17,like
the men like the girls behind the kings.,behind,peripheral,pl,m,5.82,pl,f,5.38,pl,m,5.17,like
the men behind the kings like the girls.,behind,center_embedding,pl,m,5.82,pl,f,5.38,pl,m,5.17,like
the man sees the lady near the woman.,near,peripheral,sg,m,5.82,sg,f,4.95,sg,f,5.35,see
the man near the woman sees the lady.,near,center_embedding,sg,m,5.82,sg,f,4.95,sg,f,5.35,see
the man sees the lady behind the woman.,behind,peripheral,sg,m,5.82,sg,f,4.95,sg,f,5.35,see
the man behind the woman sees the lady.,behind,center_embedding,sg,m,5.82,sg,f,4.95,sg,f,5.35,see
the man likes the lady near the woman.,near,peripheral,sg,m,5.82,sg,f,4.95,sg,f,5.35,like
the man near the woman likes the lady.,near,center_embedding,sg,m,5.82,sg,f,4.95,sg,f,5.35,like
the man likes the lady behind the woman.,behind,peripheral,sg,m,5.82,sg,f,4.95,sg,f,5.35,like
the man behind the woman likes the lady.,behind,center_embedding,sg,m,5.82,sg,f,4.95,sg,f,5.35,like
the man sees the lady near the women.,near,peripheral,sg,m,5.82,sg,f,4.95,pl,f,5.35,see
the man near the women sees the lady.,near,center_embedding,sg,m,5.82,sg,f,4.95,pl,f,5.35,see
the man sees the lady behind the women.,behind,peripheral,sg,m,5.82,sg,f,4.95,pl,f,5.35,see
the man behind the women sees the lady.,behind,center_embedding,sg,m,5.82,sg,f,4.95,pl,f,5.35,see
the man likes the lady near the women.,near,peripheral,sg,m,5.82,sg,f,4.95,pl,f,5.35,like
the man near the women likes the lady.,near,center_embedding,sg,m,5.82,sg,f,4.95,pl,f,5.35,like
the man likes the lady behind the women.,behind,peripheral,sg,m,5.82,sg,f,4.95,pl,f,5.35,like
the man behind the women likes the lady.,behind,center_embedding,sg,m,5.82,sg,f,4.95,pl,f,5.35,like
the man sees the ladies near the woman.,near,peripheral,sg,m,5.82,pl,f,4.95,sg,f,5.35,see
the man near the woman sees the ladies.,near,center_embedding,sg,m,5.82,pl,f,4.95,sg,f,5.35,see
the man sees the ladies behind the woman.,behind,peripheral,sg,m,5.82,pl,f,4.95,sg,f,5.35,see
the man behind the woman sees the ladies.,behind,center_embedding,sg,m,5.82,pl,f,4.95,sg,f,5.35,see
the man likes the ladies near the woman.,near,peripheral,sg,m,5.82,pl,f,4.95,sg,f,5.35,like
the man near the woman likes the ladies.,near,center_embedding,sg,m,5.82,pl,f,4.95,sg,f,5.35,like
the man likes the ladies behind the woman.,behind,peripheral,sg,m,5.82,pl,f,4.95,sg,f,5.35,like
the man behind the woman likes the ladies.,behind,center_embedding,sg,m,5.82,pl,f,4.95,sg,f,5.35,like
the man sees the ladies near the women.,near,peripheral,sg,m,5.82,pl,f,4.95,pl,f,5.35,see
the man near the women sees the ladies.,near,center_embedding,sg,m,5.82,pl,f,4.95,pl,f,5.35,see
the man sees the ladies behind the women.,behind,peripheral,sg,m,5.82,pl,f,4.95,pl,f,5.35,see
the man behind the women sees the ladies.,behind,center_embedding,sg,m,5.82,pl,f,4.95,pl,f,5.35,see
the man likes the ladies near the women.,near,peripheral,sg,m,5.82,pl,f,4.95,pl,f,5.35,like
the man near the women likes the ladies.,near,center_embedding,sg,m,5.82,pl,f,4.95,pl,f,5.35,like
the man likes the ladies behind the women.,behind,peripheral,sg,m,5.82,pl,f,4.95,pl,f,5.35,like
the man behind the women likes the ladies.,behind,center_embedding,sg,m,5.82,pl,f,4.95,pl,f,5.35,like
the men see the lady near the woman.,near,peripheral,pl,m,5.82,sg,f,4.95,sg,f,5.35,see
the men near the woman see the lady.,near,center_embedding,pl,m,5.82,sg,f,4.95,sg,f,5.35,see
the men see the lady behind the woman.,behind,peripheral,pl,m,5.82,sg,f,4.95,sg,f,5.35,see
the men behind the woman see the lady.,behind,center_embedding,pl,m,5.82,sg,f,4.95,sg,f,5.35,see
the men like the lady near the woman.,near,peripheral,pl,m,5.82,sg,f,4.95,sg,f,5.35,like
the men near the woman like the lady.,near,center_embedding,pl,m,5.82,sg,f,4.95,sg,f,5.35,like
the men like the lady behind the woman.,behind,peripheral,pl,m,5.82,sg,f,4.95,sg,f,5.35,like
the men behind the woman like the lady.,behind,center_embedding,pl,m,5.82,sg,f,4.95,sg,f,5.35,like
the men see the lady near the women.,near,peripheral,pl,m,5.82,sg,f,4.95,pl,f,5.35,see
the men near the women see the lady.,near,center_embedding,pl,m,5.82,sg,f,4.95,pl,f,5.35,see
the men see the lady behind the women.,behind,peripheral,pl,m,5.82,sg,f,4.95,pl,f,5.35,see
the men behind the women see the lady.,behind,center_embedding,pl,m,5.82,sg,f,4.95,pl,f,5.35,see
the men like the lady near the women.,near,peripheral,pl,m,5.82,sg,f,4.95,pl,f,5.35,like
the men near the women like the lady.,near,center_embedding,pl,m,5.82,sg,f,4.95,pl,f,5.35,like
the men like the lady behind the women.,behind,peripheral,pl,m,5.82,sg,f,4.95,pl,f,5.35,like
the men behind the women like the lady.,behind,center_embedding,pl,m,5.82,sg,f,4.95,pl,f,5.35,like
the men see the ladies near the woman.,near,peripheral,pl,m,5.82,pl,f,4.95,sg,f,5.35,see
the men near the woman see the ladies.,near,center_embedding,pl,m,5.82,pl,f,4.95,sg,f,5.35,see
the men see the ladies behind the woman.,behind,peripheral,pl,m,5.82,pl,f,4.95,sg,f,5.35,see
the men behind the woman see the ladies.,behind,center_embedding,pl,m,5.82,pl,f,4.95,sg,f,5.35,see
the men like the ladies near the woman.,near,peripheral,pl,m,5.82,pl,f,4.95,sg,f,5.35,like
the men near the woman like the ladies.,near,center_embedding,pl,m,5.82,pl,f,4.95,sg,f,5.35,like
the men like the ladies behind the woman.,behind,peripheral,pl,m,5.82,pl,f,4.95,sg,f,5.35,like
the men behind the woman like the ladies.,behind,center_embedding,pl,m,5.82,pl,f,4.95,sg,f,5.35,like
the men see the ladies near the women.,near,peripheral,pl,m,5.82,pl,f,4.95,pl,f,5.35,see
the men near the women see the ladies.,near,center_embedding,pl,m,5.82,pl,f,4.95,pl,f,5.35,see
the men see the ladies behind the women.,behind,peripheral,pl,m,5.82,pl,f,4.95,pl,f,5.35,see
the men behind the women see the ladies.,behind,center_embedding,pl,m,5.82,pl,f,4.95,pl,f,5.35,see
the men like the ladies near the women.,near,peripheral,pl,m,5.82,pl,f,4.95,pl,f,5.35,like
the men near the women like the ladies.,near,center_embedding,pl,m,5.82,pl,f,4.95,pl,f,5.35,like
the men like the ladies behind the women.,behind,peripheral,pl,m,5.82,pl,f,4.95,pl,f,5.35,like
the men behind the women like the ladies.,behind,center_embedding,pl,m,5.82,pl,f,4.95,pl,f,5.35,like
the man sees the lady near the girl.,near,peripheral,sg,m,5.82,sg,f,4.95,sg,f,5.38,see
the man near the girl sees the lady.,near,center_embedding,sg,m,5.82,sg,f,4.95,sg,f,5.38,see
the man sees the lady behind the girl.,behind,peripheral,sg,m,5.82,sg,f,4.95,sg,f,5.38,see
the man behind the girl sees the lady.,behind,center_embedding,sg,m,5.82,sg,f,4.95,sg,f,5.38,see
the man likes the lady near the girl.,near,peripheral,sg,m,5.82,sg,f,4.95,sg,f,5.38,like
the man near the girl likes the lady.,near,center_embedding,sg,m,5.82,sg,f,4.95,sg,f,5.38,like
the man likes the lady behind the girl.,behind,peripheral,sg,m,5.82,sg,f,4.95,sg,f,5.38,like
the man behind the girl likes the lady.,behind,center_embedding,sg,m,5.82,sg,f,4.95,sg,f,5.38,like
the man sees the lady near the girls.,near,peripheral,sg,m,5.82,sg,f,4.95,pl,f,5.38,see
the man near the girls sees the lady.,near,center_embedding,sg,m,5.82,sg,f,4.95,pl,f,5.38,see
the man sees the lady behind the girls.,behind,peripheral,sg,m,5.82,sg,f,4.95,pl,f,5.38,see
the man behind the girls sees the lady.,behind,center_embedding,sg,m,5.82,sg,f,4.95,pl,f,5.38,see
the man likes the lady near the girls.,near,peripheral,sg,m,5.82,sg,f,4.95,pl,f,5.38,like
the man near the girls likes the lady.,near,center_embedding,sg,m,5.82,sg,f,4.95,pl,f,5.38,like
the man likes the lady behind the girls.,behind,peripheral,sg,m,5.82,sg,f,4.95,pl,f,5.38,like
the man behind the girls likes the lady.,behind,center_embedding,sg,m,5.82,sg,f,4.95,pl,f,5.38,like
the man sees the ladies near the girl.,near,peripheral,sg,m,5.82,pl,f,4.95,sg,f,5.38,see
the man near the girl sees the ladies.,near,center_embedding,sg,m,5.82,pl,f,4.95,sg,f,5.38,see
the man sees the ladies behind the girl.,behind,peripheral,sg,m,5.82,pl,f,4.95,sg,f,5.38,see
the man behind the girl sees the ladies.,behind,center_embedding,sg,m,5.82,pl,f,4.95,sg,f,5.38,see
the man likes the ladies near the girl.,near,peripheral,sg,m,5.82,pl,f,4.95,sg,f,5.38,like
the man near the girl likes the ladies.,near,center_embedding,sg,m,5.82,pl,f,4.95,sg,f,5.38,like
the man likes the ladies behind the girl.,behind,peripheral,sg,m,5.82,pl,f,4.95,sg,f,5.38,like
the man behind the girl likes the ladies.,behind,center_embedding,sg,m,5.82,pl,f,4.95,sg,f,5.38,like
the man sees the ladies near the girls.,near,peripheral,sg,m,5.82,pl,f,4.95,pl,f,5.38,see
the man near the girls sees the ladies.,near,center_embedding,sg,m,5.82,pl,f,4.95,pl,f,5.38,see
the man sees the ladies behind the girls.,behind,peripheral,sg,m,5.82,pl,f,4.95,pl,f,5.38,see
the man behind the girls sees the ladies.,behind,center_embedding,sg,m,5.82,pl,f,4.95,pl,f,5.38,see
the man likes the ladies near the girls.,near,peripheral,sg,m,5.82,pl,f,4.95,pl,f,5.38,like
the man near the girls likes the ladies.,near,center_embedding,sg,m,5.82,pl,f,4.95,pl,f,5.38,like
the man likes the ladies behind the girls.,behind,peripheral,sg,m,5.82,pl,f,4.95,pl,f,5.38,like
the man behind the girls likes the ladies.,behind,center_embedding,sg,m,5.82,pl,f,4.95,pl,f,5.38,like
the men see the lady near the girl.,near,peripheral,pl,m,5.82,sg,f,4.95,sg,f,5.38,see
the men near the girl see the lady.,near,center_embedding,pl,m,5.82,sg,f,4.95,sg,f,5.38,see
the men see the lady behind the girl.,behind,peripheral,pl,m,5.82,sg,f,4.95,sg,f,5.38,see
the men behind the girl see the lady.,behind,center_embedding,pl,m,5.82,sg,f,4.95,sg,f,5.38,see
the men like the lady near the girl.,near,peripheral,pl,m,5.82,sg,f,4.95,sg,f,5.38,like
the men near the girl like the lady.,near,center_embedding,pl,m,5.82,sg,f,4.95,sg,f,5.38,like
the men like the lady behind the girl.,behind,peripheral,pl,m,5.82,sg,f,4.95,sg,f,5.38,like
the men behind the girl like the lady.,behind,center_embedding,pl,m,5.82,sg,f,4.95,sg,f,5.38,like
the men see the lady near the girls.,near,peripheral,pl,m,5.82,sg,f,4.95,pl,f,5.38,see
the men near the girls see the lady.,near,center_embedding,pl,m,5.82,sg,f,4.95,pl,f,5.38,see
the men see the lady behind the girls.,behind,peripheral,pl,m,5.82,sg,f,4.95,pl,f,5.38,see
the men behind the girls see the lady.,behind,center_embedding,pl,m,5.82,sg,f,4.95,pl,f,5.38,see
the men like the lady near the girls.,near,peripheral,pl,m,5.82,sg,f,4.95,pl,f,5.38,like
the men near the girls like the lady.,near,center_embedding,pl,m,5.82,sg,f,4.95,pl,f,5.38,like
the men like the lady behind the girls.,behind,peripheral,pl,m,5.82,sg,f,4.95,pl,f,5.38,like
the men behind the girls like the lady.,behind,center_embedding,pl,m,5.82,sg,f,4.95,pl,f,5.38,like
the men see the ladies near the girl.,near,peripheral,pl,m,5.82,pl,f,4.95,sg,f,5.38,see
the men near the girl see the ladies.,near,center_embedding,pl,m,5.82,pl,f,4.95,sg,f,5.38,see
the men see the ladies behind the girl.,behind,peripheral,pl,m,5.82,pl,f,4.95,sg,f,5.38,see
the men behind the girl see the ladies.,behind,center_embedding,pl,m,5.82,pl,f,4.95,sg,f,5.38,see
the men like the ladies near the girl.,near,peripheral,pl,m,5.82,pl,f,4.95,sg,f,5.38,like
the men near the girl like the ladies.,near,center_embedding,pl,m,5.82,pl,f,4.95,sg,f,5.38,like
the men like the ladies behind the girl.,behind,peripheral,pl,m,5.82,pl,f,4.95,sg,f,5.38,like
the men behind the girl like the ladies.,behind,center_embedding,pl,m,5.82,pl,f,4.95,sg,f,5.38,like
the men see the ladies near the girls.,near,peripheral,pl,m,5.82,pl,f,4.95,pl,f,5.38,see
the men near the girls see the ladies.,near,center_embedding,pl,m,5.82,pl,f,4.95,pl,f,5.38,see
the men see the ladies behind the girls.,behind,peripheral,pl,m,5.82,pl,f,4.95,pl,f,5.38,see
the men behind the girls see the ladies.,behind,center_embedding,pl,m,5.82,pl,f,4.95,pl,f,5.38,see
the men like the ladies near the girls.,near,peripheral,pl,m,5.82,pl,f,4.95,pl,f,5.38,like
the men near the girls like the ladies.,near,center_embedding,pl,m,5.82,pl,f,4.95,pl,f,5.38,like
the men like the ladies behind the girls.,behind,peripheral,pl,m,5.82,pl,f,4.95,pl,f,5.38,like
the men behind the girls like the ladies.,behind,center_embedding,pl,m,5.82,pl,f,4.95,pl,f,5.38,like
the man sees the lady near the boy.,near,peripheral,sg,m,5.82,sg,f,4.95,sg,m,5.17,see
the man near the boy sees the lady.,near,center_embedding,sg,m,5.82,sg,f,4.95,sg,m,5.17,see
the man sees the lady behind the boy.,behind,peripheral,sg,m,5.82,sg,f,4.95,sg,m,5.17,see
the man behind the boy sees the lady.,behind,center_embedding,sg,m,5.82,sg,f,4.95,sg,m,5.17,see
the man likes the lady near the boy.,near,peripheral,sg,m,5.82,sg,f,4.95,sg,m,5.17,like
the man near the boy likes the lady.,near,center_embedding,sg,m,5.82,sg,f,4.95,sg,m,5.17,like
the man likes the lady behind the boy.,behind,peripheral,sg,m,5.82,sg,f,4.95,sg,m,5.17,like
the man behind the boy likes the lady.,behind,center_embedding,sg,m,5.82,sg,f,4.95,sg,m,5.17,like
the man sees the lady near the boys.,near,peripheral,sg,m,5.82,sg,f,4.95,pl,m,5.17,see
the man near the boys sees the lady.,near,center_embedding,sg,m,5.82,sg,f,4.95,pl,m,5.17,see
the man sees the lady behind the boys.,behind,peripheral,sg,m,5.82,sg,f,4.95,pl,m,5.17,see
the man behind the boys sees the lady.,behind,center_embedding,sg,m,5.82,sg,f,4.95,pl,m,5.17,see
the man likes the lady near the boys.,near,peripheral,sg,m,5.82,sg,f,4.95,pl,m,5.17,like
the man near the boys likes the lady.,near,center_embedding,sg,m,5.82,sg,f,4.95,pl,m,5.17,like
the man likes the lady behind the boys.,behind,peripheral,sg,m,5.82,sg,f,4.95,pl,m,5.17,like
the man behind the boys likes the lady.,behind,center_embedding,sg,m,5.82,sg,f,4.95,pl,m,5.17,like
the man sees the ladies near the boy.,near,peripheral,sg,m,5.82,pl,f,4.95,sg,m,5.17,see
the man near the boy sees the ladies.,near,center_embedding,sg,m,5.82,pl,f,4.95,sg,m,5.17,see
the man sees the ladies behind the boy.,behind,peripheral,sg,m,5.82,pl,f,4.95,sg,m,5.17,see
the man behind the boy sees the ladies.,behind,center_embedding,sg,m,5.82,pl,f,4.95,sg,m,5.17,see
the man likes the ladies near the boy.,near,peripheral,sg,m,5.82,pl,f,4.95,sg,m,5.17,like
the man near the boy likes the ladies.,near,center_embedding,sg,m,5.82,pl,f,4.95,sg,m,5.17,like
the man likes the ladies behind the boy.,behind,peripheral,sg,m,5.82,pl,f,4.95,sg,m,5.17,like
the man behind the boy likes the ladies.,behind,center_embedding,sg,m,5.82,pl,f,4.95,sg,m,5.17,like
the man sees the ladies near the boys.,near,peripheral,sg,m,5.82,pl,f,4.95,pl,m,5.17,see
the man near the boys sees the ladies.,near,center_embedding,sg,m,5.82,pl,f,4.95,pl,m,5.17,see
the man sees the ladies behind the boys.,behind,peripheral,sg,m,5.82,pl,f,4.95,pl,m,5.17,see
the man behind the boys sees the ladies.,behind,center_embedding,sg,m,5.82,pl,f,4.95,pl,m,5.17,see
the man likes the ladies near the boys.,near,peripheral,sg,m,5.82,pl,f,4.95,pl,m,5.17,like
the man near the boys likes the ladies.,near,center_embedding,sg,m,5.82,pl,f,4.95,pl,m,5.17,like
the man likes the ladies behind the boys.,behind,peripheral,sg,m,5.82,pl,f,4.95,pl,m,5.17,like
the man behind the boys likes the ladies.,behind,center_embedding,sg,m,5.82,pl,f,4.95,pl,m,5.17,like
the men see the lady near the boy.,near,peripheral,pl,m,5.82,sg,f,4.95,sg,m,5.17,see
the men near the boy see the lady.,near,center_embedding,pl,m,5.82,sg,f,4.95,sg,m,5.17,see
the men see the lady behind the boy.,behind,peripheral,pl,m,5.82,sg,f,4.95,sg,m,5.17,see
the men behind the boy see the lady.,behind,center_embedding,pl,m,5.82,sg,f,4.95,sg,m,5.17,see
the men like the lady near the boy.,near,peripheral,pl,m,5.82,sg,f,4.95,sg,m,5.17,like
the men near the boy like the lady.,near,center_embedding,pl,m,5.82,sg,f,4.95,sg,m,5.17,like
the men like the lady behind the boy.,behind,peripheral,pl,m,5.82,sg,f,4.95,sg,m,5.17,like
the men behind the boy like the lady.,behind,center_embedding,pl,m,5.82,sg,f,4.95,sg,m,5.17,like
the men see the lady near the boys.,near,peripheral,pl,m,5.82,sg,f,4.95,pl,m,5.17,see
the men near the boys see the lady.,near,center_embedding,pl,m,5.82,sg,f,4.95,pl,m,5.17,see
the men see the lady behind the boys.,behind,peripheral,pl,m,5.82,sg,f,4.95,pl,m,5.17,see
the men behind the boys see the lady.,behind,center_embedding,pl,m,5.82,sg,f,4.95,pl,m,5.17,see
the men like the lady near the boys.,near,peripheral,pl,m,5.82,sg,f,4.95,pl,m,5.17,like
the men near the boys like the lady.,near,center_embedding,pl,m,5.82,sg,f,4.95,pl,m,5.17,like
the men like the lady behind the boys.,behind,peripheral,pl,m,5.82,sg,f,4.95,pl,m,5.17,like
the men behind the boys like the lady.,behind,center_embedding,pl,m,5.82,sg,f,4.95,pl,m,5.17,like
the men see the ladies near the boy.,near,peripheral,pl,m,5.82,pl,f,4.95,sg,m,5.17,see
the men near the boy see the ladies.,near,center_embedding,pl,m,5.82,pl,f,4.95,sg,m,5.17,see
the men see the ladies behind the boy.,behind,peripheral,pl,m,5.82,pl,f,4.95,sg,m,5.17,see
the men behind the boy see the ladies.,behind,center_embedding,pl,m,5.82,pl,f,4.95,sg,m,5.17,see
the men like the ladies near the boy.,near,peripheral,pl,m,5.82,pl,f,4.95,sg,m,5.17,like
the men near the boy like the ladies.,near,center_embedding,pl,m,5.82,pl,f,4.95,sg,m,5.17,like
the men like the ladies behind the boy.,behind,peripheral,pl,m,5.82,pl,f,4.95,sg,m,5.17,like
the men behind the boy like the ladies.,behind,center_embedding,pl,m,5.82,pl,f,4.95,sg,m,5.17,like
the men see the ladies near the boys.,near,peripheral,pl,m,5.82,pl,f,4.95,pl,m,5.17,see
the men near the boys see the ladies.,near,center_embedding,pl,m,5.82,pl,f,4.95,pl,m,5.17,see
the men see the ladies behind the boys.,behind,peripheral,pl,m,5.82,pl,f,4.95,pl,m,5.17,see
the men behind the boys see the ladies.,behind,center_embedding,pl,m,5.82,pl,f,4.95,pl,m,5.17,see
the men like the ladies near the boys.,near,peripheral,pl,m,5.82,pl,f,4.95,pl,m,5.17,like
the men near the boys like the ladies.,near,center_embedding,pl,m,5.82,pl,f,4.95,pl,m,5.17,like
the men like the ladies behind the boys.,behind,peripheral,pl,m,5.82,pl,f,4.95,pl,m,5.17,like
the men behind the boys like the ladies.,behind,center_embedding,pl,m,5.82,pl,f,4.95,pl,m,5.17,like
the man sees the lady near the king.,near,peripheral,sg,m,5.82,sg,f,4.95,sg,m,5.17,see
the man near the king sees the lady.,near,center_embedding,sg,m,5.82,sg,f,4.95,sg,m,5.17,see
the man sees the lady behind the king.,behind,peripheral,sg,m,5.82,sg,f,4.95,sg,m,5.17,see
the man behind the king sees the lady.,behind,center_embedding,sg,m,5.82,sg,f,4.95,sg,m,5.17,see
the man likes the lady near the king.,near,peripheral,sg,m,5.82,sg,f,4.95,sg,m,5.17,like
the man near the king likes the lady.,near,center_embedding,sg,m,5.82,sg,f,4.95,sg,m,5.17,like
the man likes the lady behind the king.,behind,peripheral,sg,m,5.82,sg,f,4.95,sg,m,5.17,like
the man behind the king likes the lady.,behind,center_embedding,sg,m,5.82,sg,f,4.95,sg,m,5.17,like
the man sees the lady near the kings.,near,peripheral,sg,m,5.82,sg,f,4.95,pl,m,5.17,see
the man near the kings sees the lady.,near,center_embedding,sg,m,5.82,sg,f,4.95,pl,m,5.17,see
the man sees the lady behind the kings.,behind,peripheral,sg,m,5.82,sg,f,4.95,pl,m,5.17,see
the man behind the kings sees the lady.,behind,center_embedding,sg,m,5.82,sg,f,4.95,pl,m,5.17,see
the man likes the lady near the kings.,near,peripheral,sg,m,5.82,sg,f,4.95,pl,m,5.17,like
the man near the kings likes the lady.,near,center_embedding,sg,m,5.82,sg,f,4.95,pl,m,5.17,like
the man likes the lady behind the kings.,behind,peripheral,sg,m,5.82,sg,f,4.95,pl,m,5.17,like
the man behind the kings likes the lady.,behind,center_embedding,sg,m,5.82,sg,f,4.95,pl,m,5.17,like
the man sees the ladies near the king.,near,peripheral,sg,m,5.82,pl,f,4.95,sg,m,5.17,see
the man near the king sees the ladies.,near,center_embedding,sg,m,5.82,pl,f,4.95,sg,m,5.17,see
the man sees the ladies behind the king.,behind,peripheral,sg,m,5.82,pl,f,4.95,sg,m,5.17,see
the man behind the king sees the ladies.,behind,center_embedding,sg,m,5.82,pl,f,4.95,sg,m,5.17,see
the man likes the ladies near the king.,near,peripheral,sg,m,5.82,pl,f,4.95,sg,m,5.17,like
the man near the king likes the ladies.,near,center_embedding,sg,m,5.82,pl,f,4.95,sg,m,5.17,like
the man likes the ladies behind the king.,behind,peripheral,sg,m,5.82,pl,f,4.95,sg,m,5.17,like
the man behind the king likes the ladies.,behind,center_embedding,sg,m,5.82,pl,f,4.95,sg,m,5.17,like
the man sees the ladies near the kings.,near,peripheral,sg,m,5.82,pl,f,4.95,pl,m,5.17,see
the man near the kings sees the ladies.,near,center_embedding,sg,m,5.82,pl,f,4.95,pl,m,5.17,see
the man sees the ladies behind the kings.,behind,peripheral,sg,m,5.82,pl,f,4.95,pl,m,5.17,see
the man behind the kings sees the ladies.,behind,center_embedding,sg,m,5.82,pl,f,4.95,pl,m,5.17,see
the man likes the ladies near the kings.,near,peripheral,sg,m,5.82,pl,f,4.95,pl,m,5.17,like
the man near the kings likes the ladies.,near,center_embedding,sg,m,5.82,pl,f,4.95,pl,m,5.17,like
the man likes the ladies behind the kings.,behind,peripheral,sg,m,5.82,pl,f,4.95,pl,m,5.17,like
the man behind the kings likes the ladies.,behind,center_embedding,sg,m,5.82,pl,f,4.95,pl,m,5.17,like
the men see the lady near the king.,near,peripheral,pl,m,5.82,sg,f,4.95,sg,m,5.17,see
the men near the king see the lady.,near,center_embedding,pl,m,5.82,sg,f,4.95,sg,m,5.17,see
the men see the lady behind the king.,behind,peripheral,pl,m,5.82,sg,f,4.95,sg,m,5.17,see
the men behind the king see the lady.,behind,center_embedding,pl,m,5.82,sg,f,4.95,sg,m,5.17,see
the men like the lady near the king.,near,peripheral,pl,m,5.82,sg,f,4.95,sg,m,5.17,like
the men near the king like the lady.,near,center_embedding,pl,m,5.82,sg,f,4.95,sg,m,5.17,like
the men like the lady behind the king.,behind,peripheral,pl,m,5.82,sg,f,4.95,sg,m,5.17,like
the men behind the king like the lady.,behind,center_embedding,pl,m,5.82,sg,f,4.95,sg,m,5.17,like
the men see the lady near the kings.,near,peripheral,pl,m,5.82,sg,f,4.95,pl,m,5.17,see
the men near the kings see the lady.,near,center_embedding,pl,m,5.82,sg,f,4.95,pl,m,5.17,see
the men see the lady behind the kings.,behind,peripheral,pl,m,5.82,sg,f,4.95,pl,m,5.17,see
the men behind the kings see the lady.,behind,center_embedding,pl,m,5.82,sg,f,4.95,pl,m,5.17,see
the men like the lady near the kings.,near,peripheral,pl,m,5.82,sg,f,4.95,pl,m,5.17,like
the men near the kings like the lady.,near,center_embedding,pl,m,5.82,sg,f,4.95,pl,m,5.17,like
the men like the lady behind the kings.,behind,peripheral,pl,m,5.82,sg,f,4.95,pl,m,5.17,like
the men behind the kings like the lady.,behind,center_embedding,pl,m,5.82,sg,f,4.95,pl,m,5.17,like
the men see the ladies near the king.,near,peripheral,pl,m,5.82,pl,f,4.95,sg,m,5.17,see
the men near the king see the ladies.,near,center_embedding,pl,m,5.82,pl,f,4.95,sg,m,5.17,see
the men see the ladies behind the king.,behind,peripheral,pl,m,5.82,pl,f,4.95,sg,m,5.17,see
the men behind the king see the ladies.,behind,center_embedding,pl,m,5.82,pl,f,4.95,sg,m,5.17,see
the men like the ladies near the king.,near,peripheral,pl,m,5.82,pl,f,4.95,sg,m,5.17,like
the men near the king like the ladies.,near,center_embedding,pl,m,5.82,pl,f,4.95,sg,m,5.17,like
the men like the ladies behind the king.,behind,peripheral,pl,m,5.82,pl,f,4.95,sg,m,5.17,like
the men behind the king like the ladies.,behind,center_embedding,pl,m,5.82,pl,f,4.95,sg,m,5.17,like
the men see the ladies near the kings.,near,peripheral,pl,m,5.82,pl,f,4.95,pl,m,5.17,see
the men near the kings see the ladies.,near,center_embedding,pl,m,5.82,pl,f,4.95,pl,m,5.17,see
the men see the ladies behind the kings.,behind,peripheral,pl,m,5.82,pl,f,4.95,pl,m,5.17,see
the men behind the kings see the ladies.,behind,center_embedding,pl,m,5.82,pl,f,4.95,pl,m,5.17,see
the men like the ladies near the kings.,near,peripheral,pl,m,5.82,pl,f,4.95,pl,m,5.17,like
the men near the kings like the ladies.,near,center_embedding,pl,m,5.82,pl,f,4.95,pl,m,5.17,like
the men like the ladies behind the kings.,behind,peripheral,pl,m,5.82,pl,f,4.95,pl,m,5.17,like
the men behind the kings like the ladies.,behind,center_embedding,pl,m,5.82,pl,f,4.95,pl,m,5.17,like
the man sees the boy near the woman.,near,peripheral,sg,m,5.82,sg,m,5.17,sg,f,5.35,see
the man near the woman sees the boy.,near,center_embedding,sg,m,5.82,sg,m,5.17,sg,f,5.35,see
the man sees the boy behind the woman.,behind,peripheral,sg,m,5.82,sg,m,5.17,sg,f,5.35,see
the man behind the woman sees the boy.,behind,center_embedding,sg,m,5.82,sg,m,5.17,sg,f,5.35,see
the man likes the boy near the woman.,near,peripheral,sg,m,5.82,sg,m,5.17,sg,f,5.35,like
the man near the woman likes the boy.,near,center_embedding,sg,m,5.82,sg,m,5.17,sg,f,5.35,like
the man likes the boy behind the woman.,behind,peripheral,sg,m,5.82,sg,m,5.17,sg,f,5.35,like
the man behind the woman likes the boy.,behind,center_embedding,sg,m,5.82,sg,m,5.17,sg,f,5.35,like
the man sees the boy near the women.,near,peripheral,sg,m,5.82,sg,m,5.17,pl,f,5.35,see
the man near the women sees the boy.,near,center_embedding,sg,m,5.82,sg,m,5.17,pl,f,5.35,see
the man sees the boy behind the women.,behind,peripheral,sg,m,5.82,sg,m,5.17,pl,f,5.35,see
the man behind the women sees the boy.,behind,center_embedding,sg,m,5.82,sg,m,5.17,pl,f,5.35,see
the man likes the boy near the women.,near,peripheral,sg,m,5.82,sg,m,5.17,pl,f,5.35,like
the man near the women likes the boy.,near,center_embedding,sg,m,5.82,sg,m,5.17,pl,f,5.35,like
the man likes the boy behind the women.,behind,peripheral,sg,m,5.82,sg,m,5.17,pl,f,5.35,like
the man behind the women likes the boy.,behind,center_embedding,sg,m,5.82,sg,m,5.17,pl,f,5.35,like
the man sees the boys near the woman.,near,peripheral,sg,m,5.82,pl,m,5.17,sg,f,5.35,see
the man near the woman sees the boys.,near,center_embedding,sg,m,5.82,pl,m,5.17,sg,f,5.35,see
the man sees the boys behind the woman.,behind,peripheral,sg,m,5.82,pl,m,5.17,sg,f,5.35,see
the man behind the woman sees the boys.,behind,center_embedding,sg,m,5.82,pl,m,5.17,sg,f,5.35,see
the man likes the boys near the woman.,near,peripheral,sg,m,5.82,pl,m,5.17,sg,f,5.35,like
the man near the woman likes the boys.,near,center_embedding,sg,m,5.82,pl,m,5.17,sg,f,5.35,like
the man likes the boys behind the woman.,behind,peripheral,sg,m,5.82,pl,m,5.17,sg,f,5.35,like
the man behind the woman likes the boys.,behind,center_embedding,sg,m,5.82,pl,m,5.17,sg,f,5.35,like
the man sees the boys near the women.,near,peripheral,sg,m,5.82,pl,m,5.17,pl,f,5.35,see
the man near the women sees the boys.,near,center_embedding,sg,m,5.82,pl,m,5.17,pl,f,5.35,see
the man sees the boys behind the women.,behind,peripheral,sg,m,5.82,pl,m,5.17,pl,f,5.35,see
the man behind the women sees the boys.,behind,center_embedding,sg,m,5.82,pl,m,5.17,pl,f,5.35,see
the man likes the boys near the women.,near,peripheral,sg,m,5.82,pl,m,5.17,pl,f,5.35,like
the man near the women likes the boys.,near,center_embedding,sg,m,5.82,pl,m,5.17,pl,f,5.35,like
the man likes the boys behind the women.,behind,peripheral,sg,m,5.82,pl,m,5.17,pl,f,5.35,like
the man behind the women likes the boys.,behind,center_embedding,sg,m,5.82,pl,m,5.17,pl,f,5.35,like
the men see the boy near the woman.,near,peripheral,pl,m,5.82,sg,m,5.17,sg,f,5.35,see
the men near the woman see the boy.,near,center_embedding,pl,m,5.82,sg,m,5.17,sg,f,5.35,see
the men see the boy behind the woman.,behind,peripheral,pl,m,5.82,sg,m,5.17,sg,f,5.35,see
the men behind the woman see the boy.,behind,center_embedding,pl,m,5.82,sg,m,5.17,sg,f,5.35,see
the men like the boy near the woman.,near,peripheral,pl,m,5.82,sg,m,5.17,sg,f,5.35,like
the men near the woman like the boy.,near,center_embedding,pl,m,5.82,sg,m,5.17,sg,f,5.35,like
the men like the boy behind the woman.,behind,peripheral,pl,m,5.82,sg,m,5.17,sg,f,5.35,like
the men behind the woman like the boy.,behind,center_embedding,pl,m,5.82,sg,m,5.17,sg,f,5.35,like
the men see the boy near the women.,near,peripheral,pl,m,5.82,sg,m,5.17,pl,f,5.35,see
the men near the women see the boy.,near,center_embedding,pl,m,5.82,sg,m,5.17,pl,f,5.35,see
the men see the boy behind the women.,behind,peripheral,pl,m,5.82,sg,m,5.17,pl,f,5.35,see
the men behind the women see the boy.,behind,center_embedding,pl,m,5.82,sg,m,5.17,pl,f,5.35,see
the men like the boy near the women.,near,peripheral,pl,m,5.82,sg,m,5.17,pl,f,5.35,like
the men near the women like the boy.,near,center_embedding,pl,m,5.82,sg,m,5.17,pl,f,5.35,like
the men like the boy behind the women.,behind,peripheral,pl,m,5.82,sg,m,5.17,pl,f,5.35,like
the men behind the women like the boy.,behind,center_embedding,pl,m,5.82,sg,m,5.17,pl,f,5.35,like
the men see the boys near the woman.,near,peripheral,pl,m,5.82,pl,m,5.17,sg,f,5.35,see
the men near the woman see the boys.,near,center_embedding,pl,m,5.82,pl,m,5.17,sg,f,5.35,see
the men see the boys behind the woman.,behind,peripheral,pl,m,5.82,pl,m,5.17,sg,f,5.35,see
the men behind the woman see the boys.,behind,center_embedding,pl,m,5.82,pl,m,5.17,sg,f,5.35,see
the men like the boys near the woman.,near,peripheral,pl,m,5.82,pl,m,5.17,sg,f,5.35,like
the men near the woman like the boys.,near,center_embedding,pl,m,5.82,pl,m,5.17,sg,f,5.35,like
the men like the boys behind the woman.,behind,peripheral,pl,m,5.82,pl,m,5.17,sg,f,5.35,like
the men behind the woman like the boys.,behind,center_embedding,pl,m,5.82,pl,m,5.17,sg,f,5.35,like
the men see the boys near the women.,near,peripheral,pl,m,5.82,pl,m,5.17,pl,f,5.35,see
the men near the women see the boys.,near,center_embedding,pl,m,5.82,pl,m,5.17,pl,f,5.35,see
the men see the boys behind the women.,behind,peripheral,pl,m,5.82,pl,m,5.17,pl,f,5.35,see
the men behind the women see the boys.,behind,center_embedding,pl,m,5.82,pl,m,5.17,pl,f,5.35,see
the men like the boys near the women.,near,peripheral,pl,m,5.82,pl,m,5.17,pl,f,5.35,like
the men near the women like the boys.,near,center_embedding,pl,m,5.82,pl,m,5.17,pl,f,5.35,like
the men like the boys behind the women.,behind,peripheral,pl,m,5.82,pl,m,5.17,pl,f,5.35,like
the men behind the women like the boys.,behind,center_embedding,pl,m,5.82,pl,m,5.17,pl,f,5.35,like
the man sees the boy near the girl.,near,peripheral,sg,m,5.82,sg,m,5.17,sg,f,5.38,see
the man near the girl sees the boy.,near,center_embedding,sg,m,5.82,sg,m,5.17,sg,f,5.38,see
the man sees the boy behind the girl.,behind,peripheral,sg,m,5.82,sg,m,5.17,sg,f,5.38,see
the man behind the girl sees the boy.,behind,center_embedding,sg,m,5.82,sg,m,5.17,sg,f,5.38,see
the man likes the boy near the girl.,near,peripheral,sg,m,5.82,sg,m,5.17,sg,f,5.38,like
the man near the girl likes the boy.,near,center_embedding,sg,m,5.82,sg,m,5.17,sg,f,5.38,like
the man likes the boy behind the girl.,behind,peripheral,sg,m,5.82,sg,m,5.17,sg,f,5.38,like
the man behind the girl likes the boy.,behind,center_embedding,sg,m,5.82,sg,m,5.17,sg,f,5.38,like
the man sees the boy near the girls.,near,peripheral,sg,m,5.82,sg,m,5.17,pl,f,5.38,see
the man near the girls sees the boy.,near,center_embedding,sg,m,5.82,sg,m,5.17,pl,f,5.38,see
the man sees the boy behind the girls.,behind,peripheral,sg,m,5.82,sg,m,5.17,pl,f,5.38,see
the man behind the girls sees the boy.,behind,center_embedding,sg,m,5.82,sg,m,5.17,pl,f,5.38,see
the man likes the boy near the girls.,near,peripheral,sg,m,5.82,sg,m,5.17,pl,f,5.38,like
the man near the girls likes the boy.,near,center_embedding,sg,m,5.82,sg,m,5.17,pl,f,5.38,like
the man likes the boy behind the girls.,behind,peripheral,sg,m,5.82,sg,m,5.17,pl,f,5.38,like
the man behind the girls likes the boy.,behind,center_embedding,sg,m,5.82,sg,m,5.17,pl,f,5.38,like
the man sees the boys near the girl.,near,peripheral,sg,m,5.82,pl,m,5.17,sg,f,5.38,see
the man near the girl sees the boys.,near,center_embedding,sg,m,5.82,pl,m,5.17,sg,f,5.38,see
the man sees the boys behind the girl.,behind,peripheral,sg,m,5.82,pl,m,5.17,sg,f,5.38,see
the man behind the girl sees the boys.,behind,center_embedding,sg,m,5.82,pl,m,5.17,sg,f,5.38,see
the man likes the boys near the girl.,near,peripheral,sg,m,5.82,pl,m,5.17,sg,f,5.38,like
the man near the girl likes the boys.,near,center_embedding,sg,m,5.82,pl,m,5.17,sg,f,5.38,like
the man likes the boys behind the girl.,behind,peripheral,sg,m,5.82,pl,m,5.17,sg,f,5.38,like
the man behind the girl likes the boys.,behind,center_embedding,sg,m,5.82,pl,m,5.17,sg,f,5.38,like
the man sees the boys near the girls.,near,peripheral,sg,m,5.82,pl,m,5.17,pl,f,5.38,see
the man near the girls sees the boys.,near,center_embedding,sg,m,5.82,pl,m,5.17,pl,f,5.38,see
the man sees the boys behind the girls.,behind,peripheral,sg,m,5.82,pl,m,5.17,pl,f,5.38,see
the man behind the girls sees the boys.,behind,center_embedding,sg,m,5.82,pl,m,5.17,pl,f,5.38,see
the man likes the boys near the girls.,near,peripheral,sg,m,5.82,pl,m,5.17,pl,f,5.38,like
the man near the girls likes the boys.,near,center_embedding,sg,m,5.82,pl,m,5.17,pl,f,5.38,like
the man likes the boys behind the girls.,behind,peripheral,sg,m,5.82,pl,m,5.17,pl,f,5.38,like
the man behind the girls likes the boys.,behind,center_embedding,sg,m,5.82,pl,m,5.17,pl,f,5.38,like
the men see the boy near the girl.,near,peripheral,pl,m,5.82,sg,m,5.17,sg,f,5.38,see
the men near the girl see the boy.,near,center_embedding,pl,m,5.82,sg,m,5.17,sg,f,5.38,see
the men see the boy behind the girl.,behind,peripheral,pl,m,5.82,sg,m,5.17,sg,f,5.38,see
the men behind the girl see the boy.,behind,center_embedding,pl,m,5.82,sg,m,5.17,sg,f,5.38,see
the men like the boy near the girl.,near,peripheral,pl,m,5.82,sg,m,5.17,sg,f,5.38,like
the men near the girl like the boy.,near,center_embedding,pl,m,5.82,sg,m,5.17,sg,f,5.38,like
the men like the boy behind the girl.,behind,peripheral,pl,m,5.82,sg,m,5.17,sg,f,5.38,like
the men behind the girl like the boy.,behind,center_embedding,pl,m,5.82,sg,m,5.17,sg,f,5.38,like
the men see the boy near the girls.,near,peripheral,pl,m,5.82,sg,m,5.17,pl,f,5.38,see
the men near the girls see the boy.,near,center_embedding,pl,m,5.82,sg,m,5.17,pl,f,5.38,see
the men see the boy behind the girls.,behind,peripheral,pl,m,5.82,sg,m,5.17,pl,f,5.38,see
the men behind the girls see the boy.,behind,center_embedding,pl,m,5.82,sg,m,5.17,pl,f,5.38,see
the men like the boy near the girls.,near,peripheral,pl,m,5.82,sg,m,5.17,pl,f,5.38,like
the men near the girls like the boy.,near,center_embedding,pl,m,5.82,sg,m,5.17,pl,f,5.38,like
the men like the boy behind the girls.,behind,peripheral,pl,m,5.82,sg,m,5.17,pl,f,5.38,like
the men behind the girls like the boy.,behind,center_embedding,pl,m,5.82,sg,m,5.17,pl,f,5.38,like
the men see the boys near the girl.,near,peripheral,pl,m,5.82,pl,m,5.17,sg,f,5.38,see
the men near the girl see the boys.,near,center_embedding,pl,m,5.82,pl,m,5.17,sg,f,5.38,see
the men see the boys behind the girl.,behind,peripheral,pl,m,5.82,pl,m,5.17,sg,f,5.38,see
the men behind the girl see the boys.,behind,center_embedding,pl,m,5.82,pl,m,5.17,sg,f,5.38,see
the men like the boys near the girl.,near,peripheral,pl,m,5.82,pl,m,5.17,sg,f,5.38,like
the men near the girl like the boys.,near,center_embedding,pl,m,5.82,pl,m,5.17,sg,f,5.38,like
the men like the boys behind the girl.,behind,peripheral,pl,m,5.82,pl,m,5.17,sg,f,5.38,like
the men behind the girl like the boys.,behind,center_embedding,pl,m,5.82,pl,m,5.17,sg,f,5.38,like
the men see the boys near the girls.,near,peripheral,pl,m,5.82,pl,m,5.17,pl,f,5.38,see
the men near the girls see the boys.,near,center_embedding,pl,m,5.82,pl,m,5.17,pl,f,5.38,see
the men see the boys behind the girls.,behind,peripheral,pl,m,5.82,pl,m,5.17,pl,f,5.38,see
the men behind the girls see the boys.,behind,center_embedding,pl,m,5.82,pl,m,5.17,pl,f,5.38,see
the men like the boys near the girls.,near,peripheral,pl,m,5.82,pl,m,5.17,pl,f,5.38,like
the men near the girls like the boys.,near,center_embedding,pl,m,5.82,pl,m,5.17,pl,f,5.38,like
the men like the boys behind the girls.,behind,peripheral,pl,m,5.82,pl,m,5.17,pl,f,5.38,like
the men behind the girls like the boys.,behind,center_embedding,pl,m,5.82,pl,m,5.17,pl,f,5.38,like
the man sees the boy near the lady.,near,peripheral,sg,m,5.82,sg,m,5.17,sg,f,4.95,see
the man near the lady sees the boy.,near,center_embedding,sg,m,5.82,sg,m,5.17,sg,f,4.95,see
the man sees the boy behind the lady.,behind,peripheral,sg,m,5.82,sg,m,5.17,sg,f,4.95,see
the man behind the lady sees the boy.,behind,center_embedding,sg,m,5.82,sg,m,5.17,sg,f,4.95,see
the man likes the boy near the lady.,near,peripheral,sg,m,5.82,sg,m,5.17,sg,f,4.95,like
the man near the lady likes the boy.,near,center_embedding,sg,m,5.82,sg,m,5.17,sg,f,4.95,like
the man likes the boy behind the lady.,behind,peripheral,sg,m,5.82,sg,m,5.17,sg,f,4.95,like
the man behind the lady likes the boy.,behind,center_embedding,sg,m,5.82,sg,m,5.17,sg,f,4.95,like
the man sees the boy near the ladies.,near,peripheral,sg,m,5.82,sg,m,5.17,pl,f,4.95,see
the man near the ladies sees the boy.,near,center_embedding,sg,m,5.82,sg,m,5.17,pl,f,4.95,see
the man sees the boy behind the ladies.,behind,peripheral,sg,m,5.82,sg,m,5.17,pl,f,4.95,see
the man behind the ladies sees the boy.,behind,center_embedding,sg,m,5.82,sg,m,5.17,pl,f,4.95,see
the man likes the boy near the ladies.,near,peripheral,sg,m,5.82,sg,m,5.17,pl,f,4.95,like
the man near the ladies likes the boy.,near,center_embedding,sg,m,5.82,sg,m,5.17,pl,f,4.95,like
the man likes the boy behind the ladies.,behind,peripheral,sg,m,5.82,sg,m,5.17,pl,f,4.95,like
the man behind the ladies likes the boy.,behind,center_embedding,sg,m,5.82,sg,m,5.17,pl,f,4.95,like
the man sees the boys near the lady.,near,peripheral,sg,m,5.82,pl,m,5.17,sg,f,4.95,see
the man near the lady sees the boys.,near,center_embedding,sg,m,5.82,pl,m,5.17,sg,f,4.95,see
the man sees the boys behind the lady.,behind,peripheral,sg,m,5.82,pl,m,5.17,sg,f,4.95,see
the man behind the lady sees the boys.,behind,center_embedding,sg,m,5.82,pl,m,5.17,sg,f,4.95,see
the man likes the boys near the lady.,near,peripheral,sg,m,5.82,pl,m,5.17,sg,f,4.95,like
the man near the lady likes the boys.,near,center_embedding,sg,m,5.82,pl,m,5.17,sg,f,4.95,like
the man likes the boys behind the lady.,behind,peripheral,sg,m,5.82,pl,m,5.17,sg,f,4.95,like
the man behind the lady likes the boys.,behind,center_embedding,sg,m,5.82,pl,m,5.17,sg,f,4.95,like
the man sees the boys near the ladies.,near,peripheral,sg,m,5.82,pl,m,5.17,pl,f,4.95,see
the man near the ladies sees the boys.,near,center_embedding,sg,m,5.82,pl,m,5.17,pl,f,4.95,see
the man sees the boys behind the ladies.,behind,peripheral,sg,m,5.82,pl,m,5.17,pl,f,4.95,see
the man behind the ladies sees the boys.,behind,center_embedding,sg,m,5.82,pl,m,5.17,pl,f,4.95,see
the man likes the boys near the ladies.,near,peripheral,sg,m,5.82,pl,m,5.17,pl,f,4.95,like
the man near the ladies likes the boys.,near,center_embedding,sg,m,5.82,pl,m,5.17,pl,f,4.95,like
the man likes the boys behind the ladies.,behind,peripheral,sg,m,5.82,pl,m,5.17,pl,f,4.95,like
the man behind the ladies likes the boys.,behind,center_embedding,sg,m,5.82,pl,m,5.17,pl,f,4.95,like
the men see the boy near the lady.,near,peripheral,pl,m,5.82,sg,m,5.17,sg,f,4.95,see
the men near the lady see the boy.,near,center_embedding,pl,m,5.82,sg,m,5.17,sg,f,4.95,see
the men see the boy behind the lady.,behind,peripheral,pl,m,5.82,sg,m,5.17,sg,f,4.95,see
the men behind the lady see the boy.,behind,center_embedding,pl,m,5.82,sg,m,5.17,sg,f,4.95,see
the men like the boy near the lady.,near,peripheral,pl,m,5.82,sg,m,5.17,sg,f,4.95,like
the men near the lady like the boy.,near,center_embedding,pl,m,5.82,sg,m,5.17,sg,f,4.95,like
the men like the boy behind the lady.,behind,peripheral,pl,m,5.82,sg,m,5.17,sg,f,4.95,like
the men behind the lady like the boy.,behind,center_embedding,pl,m,5.82,sg,m,5.17,sg,f,4.95,like
the men see the boy near the ladies.,near,peripheral,pl,m,5.82,sg,m,5.17,pl,f,4.95,see
the men near the ladies see the boy.,near,center_embedding,pl,m,5.82,sg,m,5.17,pl,f,4.95,see
the men see the boy behind the ladies.,behind,peripheral,pl,m,5.82,sg,m,5.17,pl,f,4.95,see
the men behind the ladies see the boy.,behind,center_embedding,pl,m,5.82,sg,m,5.17,pl,f,4.95,see
the men like the boy near the ladies.,near,peripheral,pl,m,5.82,sg,m,5.17,pl,f,4.95,like
the men near the ladies like the boy.,near,center_embedding,pl,m,5.82,sg,m,5.17,pl,f,4.95,like
the men like the boy behind the ladies.,behind,peripheral,pl,m,5.82,sg,m,5.17,pl,f,4.95,like
the men behind the ladies like the boy.,behind,center_embedding,pl,m,5.82,sg,m,5.17,pl,f,4.95,like
the men see the boys near the lady.,near,peripheral,pl,m,5.82,pl,m,5.17,sg,f,4.95,see
the men near the lady see the boys.,near,center_embedding,pl,m,5.82,pl,m,5.17,sg,f,4.95,see
the men see the boys behind the lady.,behind,peripheral,pl,m,5.82,pl,m,5.17,sg,f,4.95,see
the men behind the lady see the boys.,behind,center_embedding,pl,m,5.82,pl,m,5.17,sg,f,4.95,see
the men like the boys near the lady.,near,peripheral,pl,m,5.82,pl,m,5.17,sg,f,4.95,like
the men near the lady like the boys.,near,center_embedding,pl,m,5.82,pl,m,5.17,sg,f,4.95,like
the men like the boys behind the lady.,behind,peripheral,pl,m,5.82,pl,m,5.17,sg,f,4.95,like
the men behind the lady like the boys.,behind,center_embedding,pl,m,5.82,pl,m,5.17,sg,f,4.95,like
the men see the boys near the ladies.,near,peripheral,pl,m,5.82,pl,m,5.17,pl,f,4.95,see
the men near the ladies see the boys.,near,center_embedding,pl,m,5.82,pl,m,5.17,pl,f,4.95,see
the men see the boys behind the ladies.,behind,peripheral,pl,m,5.82,pl,m,5.17,pl,f,4.95,see
the men behind the ladies see the boys.,behind,center_embedding,pl,m,5.82,pl,m,5.17,pl,f,4.95,see
the men like the boys near the ladies.,near,peripheral,pl,m,5.82,pl,m,5.17,pl,f,4.95,like
the men near the ladies like the boys.,near,center_embedding,pl,m,5.82,pl,m,5.17,pl,f,4.95,like
the men like the boys behind the ladies.,behind,peripheral,pl,m,5.82,pl,m,5.17,pl,f,4.95,like
the men behind the ladies like the boys.,behind,center_embedding,pl,m,5.82,pl,m,5.17,pl,f,4.95,like
the man sees the boy near the king.,near,peripheral,sg,m,5.82,sg,m,5.17,sg,m,5.17,see
the man near the king sees the boy.,near,center_embedding,sg,m,5.82,sg,m,5.17,sg,m,5.17,see
the man sees the boy behind the king.,behind,peripheral,sg,m,5.82,sg,m,5.17,sg,m,5.17,see
the man behind the king sees the boy.,behind,center_embedding,sg,m,5.82,sg,m,5.17,sg,m,5.17,see
the man likes the boy near the king.,near,peripheral,sg,m,5.82,sg,m,5.17,sg,m,5.17,like
the man near the king likes the boy.,near,center_embedding,sg,m,5.82,sg,m,5.17,sg,m,5.17,like
the man likes the boy behind the king.,behind,peripheral,sg,m,5.82,sg,m,5.17,sg,m,5.17,like
the man behind the king likes the boy.,behind,center_embedding,sg,m,5.82,sg,m,5.17,sg,m,5.17,like
the man sees the boy near the kings.,near,peripheral,sg,m,5.82,sg,m,5.17,pl,m,5.17,see
the man near the kings sees the boy.,near,center_embedding,sg,m,5.82,sg,m,5.17,pl,m,5.17,see
the man sees the boy behind the kings.,behind,peripheral,sg,m,5.82,sg,m,5.17,pl,m,5.17,see
the man behind the kings sees the boy.,behind,center_embedding,sg,m,5.82,sg,m,5.17,pl,m,5.17,see
the man likes the boy near the kings.,near,peripheral,sg,m,5.82,sg,m,5.17,pl,m,5.17,like
the man near the kings likes the boy.,near,center_embedding,sg,m,5.82,sg,m,5.17,pl,m,5.17,like
the man likes the boy behind the kings.,behind,peripheral,sg,m,5.82,sg,m,5.17,pl,m,5.17,like
the man behind the kings likes the boy.,behind,center_embedding,sg,m,5.82,sg,m,5.17,pl,m,5.17,like
the man sees the boys near the king.,near,peripheral,sg,m,5.82,pl,m,5.17,sg,m,5.17,see
the man near the king sees the boys.,near,center_embedding,sg,m,5.82,pl,m,5.17,sg,m,5.17,see
the man sees the boys behind the king.,behind,peripheral,sg,m,5.82,pl,m,5.17,sg,m,5.17,see
the man behind the king sees the boys.,behind,center_embedding,sg,m,5.82,pl,m,5.17,sg,m,5.17,see
the man likes the boys near the king.,near,peripheral,sg,m,5.82,pl,m,5.17,sg,m,5.17,like
the man near the king likes the boys.,near,center_embedding,sg,m,5.82,pl,m,5.17,sg,m,5.17,like
the man likes the boys behind the king.,behind,peripheral,sg,m,5.82,pl,m,5.17,sg,m,5.17,like
the man behind the king likes the boys.,behind,center_embedding,sg,m,5.82,pl,m,5.17,sg,m,5.17,like
the man sees the boys near the kings.,near,peripheral,sg,m,5.82,pl,m,5.17,pl,m,5.17,see
the man near the kings sees the boys.,near,center_embedding,sg,m,5.82,pl,m,5.17,pl,m,5.17,see
the man sees the boys behind the kings.,behind,peripheral,sg,m,5.82,pl,m,5.17,pl,m,5.17,see
the man behind the kings sees the boys.,behind,center_embedding,sg,m,5.82,pl,m,5.17,pl,m,5.17,see
the man likes the boys near the kings.,near,peripheral,sg,m,5.82,pl,m,5.17,pl,m,5.17,like
the man near the kings likes the boys.,near,center_embedding,sg,m,5.82,pl,m,5.17,pl,m,5.17,like
the man likes the boys behind the kings.,behind,peripheral,sg,m,5.82,pl,m,5.17,pl,m,5.17,like
the man behind the kings likes the boys.,behind,center_embedding,sg,m,5.82,pl,m,5.17,pl,m,5.17,like
the men see the boy near the king.,near,peripheral,pl,m,5.82,sg,m,5.17,sg,m,5.17,see
the men near the king see the boy.,near,center_embedding,pl,m,5.82,sg,m,5.17,sg,m,5.17,see
the men see the boy behind the king.,behind,peripheral,pl,m,5.82,sg,m,5.17,sg,m,5.17,see
the men behind the king see the boy.,behind,center_embedding,pl,m,5.82,sg,m,5.17,sg,m,5.17,see
the men like the boy near the king.,near,peripheral,pl,m,5.82,sg,m,5.17,sg,m,5.17,like
the men near the king like the boy.,near,center_embedding,pl,m,5.82,sg,m,5.17,sg,m,5.17,like
the men like the boy behind the king.,behind,peripheral,pl,m,5.82,sg,m,5.17,sg,m,5.17,like
the men behind the king like the boy.,behind,center_embedding,pl,m,5.82,sg,m,5.17,sg,m,5.17,like
the men see the boy near the kings.,near,peripheral,pl,m,5.82,sg,m,5.17,pl,m,5.17,see
the men near the kings see the boy.,near,center_embedding,pl,m,5.82,sg,m,5.17,pl,m,5.17,see
the men see the boy behind the kings.,behind,peripheral,pl,m,5.82,sg,m,5.17,pl,m,5.17,see
the men behind the kings see the boy.,behind,center_embedding,pl,m,5.82,sg,m,5.17,pl,m,5.17,see
the men like the boy near the kings.,near,peripheral,pl,m,5.82,sg,m,5.17,pl,m,5.17,like
the men near the kings like the boy.,near,center_embedding,pl,m,5.82,sg,m,5.17,pl,m,5.17,like
the men like the boy behind the kings.,behind,peripheral,pl,m,5.82,sg,m,5.17,pl,m,5.17,like
the men behind the kings like the boy.,behind,center_embedding,pl,m,5.82,sg,m,5.17,pl,m,5.17,like
the men see the boys near the king.,near,peripheral,pl,m,5.82,pl,m,5.17,sg,m,5.17,see
the men near the king see the boys.,near,center_embedding,pl,m,5.82,pl,m,5.17,sg,m,5.17,see
the men see the boys behind the king.,behind,peripheral,pl,m,5.82,pl,m,5.17,sg,m,5.17,see
the men behind the king see the boys.,behind,center_embedding,pl,m,5.82,pl,m,5.17,sg,m,5.17,see
the men like the boys near the king.,near,peripheral,pl,m,5.82,pl,m,5.17,sg,m,5.17,like
the men near the king like the boys.,near,center_embedding,pl,m,5.82,pl,m,5.17,sg,m,5.17,like
the men like the boys behind the king.,behind,peripheral,pl,m,5.82,pl,m,5.17,sg,m,5.17,like
the men behind the king like the boys.,behind,center_embedding,pl,m,5.82,pl,m,5.17,sg,m,5.17,like
the men see the boys near the kings.,near,peripheral,pl,m,5.82,pl,m,5.17,pl,m,5.17,see
the men near the kings see the boys.,near,center_embedding,pl,m,5.82,pl,m,5.17,pl,m,5.17,see
the men see the boys behind the kings.,behind,peripheral,pl,m,5.82,pl,m,5.17,pl,m,5.17,see
the men behind the kings see the boys.,behind,center_embedding,pl,m,5.82,pl,m,5.17,pl,m,5.17,see
the men like the boys near the kings.,near,peripheral,pl,m,5.82,pl,m,5.17,pl,m,5.17,like
the men near the kings like the boys.,near,center_embedding,pl,m,5.82,pl,m,5.17,pl,m,5.17,like
the men like the boys behind the kings.,behind,peripheral,pl,m,5.82,pl,m,5.17,pl,m,5.17,like
the men behind the kings like the boys.,behind,center_embedding,pl,m,5.82,pl,m,5.17,pl,m,5.17,like
the man sees the king near the woman.,near,peripheral,sg,m,5.82,sg,m,5.17,sg,f,5.35,see
the man near the woman sees the king.,near,center_embedding,sg,m,5.82,sg,m,5.17,sg,f,5.35,see
the man sees the king behind the woman.,behind,peripheral,sg,m,5.82,sg,m,5.17,sg,f,5.35,see
the man behind the woman sees the king.,behind,center_embedding,sg,m,5.82,sg,m,5.17,sg,f,5.35,see
the man likes the king near the woman.,near,peripheral,sg,m,5.82,sg,m,5.17,sg,f,5.35,like
the man near the woman likes the king.,near,center_embedding,sg,m,5.82,sg,m,5.17,sg,f,5.35,like
the man likes the king behind the woman.,behind,peripheral,sg,m,5.82,sg,m,5.17,sg,f,5.35,like
the man behind the woman likes the king.,behind,center_embedding,sg,m,5.82,sg,m,5.17,sg,f,5.35,like
the man sees the king near the women.,near,peripheral,sg,m,5.82,sg,m,5.17,pl,f,5.35,see
the man near the women sees the king.,near,center_embedding,sg,m,5.82,sg,m,5.17,pl,f,5.35,see
the man sees the king behind the women.,behind,peripheral,sg,m,5.82,sg,m,5.17,pl,f,5.35,see
the man behind the women sees the king.,behind,center_embedding,sg,m,5.82,sg,m,5.17,pl,f,5.35,see
the man likes the king near the women.,near,peripheral,sg,m,5.82,sg,m,5.17,pl,f,5.35,like
the man near the women likes the king.,near,center_embedding,sg,m,5.82,sg,m,5.17,pl,f,5.35,like
the man likes the king behind the women.,behind,peripheral,sg,m,5.82,sg,m,5.17,pl,f,5.35,like
the man behind the women likes the king.,behind,center_embedding,sg,m,5.82,sg,m,5.17,pl,f,5.35,like
the man sees the kings near the woman.,near,peripheral,sg,m,5.82,pl,m,5.17,sg,f,5.35,see
the man near the woman sees the kings.,near,center_embedding,sg,m,5.82,pl,m,5.17,sg,f,5.35,see
the man sees the kings behind the woman.,behind,peripheral,sg,m,5.82,pl,m,5.17,sg,f,5.35,see
the man behind the woman sees the kings.,behind,center_embedding,sg,m,5.82,pl,m,5.17,sg,f,5.35,see
the man likes the kings near the woman.,near,peripheral,sg,m,5.82,pl,m,5.17,sg,f,5.35,like
the man near the woman likes the kings.,near,center_embedding,sg,m,5.82,pl,m,5.17,sg,f,5.35,like
the man likes the kings behind the woman.,behind,peripheral,sg,m,5.82,pl,m,5.17,sg,f,5.35,like
the man behind the woman likes the kings.,behind,center_embedding,sg,m,5.82,pl,m,5.17,sg,f,5.35,like
the man sees the kings near the women.,near,peripheral,sg,m,5.82,pl,m,5.17,pl,f,5.35,see
the man near the women sees the kings.,near,center_embedding,sg,m,5.82,pl,m,5.17,pl,f,5.35,see
the man sees the kings behind the women.,behind,peripheral,sg,m,5.82,pl,m,5.17,pl,f,5.35,see
the man behind the women sees the kings.,behind,center_embedding,sg,m,5.82,pl,m,5.17,pl,f,5.35,see
the man likes the kings near the women.,near,peripheral,sg,m,5.82,pl,m,5.17,pl,f,5.35,like
the man near the women likes the kings.,near,center_embedding,sg,m,5.82,pl,m,5.17,pl,f,5.35,like
the man likes the kings behind the women.,behind,peripheral,sg,m,5.82,pl,m,5.17,pl,f,5.35,like
the man behind the women likes the kings.,behind,center_embedding,sg,m,5.82,pl,m,5.17,pl,f,5.35,like
the men see the king near the woman.,near,peripheral,pl,m,5.82,sg,m,5.17,sg,f,5.35,see
the men near the woman see the king.,near,center_embedding,pl,m,5.82,sg,m,5.17,sg,f,5.35,see
the men see the king behind the woman.,behind,peripheral,pl,m,5.82,sg,m,5.17,sg,f,5.35,see
the men behind the woman see the king.,behind,center_embedding,pl,m,5.82,sg,m,5.17,sg,f,5.35,see
the men like the king near the woman.,near,peripheral,pl,m,5.82,sg,m,5.17,sg,f,5.35,like
the men near the woman like the king.,near,center_embedding,pl,m,5.82,sg,m,5.17,sg,f,5.35,like
the men like the king behind the woman.,behind,peripheral,pl,m,5.82,sg,m,5.17,sg,f,5.35,like
the men behind the woman like the king.,behind,center_embedding,pl,m,5.82,sg,m,5.17,sg,f,5.35,like
the men see the king near the women.,near,peripheral,pl,m,5.82,sg,m,5.17,pl,f,5.35,see
the men near the women see the king.,near,center_embedding,pl,m,5.82,sg,m,5.17,pl,f,5.35,see
the men see the king behind the women.,behind,peripheral,pl,m,5.82,sg,m,5.17,pl,f,5.35,see
the men behind the women see the king.,behind,center_embedding,pl,m,5.82,sg,m,5.17,pl,f,5.35,see
the men like the king near the women.,near,peripheral,pl,m,5.82,sg,m,5.17,pl,f,5.35,like
the men near the women like the king.,near,center_embedding,pl,m,5.82,sg,m,5.17,pl,f,5.35,like
the men like the king behind the women.,behind,peripheral,pl,m,5.82,sg,m,5.17,pl,f,5.35,like
the men behind the women like the king.,behind,center_embedding,pl,m,5.82,sg,m,5.17,pl,f,5.35,like
the men see the kings near the woman.,near,peripheral,pl,m,5.82,pl,m,5.17,sg,f,5.35,see
the men near the woman see the kings.,near,center_embedding,pl,m,5.82,pl,m,5.17,sg,f,5.35,see
the men see the kings behind the woman.,behind,peripheral,pl,m,5.82,pl,m,5.17,sg,f,5.35,see
the men behind the woman see the kings.,behind,center_embedding,pl,m,5.82,pl,m,5.17,sg,f,5.35,see
the men like the kings near the woman.,near,peripheral,pl,m,5.82,pl,m,5.17,sg,f,5.35,like
the men near the woman like the kings.,near,center_embedding,pl,m,5.82,pl,m,5.17,sg,f,5.35,like
the men like the kings behind the woman.,behind,peripheral,pl,m,5.82,pl,m,5.17,sg,f,5.35,like
the men behind the woman like the kings.,behind,center_embedding,pl,m,5.82,pl,m,5.17,sg,f,5.35,like
the men see the kings near the women.,near,peripheral,pl,m,5.82,pl,m,5.17,pl,f,5.35,see
the men near the women see the kings.,near,center_embedding,pl,m,5.82,pl,m,5.17,pl,f,5.35,see
the men see the kings behind the women.,behind,peripheral,pl,m,5.82,pl,m,5.17,pl,f,5.35,see
the men behind the women see the kings.,behind,center_embedding,pl,m,5.82,pl,m,5.17,pl,f,5.35,see
the men like the kings near the women.,near,peripheral,pl,m,5.82,pl,m,5.17,pl,f,5.35,like
the men near the women like the kings.,near,center_embedding,pl,m,5.82,pl,m,5.17,pl,f,5.35,like
the men like the kings behind the women.,behind,peripheral,pl,m,5.82,pl,m,5.17,pl,f,5.35,like
the men behind the women like the kings.,behind,center_embedding,pl,m,5.82,pl,m,5.17,pl,f,5.35,like
the man sees the king near the girl.,near,peripheral,sg,m,5.82,sg,m,5.17,sg,f,5.38,see
the man near the girl sees the king.,near,center_embedding,sg,m,5.82,sg,m,5.17,sg,f,5.38,see
the man sees the king behind the girl.,behind,peripheral,sg,m,5.82,sg,m,5.17,sg,f,5.38,see
the man behind the girl sees the king.,behind,center_embedding,sg,m,5.82,sg,m,5.17,sg,f,5.38,see
the man likes the king near the girl.,near,peripheral,sg,m,5.82,sg,m,5.17,sg,f,5.38,like
the man near the girl likes the king.,near,center_embedding,sg,m,5.82,sg,m,5.17,sg,f,5.38,like
the man likes the king behind the girl.,behind,peripheral,sg,m,5.82,sg,m,5.17,sg,f,5.38,like
the man behind the girl likes the king.,behind,center_embedding,sg,m,5.82,sg,m,5.17,sg,f,5.38,like
the man sees the king near the girls.,near,peripheral,sg,m,5.82,sg,m,5.17,pl,f,5.38,see
the man near the girls sees the king.,near,center_embedding,sg,m,5.82,sg,m,5.17,pl,f,5.38,see
the man sees the king behind the girls.,behind,peripheral,sg,m,5.82,sg,m,5.17,pl,f,5.38,see
the man behind the girls sees the king.,behind,center_embedding,sg,m,5.82,sg,m,5.17,pl,f,5.38,see
the man likes the king near the girls.,near,peripheral,sg,m,5.82,sg,m,5.17,pl,f,5.38,like
the man near the girls likes the king.,near,center_embedding,sg,m,5.82,sg,m,5.17,pl,f,5.38,like
the man likes the king behind the girls.,behind,peripheral,sg,m,5.82,sg,m,5.17,pl,f,5.38,like
the man behind the girls likes the king.,behind,center_embedding,sg,m,5.82,sg,m,5.17,pl,f,5.38,like
the man sees the kings near the girl.,near,peripheral,sg,m,5.82,pl,m,5.17,sg,f,5.38,see
the man near the girl sees the kings.,near,center_embedding,sg,m,5.82,pl,m,5.17,sg,f,5.38,see
the man sees the kings behind the girl.,behind,peripheral,sg,m,5.82,pl,m,5.17,sg,f,5.38,see
the man behind the girl sees the kings.,behind,center_embedding,sg,m,5.82,pl,m,5.17,sg,f,5.38,see
the man likes the kings near the girl.,near,peripheral,sg,m,5.82,pl,m,5.17,sg,f,5.38,like
the man near the girl likes the kings.,near,center_embedding,sg,m,5.82,pl,m,5.17,sg,f,5.38,like
the man likes the kings behind the girl.,behind,peripheral,sg,m,5.82,pl,m,5.17,sg,f,5.38,like
the man behind the girl likes the kings.,behind,center_embedding,sg,m,5.82,pl,m,5.17,sg,f,5.38,like
the man sees the kings near the girls.,near,peripheral,sg,m,5.82,pl,m,5.17,pl,f,5.38,see
the man near the girls sees the kings.,near,center_embedding,sg,m,5.82,pl,m,5.17,pl,f,5.38,see
the man sees the kings behind the girls.,behind,peripheral,sg,m,5.82,pl,m,5.17,pl,f,5.38,see
the man behind the girls sees the kings.,behind,center_embedding,sg,m,5.82,pl,m,5.17,pl,f,5.38,see
the man likes the kings near the girls.,near,peripheral,sg,m,5.82,pl,m,5.17,pl,f,5.38,like
the man near the girls likes the kings.,near,center_embedding,sg,m,5.82,pl,m,5.17,pl,f,5.38,like
the man likes the kings behind the girls.,behind,peripheral,sg,m,5.82,pl,m,5.17,pl,f,5.38,like
the man behind the girls likes the kings.,behind,center_embedding,sg,m,5.82,pl,m,5.17,pl,f,5.38,like
the men see the king near the girl.,near,peripheral,pl,m,5.82,sg,m,5.17,sg,f,5.38,see
the men near the girl see the king.,near,center_embedding,pl,m,5.82,sg,m,5.17,sg,f,5.38,see
the men see the king behind the girl.,behind,peripheral,pl,m,5.82,sg,m,5.17,sg,f,5.38,see
the men behind the girl see the king.,behind,center_embedding,pl,m,5.82,sg,m,5.17,sg,f,5.38,see
the men like the king near the girl.,near,peripheral,pl,m,5.82,sg,m,5.17,sg,f,5.38,like
the men near the girl like the king.,near,center_embedding,pl,m,5.82,sg,m,5.17,sg,f,5.38,like
the men like the king behind the girl.,behind,peripheral,pl,m,5.82,sg,m,5.17,sg,f,5.38,like
the men behind the girl like the king.,behind,center_embedding,pl,m,5.82,sg,m,5.17,sg,f,5.38,like
the men see the king near the girls.,near,peripheral,pl,m,5.82,sg,m,5.17,pl,f,5.38,see
the men near the girls see the king.,near,center_embedding,pl,m,5.82,sg,m,5.17,pl,f,5.38,see
the men see the king behind the girls.,behind,peripheral,pl,m,5.82,sg,m,5.17,pl,f,5.38,see
the men behind the girls see the king.,behind,center_embedding,pl,m,5.82,sg,m,5.17,pl,f,5.38,see
the men like the king near the girls.,near,peripheral,pl,m,5.82,sg,m,5.17,pl,f,5.38,like
the men near the girls like the king.,near,center_embedding,pl,m,5.82,sg,m,5.17,pl,f,5.38,like
the men like the king behind the girls.,behind,peripheral,pl,m,5.82,sg,m,5.17,pl,f,5.38,like
the men behind the girls like the king.,behind,center_embedding,pl,m,5.82,sg,m,5.17,pl,f,5.38,like
the men see the kings near the girl.,near,peripheral,pl,m,5.82,pl,m,5.17,sg,f,5.38,see
the men near the girl see the kings.,near,center_embedding,pl,m,5.82,pl,m,5.17,sg,f,5.38,see
the men see the kings behind the girl.,behind,peripheral,pl,m,5.82,pl,m,5.17,sg,f,5.38,see
the men behind the girl see the kings.,behind,center_embedding,pl,m,5.82,pl,m,5.17,sg,f,5.38,see
the men like the kings near the girl.,near,peripheral,pl,m,5.82,pl,m,5.17,sg,f,5.38,like
the men near the girl like the kings.,near,center_embedding,pl,m,5.82,pl,m,5.17,sg,f,5.38,like
the men like the kings behind the girl.,behind,peripheral,pl,m,5.82,pl,m,5.17,sg,f,5.38,like
the men behind the girl like the kings.,behind,center_embedding,pl,m,5.82,pl,m,5.17,sg,f,5.38,like
the men see the kings near the girls.,near,peripheral,pl,m,5.82,pl,m,5.17,pl,f,5.38,see
the men near the girls see the kings.,near,center_embedding,pl,m,5.82,pl,m,5.17,pl,f,5.38,see
the men see the kings behind the girls.,behind,peripheral,pl,m,5.82,pl,m,5.17,pl,f,5.38,see
the men behind the girls see the kings.,behind,center_embedding,pl,m,5.82,pl,m,5.17,pl,f,5.38,see
the men like the kings near the girls.,near,peripheral,pl,m,5.82,pl,m,5.17,pl,f,5.38,like
the men near the girls like the kings.,near,center_embedding,pl,m,5.82,pl,m,5.17,pl,f,5.38,like
the men like the kings behind the girls.,behind,peripheral,pl,m,5.82,pl,m,5.17,pl,f,5.38,like
the men behind the girls like the kings.,behind,center_embedding,pl,m,5.82,pl,m,5.17,pl,f,5.38,like
the man sees the king near the lady.,near,peripheral,sg,m,5.82,sg,m,5.17,sg,f,4.95,see
the man near the lady sees the king.,near,center_embedding,sg,m,5.82,sg,m,5.17,sg,f,4.95,see
the man sees the king behind the lady.,behind,peripheral,sg,m,5.82,sg,m,5.17,sg,f,4.95,see
the man behind the lady sees the king.,behind,center_embedding,sg,m,5.82,sg,m,5.17,sg,f,4.95,see
the man likes the king near the lady.,near,peripheral,sg,m,5.82,sg,m,5.17,sg,f,4.95,like
the man near the lady likes the king.,near,center_embedding,sg,m,5.82,sg,m,5.17,sg,f,4.95,like
the man likes the king behind the lady.,behind,peripheral,sg,m,5.82,sg,m,5.17,sg,f,4.95,like
the man behind the lady likes the king.,behind,center_embedding,sg,m,5.82,sg,m,5.17,sg,f,4.95,like
the man sees the king near the ladies.,near,peripheral,sg,m,5.82,sg,m,5.17,pl,f,4.95,see
the man near the ladies sees the king.,near,center_embedding,sg,m,5.82,sg,m,5.17,pl,f,4.95,see
the man sees the king behind the ladies.,behind,peripheral,sg,m,5.82,sg,m,5.17,pl,f,4.95,see
the man behind the ladies sees the king.,behind,center_embedding,sg,m,5.82,sg,m,5.17,pl,f,4.95,see
the man likes the king near the ladies.,near,peripheral,sg,m,5.82,sg,m,5.17,pl,f,4.95,like
the man near the ladies likes the king.,near,center_embedding,sg,m,5.82,sg,m,5.17,pl,f,4.95,like
the man likes the king behind the ladies.,behind,peripheral,sg,m,5.82,sg,m,5.17,pl,f,4.95,like
the man behind the ladies likes the king.,behind,center_embedding,sg,m,5.82,sg,m,5.17,pl,f,4.95,like
the man sees the kings near the lady.,near,peripheral,sg,m,5.82,pl,m,5.17,sg,f,4.95,see
the man near the lady sees the kings.,near,center_embedding,sg,m,5.82,pl,m,5.17,sg,f,4.95,see
the man sees the kings behind the lady.,behind,peripheral,sg,m,5.82,pl,m,5.17,sg,f,4.95,see
the man behind the lady sees the kings.,behind,center_embedding,sg,m,5.82,pl,m,5.17,sg,f,4.95,see
the man likes the kings near the lady.,near,peripheral,sg,m,5.82,pl,m,5.17,sg,f,4.95,like
the man near the lady likes the kings.,near,center_embedding,sg,m,5.82,pl,m,5.17,sg,f,4.95,like
the man likes the kings behind the lady.,behind,peripheral,sg,m,5.82,pl,m,5.17,sg,f,4.95,like
the man behind the lady likes the kings.,behind,center_embedding,sg,m,5.82,pl,m,5.17,sg,f,4.95,like
the man sees the kings near the ladies.,near,peripheral,sg,m,5.82,pl,m,5.17,pl,f,4.95,see
the man near the ladies sees the kings.,near,center_embedding,sg,m,5.82,pl,m,5.17,pl,f,4.95,see
the man sees the kings behind the ladies.,behind,peripheral,sg,m,5.82,pl,m,5.17,pl,f,4.95,see
the man behind the ladies sees the kings.,behind,center_embedding,sg,m,5.82,pl,m,5.17,pl,f,4.95,see
the man likes the kings near the ladies.,near,peripheral,sg,m,5.82,pl,m,5.17,pl,f,4.95,like
the man near the ladies likes the kings.,near,center_embedding,sg,m,5.82,pl,m,5.17,pl,f,4.95,like
the man likes the kings behind the ladies.,behind,peripheral,sg,m,5.82,pl,m,5.17,pl,f,4.95,like
the man behind the ladies likes the kings.,behind,center_embedding,sg,m,5.82,pl,m,5.17,pl,f,4.95,like
the men see the king near the lady.,near,peripheral,pl,m,5.82,sg,m,5.17,sg,f,4.95,see
the men near the lady see the king.,near,center_embedding,pl,m,5.82,sg,m,5.17,sg,f,4.95,see
the men see the king behind the lady.,behind,peripheral,pl,m,5.82,sg,m,5.17,sg,f,4.95,see
the men behind the lady see the king.,behind,center_embedding,pl,m,5.82,sg,m,5.17,sg,f,4.95,see
the men like the king near the lady.,near,peripheral,pl,m,5.82,sg,m,5.17,sg,f,4.95,like
the men near the lady like the king.,near,center_embedding,pl,m,5.82,sg,m,5.17,sg,f,4.95,like
the men like the king behind the lady.,behind,peripheral,pl,m,5.82,sg,m,5.17,sg,f,4.95,like
the men behind the lady like the king.,behind,center_embedding,pl,m,5.82,sg,m,5.17,sg,f,4.95,like
the men see the king near the ladies.,near,peripheral,pl,m,5.82,sg,m,5.17,pl,f,4.95,see
the men near the ladies see the king.,near,center_embedding,pl,m,5.82,sg,m,5.17,pl,f,4.95,see
the men see the king behind the ladies.,behind,peripheral,pl,m,5.82,sg,m,5.17,pl,f,4.95,see
the men behind the ladies see the king.,behind,center_embedding,pl,m,5.82,sg,m,5.17,pl,f,4.95,see
the men like the king near the ladies.,near,peripheral,pl,m,5.82,sg,m,5.17,pl,f,4.95,like
the men near the ladies like the king.,near,center_embedding,pl,m,5.82,sg,m,5.17,pl,f,4.95,like
the men like the king behind the ladies.,behind,peripheral,pl,m,5.82,sg,m,5.17,pl,f,4.95,like
the men behind the ladies like the king.,behind,center_embedding,pl,m,5.82,sg,m,5.17,pl,f,4.95,like
the men see the kings near the lady.,near,peripheral,pl,m,5.82,pl,m,5.17,sg,f,4.95,see
the men near the lady see the kings.,near,center_embedding,pl,m,5.82,pl,m,5.17,sg,f,4.95,see
the men see the kings behind the lady.,behind,peripheral,pl,m,5.82,pl,m,5.17,sg,f,4.95,see
the men behind the lady see the kings.,behind,center_embedding,pl,m,5.82,pl,m,5.17,sg,f,4.95,see
the men like the kings near the lady.,near,peripheral,pl,m,5.82,pl,m,5.17,sg,f,4.95,like
the men near the lady like the kings.,near,center_embedding,pl,m,5.82,pl,m,5.17,sg,f,4.95,like
the men like the kings behind the lady.,behind,peripheral,pl,m,5.82,pl,m,5.17,sg,f,4.95,like
the men behind the lady like the kings.,behind,center_embedding,pl,m,5.82,pl,m,5.17,sg,f,4.95,like
the men see the kings near the ladies.,near,peripheral,pl,m,5.82,pl,m,5.17,pl,f,4.95,see
the men near the ladies see the kings.,near,center_embedding,pl,m,5.82,pl,m,5.17,pl,f,4.95,see
the men see the kings behind the ladies.,behind,peripheral,pl,m,5.82,pl,m,5.17,pl,f,4.95,see
the men behind the ladies see the kings.,behind,center_embedding,pl,m,5.82,pl,m,5.17,pl,f,4.95,see
the men like the kings near the ladies.,near,peripheral,pl,m,5.82,pl,m,5.17,pl,f,4.95,like
the men near the ladies like the kings.,near,center_embedding,pl,m,5.82,pl,m,5.17,pl,f,4.95,like
the men like the kings behind the ladies.,behind,peripheral,pl,m,5.82,pl,m,5.17,pl,f,4.95,like
the men behind the ladies like the kings.,behind,center_embedding,pl,m,5.82,pl,m,5.17,pl,f,4.95,like
the man sees the king near the boy.,near,peripheral,sg,m,5.82,sg,m,5.17,sg,m,5.17,see
the man near the boy sees the king.,near,center_embedding,sg,m,5.82,sg,m,5.17,sg,m,5.17,see
the man sees the king behind the boy.,behind,peripheral,sg,m,5.82,sg,m,5.17,sg,m,5.17,see
the man behind the boy sees the king.,behind,center_embedding,sg,m,5.82,sg,m,5.17,sg,m,5.17,see
the man likes the king near the boy.,near,peripheral,sg,m,5.82,sg,m,5.17,sg,m,5.17,like
the man near the boy likes the king.,near,center_embedding,sg,m,5.82,sg,m,5.17,sg,m,5.17,like
the man likes the king behind the boy.,behind,peripheral,sg,m,5.82,sg,m,5.17,sg,m,5.17,like
the man behind the boy likes the king.,behind,center_embedding,sg,m,5.82,sg,m,5.17,sg,m,5.17,like
the man sees the king near the boys.,near,peripheral,sg,m,5.82,sg,m,5.17,pl,m,5.17,see
the man near the boys sees the king.,near,center_embedding,sg,m,5.82,sg,m,5.17,pl,m,5.17,see
the man sees the king behind the boys.,behind,peripheral,sg,m,5.82,sg,m,5.17,pl,m,5.17,see
the man behind the boys sees the king.,behind,center_embedding,sg,m,5.82,sg,m,5.17,pl,m,5.17,see
the man likes the king near the boys.,near,peripheral,sg,m,5.82,sg,m,5.17,pl,m,5.17,like
the man near the boys likes the king.,near,center_embedding,sg,m,5.82,sg,m,5.17,pl,m,5.17,like
the man likes the king behind the boys.,behind,peripheral,sg,m,5.82,sg,m,5.17,pl,m,5.17,like
the man behind the boys likes the king.,behind,center_embedding,sg,m,5.82,sg,m,5.17,pl,m,5.17,like
the man sees the kings near the boy.,near,peripheral,sg,m,5.82,pl,m,5.17,sg,m,5.17,see
the man near the boy sees the kings.,near,center_embedding,sg,m,5.82,pl,m,5.17,sg,m,5.17,see
the man sees the kings behind the boy.,behind,peripheral,sg,m,5.82,pl,m,5.17,sg,m,5.17,see
the man behind the boy sees the kings.,behind,center_embedding,sg,m,5.82,pl,m,5.17,sg,m,5.17,see
the man likes the kings near the boy.,near,peripheral,sg,m,5.82,pl,m,5.17,sg,m,5.17,like
the man near the boy likes the kings.,near,center_embedding,sg,m,5.82,pl,m,5.17,sg,m,5.17,like
the man likes the kings behind the boy.,behind,peripheral,sg,m,5.82,pl,m,5.17,sg,m,5.17,like
the man behind the boy likes the kings.,behind,center_embedding,sg,m,5.82,pl,m,5.17,sg,m,5.17,like
the man sees the kings near the boys.,near,peripheral,sg,m,5.82,pl,m,5.17,pl,m,5.17,see
the man near the boys sees the kings.,near,center_embedding,sg,m,5.82,pl,m,5.17,pl,m,5.17,see
the man sees the kings behind the boys.,behind,peripheral,sg,m,5.82,pl,m,5.17,pl,m,5.17,see
the man behind the boys sees the kings.,behind,center_embedding,sg,m,5.82,pl,m,5.17,pl,m,5.17,see
the man likes the kings near the boys.,near,peripheral,sg,m,5.82,pl,m,5.17,pl,m,5.17,like
the man near the boys likes the kings.,near,center_embedding,sg,m,5.82,pl,m,5.17,pl,m,5.17,like
the man likes the kings behind the boys.,behind,peripheral,sg,m,5.82,pl,m,5.17,pl,m,5.17,like
the man behind the boys likes the kings.,behind,center_embedding,sg,m,5.82,pl,m,5.17,pl,m,5.17,like
the men see the king near the boy.,near,peripheral,pl,m,5.82,sg,m,5.17,sg,m,5.17,see
the men near the boy see the king.,near,center_embedding,pl,m,5.82,sg,m,5.17,sg,m,5.17,see
the men see the king behind the boy.,behind,peripheral,pl,m,5.82,sg,m,5.17,sg,m,5.17,see
the men behind the boy see the king.,behind,center_embedding,pl,m,5.82,sg,m,5.17,sg,m,5.17,see
the men like the king near the boy.,near,peripheral,pl,m,5.82,sg,m,5.17,sg,m,5.17,like
the men near the boy like the king.,near,center_embedding,pl,m,5.82,sg,m,5.17,sg,m,5.17,like
the men like the king behind the boy.,behind,peripheral,pl,m,5.82,sg,m,5.17,sg,m,5.17,like
the men behind the boy like the king.,behind,center_embedding,pl,m,5.82,sg,m,5.17,sg,m,5.17,like
the men see the king near the boys.,near,peripheral,pl,m,5.82,sg,m,5.17,pl,m,5.17,see
the men near the boys see the king.,near,center_embedding,pl,m,5.82,sg,m,5.17,pl,m,5.17,see
the men see the king behind the boys.,behind,peripheral,pl,m,5.82,sg,m,5.17,pl,m,5.17,see
the men behind the boys see the king.,behind,center_embedding,pl,m,5.82,sg,m,5.17,pl,m,5.17,see
the men like the king near the boys.,near,peripheral,pl,m,5.82,sg,m,5.17,pl,m,5.17,like
the men near the boys like the king.,near,center_embedding,pl,m,5.82,sg,m,5.17,pl,m,5.17,like
the men like the king behind the boys.,behind,peripheral,pl,m,5.82,sg,m,5.17,pl,m,5.17,like
the men behind the boys like the king.,behind,center_embedding,pl,m,5.82,sg,m,5.17,pl,m,5.17,like
the men see the kings near the boy.,near,peripheral,pl,m,5.82,pl,m,5.17,sg,m,5.17,see
the men near the boy see the kings.,near,center_embedding,pl,m,5.82,pl,m,5.17,sg,m,5.17,see
the men see the kings behind the boy.,behind,peripheral,pl,m,5.82,pl,m,5.17,sg,m,5.17,see
the men behind the boy see the kings.,behind,center_embedding,pl,m,5.82,pl,m,5.17,sg,m,5.17,see
the men like the kings near the boy.,near,peripheral,pl,m,5.82,pl,m,5.17,sg,m,5.17,like
the men near the boy like the kings.,near,center_embedding,pl,m,5.82,pl,m,5.17,sg,m,5.17,like
the men like the kings behind the boy.,behind,peripheral,pl,m,5.82,pl,m,5.17,sg,m,5.17,like
the men behind the boy like the kings.,behind,center_embedding,pl,m,5.82,pl,m,5.17,sg,m,5.17,like
the men see the kings near the boys.,near,peripheral,pl,m,5.82,pl,m,5.17,pl,m,5.17,see
the men near the boys see the kings.,near,center_embedding,pl,m,5.82,pl,m,5.17,pl,m,5.17,see
the men see the kings behind the boys.,behind,peripheral,pl,m,5.82,pl,m,5.17,pl,m,5.17,see
the men behind the boys see the kings.,behind,center_embedding,pl,m,5.82,pl,m,5.17,pl,m,5.17,see
the men like the kings near the boys.,near,peripheral,pl,m,5.82,pl,m,5.17,pl,m,5.17,like
the men near the boys like the kings.,near,center_embedding,pl,m,5.82,pl,m,5.17,pl,m,5.17,like
the men like the kings behind the boys.,behind,peripheral,pl,m,5.82,pl,m,5.17,pl,m,5.17,like
the men behind the boys like the kings.,behind,center_embedding,pl,m,5.82,pl,m,5.17,pl,m,5.17,like
the boy sees the woman near the girl.,near,peripheral,sg,m,5.17,sg,f,5.35,sg,f,5.38,see
the boy near the girl sees the woman.,near,center_embedding,sg,m,5.17,sg,f,5.35,sg,f,5.38,see
the boy sees the woman behind the girl.,behind,peripheral,sg,m,5.17,sg,f,5.35,sg,f,5.38,see
the boy behind the girl sees the woman.,behind,center_embedding,sg,m,5.17,sg,f,5.35,sg,f,5.38,see
the boy likes the woman near the girl.,near,peripheral,sg,m,5.17,sg,f,5.35,sg,f,5.38,like
the boy near the girl likes the woman.,near,center_embedding,sg,m,5.17,sg,f,5.35,sg,f,5.38,like
the boy likes the woman behind the girl.,behind,peripheral,sg,m,5.17,sg,f,5.35,sg,f,5.38,like
the boy behind the girl likes the woman.,behind,center_embedding,sg,m,5.17,sg,f,5.35,sg,f,5.38,like
the boy sees the woman near the girls.,near,peripheral,sg,m,5.17,sg,f,5.35,pl,f,5.38,see
the boy near the girls sees the woman.,near,center_embedding,sg,m,5.17,sg,f,5.35,pl,f,5.38,see
the boy sees the woman behind the girls.,behind,peripheral,sg,m,5.17,sg,f,5.35,pl,f,5.38,see
the boy behind the girls sees the woman.,behind,center_embedding,sg,m,5.17,sg,f,5.35,pl,f,5.38,see
the boy likes the woman near the girls.,near,peripheral,sg,m,5.17,sg,f,5.35,pl,f,5.38,like
the boy near the girls likes the woman.,near,center_embedding,sg,m,5.17,sg,f,5.35,pl,f,5.38,like
the boy likes the woman behind the girls.,behind,peripheral,sg,m,5.17,sg,f,5.35,pl,f,5.38,like
the boy behind the girls likes the woman.,behind,center_embedding,sg,m,5.17,sg,f,5.35,pl,f,5.38,like
the boy sees the women near the girl.,near,peripheral,sg,m,5.17,pl,f,5.35,sg,f,5.38,see
the boy near the girl sees the women.,near,center_embedding,sg,m,5.17,pl,f,5.35,sg,f,5.38,see
the boy sees the women behind the girl.,behind,peripheral,sg,m,5.17,pl,f,5.35,sg,f,5.38,see
the boy behind the girl sees the women.,behind,center_embedding,sg,m,5.17,pl,f,5.35,sg,f,5.38,see
the boy likes the women near the girl.,near,peripheral,sg,m,5.17,pl,f,5.35,sg,f,5.38,like
the boy near the girl likes the women.,near,center_embedding,sg,m,5.17,pl,f,5.35,sg,f,5.38,like
the boy likes the women behind the girl.,behind,peripheral,sg,m,5.17,pl,f,5.35,sg,f,5.38,like
the boy behind the girl likes the women.,behind,center_embedding,sg,m,5.17,pl,f,5.35,sg,f,5.38,like
the boy sees the women near the girls.,near,peripheral,sg,m,5.17,pl,f,5.35,pl,f,5.38,see
the boy near the girls sees the women.,near,center_embedding,sg,m,5.17,pl,f,5.35,pl,f,5.38,see
the boy sees the women behind the girls.,behind,peripheral,sg,m,5.17,pl,f,5.35,pl,f,5.38,see
the boy behind the girls sees the women.,behind,center_embedding,sg,m,5.17,pl,f,5.35,pl,f,5.38,see
the boy likes the women near the girls.,near,peripheral,sg,m,5.17,pl,f,5.35,pl,f,5.38,like
the boy near the girls likes the women.,near,center_embedding,sg,m,5.17,pl,f,5.35,pl,f,5.38,like
the boy likes the women behind the girls.,behind,peripheral,sg,m,5.17,pl,f,5.35,pl,f,5.38,like
the boy behind the girls likes the women.,behind,center_embedding,sg,m,5.17,pl,f,5.35,pl,f,5.38,like
the boys see the woman near the girl.,near,peripheral,pl,m,5.17,sg,f,5.35,sg,f,5.38,see
the boys near the girl see the woman.,near,center_embedding,pl,m,5.17,sg,f,5.35,sg,f,5.38,see
the boys see the woman behind the girl.,behind,peripheral,pl,m,5.17,sg,f,5.35,sg,f,5.38,see
the boys behind the girl see the woman.,behind,center_embedding,pl,m,5.17,sg,f,5.35,sg,f,5.38,see
the boys like the woman near the girl.,near,peripheral,pl,m,5.17,sg,f,5.35,sg,f,5.38,like
the boys near the girl like the woman.,near,center_embedding,pl,m,5.17,sg,f,5.35,sg,f,5.38,like
the boys like the woman behind the girl.,behind,peripheral,pl,m,5.17,sg,f,5.35,sg,f,5.38,like
the boys behind the girl like the woman.,behind,center_embedding,pl,m,5.17,sg,f,5.35,sg,f,5.38,like
the boys see the woman near the girls.,near,peripheral,pl,m,5.17,sg,f,5.35,pl,f,5.38,see
the boys near the girls see the woman.,near,center_embedding,pl,m,5.17,sg,f,5.35,pl,f,5.38,see
the boys see the woman behind the girls.,behind,peripheral,pl,m,5.17,sg,f,5.35,pl,f,5.38,see
the boys behind the girls see the woman.,behind,center_embedding,pl,m,5.17,sg,f,5.35,pl,f,5.38,see
the boys like the woman near the girls.,near,peripheral,pl,m,5.17,sg,f,5.35,pl,f,5.38,like
the boys near the girls like the woman.,near,center_embedding,pl,m,5.17,sg,f,5.35,pl,f,5.38,like
the boys like the woman behind the girls.,behind,peripheral,pl,m,5.17,sg,f,5.35,pl,f,5.38,like
the boys behind the girls like the woman.,behind,center_embedding,pl,m,5.17,sg,f,5.35,pl,f,5.38,like
the boys see the women near the girl.,near,peripheral,pl,m,5.17,pl,f,5.35,sg,f,5.38,see
the boys near the girl see the women.,near,center_embedding,pl,m,5.17,pl,f,5.35,sg,f,5.38,see
the boys see the women behind the girl.,behind,peripheral,pl,m,5.17,pl,f,5.35,sg,f,5.38,see
the boys behind the girl see the women.,behind,center_embedding,pl,m,5.17,pl,f,5.35,sg,f,5.38,see
the boys like the women near the girl.,near,peripheral,pl,m,5.17,pl,f,5.35,sg,f,5.38,like
the boys near the girl like the women.,near,center_embedding,pl,m,5.17,pl,f,5.35,sg,f,5.38,like
the boys like the women behind the girl.,behind,peripheral,pl,m,5.17,pl,f,5.35,sg,f,5.38,like
the boys behind the girl like the women.,behind,center_embedding,pl,m,5.17,pl,f,5.35,sg,f,5.38,like
the boys see the women near the girls.,near,peripheral,pl,m,5.17,pl,f,5.35,pl,f,5.38,see
the boys near the girls see the women.,near,center_embedding,pl,m,5.17,pl,f,5.35,pl,f,5.38,see
the boys see the women behind the girls.,behind,peripheral,pl,m,5.17,pl,f,5.35,pl,f,5.38,see
the boys behind the girls see the women.,behind,center_embedding,pl,m,5.17,pl,f,5.35,pl,f,5.38,see
the boys like the women near the girls.,near,peripheral,pl,m,5.17,pl,f,5.35,pl,f,5.38,like
the boys near the girls like the women.,near,center_embedding,pl,m,5.17,pl,f,5.35,pl,f,5.38,like
the boys like the women behind the girls.,behind,peripheral,pl,m,5.17,pl,f,5.35,pl,f,5.38,like
the boys behind the girls like the women.,behind,center_embedding,pl,m,5.17,pl,f,5.35,pl,f,5.38,like
the boy sees the woman near the lady.,near,peripheral,sg,m,5.17,sg,f,5.35,sg,f,4.95,see
the boy near the lady sees the woman.,near,center_embedding,sg,m,5.17,sg,f,5.35,sg,f,4.95,see
the boy sees the woman behind the lady.,behind,peripheral,sg,m,5.17,sg,f,5.35,sg,f,4.95,see
the boy behind the lady sees the woman.,behind,center_embedding,sg,m,5.17,sg,f,5.35,sg,f,4.95,see
the boy likes the woman near the lady.,near,peripheral,sg,m,5.17,sg,f,5.35,sg,f,4.95,like
the boy near the lady likes the woman.,near,center_embedding,sg,m,5.17,sg,f,5.35,sg,f,4.95,like
the boy likes the woman behind the lady.,behind,peripheral,sg,m,5.17,sg,f,5.35,sg,f,4.95,like
the boy behind the lady likes the woman.,behind,center_embedding,sg,m,5.17,sg,f,5.35,sg,f,4.95,like
the boy sees the woman near the ladies.,near,peripheral,sg,m,5.17,sg,f,5.35,pl,f,4.95,see
the boy near the ladies sees the woman.,near,center_embedding,sg,m,5.17,sg,f,5.35,pl,f,4.95,see
the boy sees the woman behind the ladies.,behind,peripheral,sg,m,5.17,sg,f,5.35,pl,f,4.95,see
the boy behind the ladies sees the woman.,behind,center_embedding,sg,m,5.17,sg,f,5.35,pl,f,4.95,see
the boy likes the woman near the ladies.,near,peripheral,sg,m,5.17,sg,f,5.35,pl,f,4.95,like
the boy near the ladies likes the woman.,near,center_embedding,sg,m,5.17,sg,f,5.35,pl,f,4.95,like
the boy likes the woman behind the ladies.,behind,peripheral,sg,m,5.17,sg,f,5.35,pl,f,4.95,like
the boy behind the ladies likes the woman.,behind,center_embedding,sg,m,5.17,sg,f,5.35,pl,f,4.95,like
the boy sees the women near the lady.,near,peripheral,sg,m,5.17,pl,f,5.35,sg,f,4.95,see
the boy near the lady sees the women.,near,center_embedding,sg,m,5.17,pl,f,5.35,sg,f,4.95,see
the boy sees the women behind the lady.,behind,peripheral,sg,m,5.17,pl,f,5.35,sg,f,4.95,see
the boy behind the lady sees the women.,behind,center_embedding,sg,m,5.17,pl,f,5.35,sg,f,4.95,see
the boy likes the women near the lady.,near,peripheral,sg,m,5.17,pl,f,5.35,sg,f,4.95,like
the boy near the lady likes the women.,near,center_embedding,sg,m,5.17,pl,f,5.35,sg,f,4.95,like
the boy likes the women behind the lady.,behind,peripheral,sg,m,5.17,pl,f,5.35,sg,f,4.95,like
the boy behind the lady likes the women.,behind,center_embedding,sg,m,5.17,pl,f,5.35,sg,f,4.95,like
the boy sees the women near the ladies.,near,peripheral,sg,m,5.17,pl,f,5.35,pl,f,4.95,see
the boy near the ladies sees the women.,near,center_embedding,sg,m,5.17,pl,f,5.35,pl,f,4.95,see
the boy sees the women behind the ladies.,behind,peripheral,sg,m,5.17,pl,f,5.35,pl,f,4.95,see
the boy behind the ladies sees the women.,behind,center_embedding,sg,m,5.17,pl,f,5.35,pl,f,4.95,see
the boy likes the women near the ladies.,near,peripheral,sg,m,5.17,pl,f,5.35,pl,f,4.95,like
the boy near the ladies likes the women.,near,center_embedding,sg,m,5.17,pl,f,5.35,pl,f,4.95,like
the boy likes the women behind the ladies.,behind,peripheral,sg,m,5.17,pl,f,5.35,pl,f,4.95,like
the boy behind the ladies likes the women.,behind,center_embedding,sg,m,5.17,pl,f,5.35,pl,f,4.95,like
the boys see the woman near the lady.,near,peripheral,pl,m,5.17,sg,f,5.35,sg,f,4.95,see
the boys near the lady see the woman.,near,center_embedding,pl,m,5.17,sg,f,5.35,sg,f,4.95,see
the boys see the woman behind the lady.,behind,peripheral,pl,m,5.17,sg,f,5.35,sg,f,4.95,see
the boys behind the lady see the woman.,behind,center_embedding,pl,m,5.17,sg,f,5.35,sg,f,4.95,see
the boys like the woman near the lady.,near,peripheral,pl,m,5.17,sg,f,5.35,sg,f,4.95,like
the boys near the lady like the woman.,near,center_embedding,pl,m,5.17,sg,f,5.35,sg,f,4.95,like
the boys like the woman behind the lady.,behind,peripheral,pl,m,5.17,sg,f,5.35,sg,f,4.95,like
the boys behind the lady like the woman.,behind,center_embedding,pl,m,5.17,sg,f,5.35,sg,f,4.95,like
the boys see the woman near the ladies.,near,peripheral,pl,m,5.17,sg,f,5.35,pl,f,4.95,see
the boys near the ladies see the woman.,near,center_embedding,pl,m,5.17,sg,f,5.35,pl,f,4.95,see
the boys see the woman behind the ladies.,behind,peripheral,pl,m,5.17,sg,f,5.35,pl,f,4.95,see
the boys behind the ladies see the woman.,behind,center_embedding,pl,m,5.17,sg,f,5.35,pl,f,4.95,see
the boys like the woman near the ladies.,near,peripheral,pl,m,5.17,sg,f,5.35,pl,f,4.95,like
the boys near the ladies like the woman.,near,center_embedding,pl,m,5.17,sg,f,5.35,pl,f,4.95,like
the boys like the woman behind the ladies.,behind,peripheral,pl,m,5.17,sg,f,5.35,pl,f,4.95,like
the boys behind the ladies like the woman.,behind,center_embedding,pl,m,5.17,sg,f,5.35,pl,f,4.95,like
the boys see the women near the lady.,near,peripheral,pl,m,5.17,pl,f,5.35,sg,f,4.95,see
the boys near the lady see the women.,near,center_embedding,pl,m,5.17,pl,f,5.35,sg,f,4.95,see
the boys see the women behind the lady.,behind,peripheral,pl,m,5.17,pl,f,5.35,sg,f,4.95,see
the boys behind the lady see the women.,behind,center_embedding,pl,m,5.17,pl,f,5.35,sg,f,4.95,see
the boys like the women near the lady.,near,peripheral,pl,m,5.17,pl,f,5.35,sg,f,4.95,like
the boys near the lady like the women.,near,center_embedding,pl,m,5.17,pl,f,5.35,sg,f,4.95,like
the boys like the women behind the lady.,behind,peripheral,pl,m,5.17,pl,f,5.35,sg,f,4.95,like
the boys behind the lady like the women.,behind,center_embedding,pl,m,5.17,pl,f,5.35,sg,f,4.95,like
the boys see the women near the ladies.,near,peripheral,pl,m,5.17,pl,f,5.35,pl,f,4.95,see
the boys near the ladies see the women.,near,center_embedding,pl,m,5.17,pl,f,5.35,pl,f,4.95,see
the boys see the women behind the ladies.,behind,peripheral,pl,m,5.17,pl,f,5.35,pl,f,4.95,see
the boys behind the ladies see the women.,behind,center_embedding,pl,m,5.17,pl,f,5.35,pl,f,4.95,see
the boys like the women near the ladies.,near,peripheral,pl,m,5.17,pl,f,5.35,pl,f,4.95,like
the boys near the ladies like the women.,near,center_embedding,pl,m,5.17,pl,f,5.35,pl,f,4.95,like
the boys like the women behind the ladies.,behind,peripheral,pl,m,5.17,pl,f,5.35,pl,f,4.95,like
the boys behind the ladies like the women.,behind,center_embedding,pl,m,5.17,pl,f,5.35,pl,f,4.95,like
the boy sees the woman near the man.,near,peripheral,sg,m,5.17,sg,f,5.35,sg,m,5.82,see
the boy near the man sees the woman.,near,center_embedding,sg,m,5.17,sg,f,5.35,sg,m,5.82,see
the boy sees the woman behind the man.,behind,peripheral,sg,m,5.17,sg,f,5.35,sg,m,5.82,see
the boy behind the man sees the woman.,behind,center_embedding,sg,m,5.17,sg,f,5.35,sg,m,5.82,see
the boy likes the woman near the man.,near,peripheral,sg,m,5.17,sg,f,5.35,sg,m,5.82,like
the boy near the man likes the woman.,near,center_embedding,sg,m,5.17,sg,f,5.35,sg,m,5.82,like
the boy likes the woman behind the man.,behind,peripheral,sg,m,5.17,sg,f,5.35,sg,m,5.82,like
the boy behind the man likes the woman.,behind,center_embedding,sg,m,5.17,sg,f,5.35,sg,m,5.82,like
the boy sees the woman near the men.,near,peripheral,sg,m,5.17,sg,f,5.35,pl,m,5.82,see
the boy near the men sees the woman.,near,center_embedding,sg,m,5.17,sg,f,5.35,pl,m,5.82,see
the boy sees the woman behind the men.,behind,peripheral,sg,m,5.17,sg,f,5.35,pl,m,5.82,see
the boy behind the men sees the woman.,behind,center_embedding,sg,m,5.17,sg,f,5.35,pl,m,5.82,see
the boy likes the woman near the men.,near,peripheral,sg,m,5.17,sg,f,5.35,pl,m,5.82,like
the boy near the men likes the woman.,near,center_embedding,sg,m,5.17,sg,f,5.35,pl,m,5.82,like
the boy likes the woman behind the men.,behind,peripheral,sg,m,5.17,sg,f,5.35,pl,m,5.82,like
the boy behind the men likes the woman.,behind,center_embedding,sg,m,5.17,sg,f,5.35,pl,m,5.82,like
the boy sees the women near the man.,near,peripheral,sg,m,5.17,pl,f,5.35,sg,m,5.82,see
the boy near the man sees the women.,near,center_embedding,sg,m,5.17,pl,f,5.35,sg,m,5.82,see
the boy sees the women behind the man.,behind,peripheral,sg,m,5.17,pl,f,5.35,sg,m,5.82,see
the boy behind the man sees the women.,behind,center_embedding,sg,m,5.17,pl,f,5.35,sg,m,5.82,see
the boy likes the women near the man.,near,peripheral,sg,m,5.17,pl,f,5.35,sg,m,5.82,like
the boy near the man likes the women.,near,center_embedding,sg,m,5.17,pl,f,5.35,sg,m,5.82,like
the boy likes the women behind the man.,behind,peripheral,sg,m,5.17,pl,f,5.35,sg,m,5.82,like
the boy behind the man likes the women.,behind,center_embedding,sg,m,5.17,pl,f,5.35,sg,m,5.82,like
the boy sees the women near the men.,near,peripheral,sg,m,5.17,pl,f,5.35,pl,m,5.82,see
the boy near the men sees the women.,near,center_embedding,sg,m,5.17,pl,f,5.35,pl,m,5.82,see
the boy sees the women behind the men.,behind,peripheral,sg,m,5.17,pl,f,5.35,pl,m,5.82,see
the boy behind the men sees the women.,behind,center_embedding,sg,m,5.17,pl,f,5.35,pl,m,5.82,see
the boy likes the women near the men.,near,peripheral,sg,m,5.17,pl,f,5.35,pl,m,5.82,like
the boy near the men likes the women.,near,center_embedding,sg,m,5.17,pl,f,5.35,pl,m,5.82,like
the boy likes the women behind the men.,behind,peripheral,sg,m,5.17,pl,f,5.35,pl,m,5.82,like
the boy behind the men likes the women.,behind,center_embedding,sg,m,5.17,pl,f,5.35,pl,m,5.82,like
the boys see the woman near the man.,near,peripheral,pl,m,5.17,sg,f,5.35,sg,m,5.82,see
the boys near the man see the woman.,near,center_embedding,pl,m,5.17,sg,f,5.35,sg,m,5.82,see
the boys see the woman behind the man.,behind,peripheral,pl,m,5.17,sg,f,5.35,sg,m,5.82,see
the boys behind the man see the woman.,behind,center_embedding,pl,m,5.17,sg,f,5.35,sg,m,5.82,see
the boys like the woman near the man.,near,peripheral,pl,m,5.17,sg,f,5.35,sg,m,5.82,like
the boys near the man like the woman.,near,center_embedding,pl,m,5.17,sg,f,5.35,sg,m,5.82,like
the boys like the woman behind the man.,behind,peripheral,pl,m,5.17,sg,f,5.35,sg,m,5.82,like
the boys behind the man like the woman.,behind,center_embedding,pl,m,5.17,sg,f,5.35,sg,m,5.82,like
the boys see the woman near the men.,near,peripheral,pl,m,5.17,sg,f,5.35,pl,m,5.82,see
the boys near the men see the woman.,near,center_embedding,pl,m,5.17,sg,f,5.35,pl,m,5.82,see
the boys see the woman behind the men.,behind,peripheral,pl,m,5.17,sg,f,5.35,pl,m,5.82,see
the boys behind the men see the woman.,behind,center_embedding,pl,m,5.17,sg,f,5.35,pl,m,5.82,see
the boys like the woman near the men.,near,peripheral,pl,m,5.17,sg,f,5.35,pl,m,5.82,like
the boys near the men like the woman.,near,center_embedding,pl,m,5.17,sg,f,5.35,pl,m,5.82,like
the boys like the woman behind the men.,behind,peripheral,pl,m,5.17,sg,f,5.35,pl,m,5.82,like
the boys behind the men like the woman.,behind,center_embedding,pl,m,5.17,sg,f,5.35,pl,m,5.82,like
the boys see the women near the man.,near,peripheral,pl,m,5.17,pl,f,5.35,sg,m,5.82,see
the boys near the man see the women.,near,center_embedding,pl,m,5.17,pl,f,5.35,sg,m,5.82,see
the boys see the women behind the man.,behind,peripheral,pl,m,5.17,pl,f,5.35,sg,m,5.82,see
the boys behind the man see the women.,behind,center_embedding,pl,m,5.17,pl,f,5.35,sg,m,5.82,see
the boys like the women near the man.,near,peripheral,pl,m,5.17,pl,f,5.35,sg,m,5.82,like
the boys near the man like the women.,near,center_embedding,pl,m,5.17,pl,f,5.35,sg,m,5.82,like
the boys like the women behind the man.,behind,peripheral,pl,m,5.17,pl,f,5.35,sg,m,5.82,like
the boys behind the man like the women.,behind,center_embedding,pl,m,5.17,pl,f,5.35,sg,m,5.82,like
the boys see the women near the men.,near,peripheral,pl,m,5.17,pl,f,5.35,pl,m,5.82,see
the boys near the men see the women.,near,center_embedding,pl,m,5.17,pl,f,5.35,pl,m,5.82,see
the boys see the women behind the men.,behind,peripheral,pl,m,5.17,pl,f,5.35,pl,m,5.82,see
the boys behind the men see the women.,behind,center_embedding,pl,m,5.17,pl,f,5.35,pl,m,5.82,see
the boys like the women near the men.,near,peripheral,pl,m,5.17,pl,f,5.35,pl,m,5.82,like
the boys near the men like the women.,near,center_embedding,pl,m,5.17,pl,f,5.35,pl,m,5.82,like
the boys like the women behind the men.,behind,peripheral,pl,m,5.17,pl,f,5.35,pl,m,5.82,like
the boys behind the men like the women.,behind,center_embedding,pl,m,5.17,pl,f,5.35,pl,m,5.82,like
the boy sees the woman near the king.,near,peripheral,sg,m,5.17,sg,f,5.35,sg,m,5.17,see
the boy near the king sees the woman.,near,center_embedding,sg,m,5.17,sg,f,5.35,sg,m,5.17,see
the boy sees the woman behind the king.,behind,peripheral,sg,m,5.17,sg,f,5.35,sg,m,5.17,see
the boy behind the king sees the woman.,behind,center_embedding,sg,m,5.17,sg,f,5.35,sg,m,5.17,see
the boy likes the woman near the king.,near,peripheral,sg,m,5.17,sg,f,5.35,sg,m,5.17,like
the boy near the king likes the woman.,near,center_embedding,sg,m,5.17,sg,f,5.35,sg,m,5.17,like
the boy likes the woman behind the king.,behind,peripheral,sg,m,5.17,sg,f,5.35,sg,m,5.17,like
the boy behind the king likes the woman.,behind,center_embedding,sg,m,5.17,sg,f,5.35,sg,m,5.17,like
the boy sees the woman near the kings.,near,peripheral,sg,m,5.17,sg,f,5.35,pl,m,5.17,see
the boy near the kings sees the woman.,near,center_embedding,sg,m,5.17,sg,f,5.35,pl,m,5.17,see
the boy sees the woman behind the kings.,behind,peripheral,sg,m,5.17,sg,f,5.35,pl,m,5.17,see
the boy behind the kings sees the woman.,behind,center_embedding,sg,m,5.17,sg,f,5.35,pl,m,5.17,see
the boy likes the woman near the kings.,near,peripheral,sg,m,5.17,sg,f,5.35,pl,m,5.17,like
the boy near the kings likes the woman.,near,center_embedding,sg,m,5.17,sg,f,5.35,pl,m,5.17,like
the boy likes the woman behind the kings.,behind,peripheral,sg,m,5.17,sg,f,5.35,pl,m,5.17,like
the boy behind the kings likes the woman.,behind,center_embedding,sg,m,5.17,sg,f,5.35,pl,m,5.17,like
the boy sees the women near the king.,near,peripheral,sg,m,5.17,pl,f,5.35,sg,m,5.17,see
the boy near the king sees the women.,near,center_embedding,sg,m,5.17,pl,f,5.35,sg,m,5.17,see
the boy sees the women behind the king.,behind,peripheral,sg,m,5.17,pl,f,5.35,sg,m,5.17,see
the boy behind the king sees the women.,behind,center_embedding,sg,m,5.17,pl,f,5.35,sg,m,5.17,see
the boy likes the women near the king.,near,peripheral,sg,m,5.17,pl,f,5.35,sg,m,5.17,like
the boy near the king likes the women.,near,center_embedding,sg,m,5.17,pl,f,5.35,sg,m,5.17,like
the boy likes the women behind the king.,behind,peripheral,sg,m,5.17,pl,f,5.35,sg,m,5.17,like
the boy behind the king likes the women.,behind,center_embedding,sg,m,5.17,pl,f,5.35,sg,m,5.17,like
the boy sees the women near the kings.,near,peripheral,sg,m,5.17,pl,f,5.35,pl,m,5.17,see
the boy near the kings sees the women.,near,center_embedding,sg,m,5.17,pl,f,5.35,pl,m,5.17,see
the boy sees the women behind the kings.,behind,peripheral,sg,m,5.17,pl,f,5.35,pl,m,5.17,see
the boy behind the kings sees the women.,behind,center_embedding,sg,m,5.17,pl,f,5.35,pl,m,5.17,see
the boy likes the women near the kings.,near,peripheral,sg,m,5.17,pl,f,5.35,pl,m,5.17,like
the boy near the kings likes the women.,near,center_embedding,sg,m,5.17,pl,f,5.35,pl,m,5.17,like
the boy likes the women behind the kings.,behind,peripheral,sg,m,5.17,pl,f,5.35,pl,m,5.17,like
the boy behind the kings likes the women.,behind,center_embedding,sg,m,5.17,pl,f,5.35,pl,m,5.17,like
the boys see the woman near the king.,near,peripheral,pl,m,5.17,sg,f,5.35,sg,m,5.17,see
the boys near the king see the woman.,near,center_embedding,pl,m,5.17,sg,f,5.35,sg,m,5.17,see
the boys see the woman behind the king.,behind,peripheral,pl,m,5.17,sg,f,5.35,sg,m,5.17,see
the boys behind the king see the woman.,behind,center_embedding,pl,m,5.17,sg,f,5.35,sg,m,5.17,see
the boys like the woman near the king.,near,peripheral,pl,m,5.17,sg,f,5.35,sg,m,5.17,like
the boys near the king like the woman.,near,center_embedding,pl,m,5.17,sg,f,5.35,sg,m,5.17,like
the boys like the woman behind the king.,behind,peripheral,pl,m,5.17,sg,f,5.35,sg,m,5.17,like
the boys behind the king like the woman.,behind,center_embedding,pl,m,5.17,sg,f,5.35,sg,m,5.17,like
the boys see the woman near the kings.,near,peripheral,pl,m,5.17,sg,f,5.35,pl,m,5.17,see
the boys near the kings see the woman.,near,center_embedding,pl,m,5.17,sg,f,5.35,pl,m,5.17,see
the boys see the woman behind the kings.,behind,peripheral,pl,m,5.17,sg,f,5.35,pl,m,5.17,see
the boys behind the kings see the woman.,behind,center_embedding,pl,m,5.17,sg,f,5.35,pl,m,5.17,see
the boys like the woman near the kings.,near,peripheral,pl,m,5.17,sg,f,5.35,pl,m,5.17,like
the boys near the kings like the woman.,near,center_embedding,pl,m,5.17,sg,f,5.35,pl,m,5.17,like
the boys like the woman behind the kings.,behind,peripheral,pl,m,5.17,sg,f,5.35,pl,m,5.17,like
the boys behind the kings like the woman.,behind,center_embedding,pl,m,5.17,sg,f,5.35,pl,m,5.17,like
the boys see the women near the king.,near,peripheral,pl,m,5.17,pl,f,5.35,sg,m,5.17,see
the boys near the king see the women.,near,center_embedding,pl,m,5.17,pl,f,5.35,sg,m,5.17,see
the boys see the women behind the king.,behind,peripheral,pl,m,5.17,pl,f,5.35,sg,m,5.17,see
the boys behind the king see the women.,behind,center_embedding,pl,m,5.17,pl,f,5.35,sg,m,5.17,see
the boys like the women near the king.,near,peripheral,pl,m,5.17,pl,f,5.35,sg,m,5.17,like
the boys near the king like the women.,near,center_embedding,pl,m,5.17,pl,f,5.35,sg,m,5.17,like
the boys like the women behind the king.,behind,peripheral,pl,m,5.17,pl,f,5.35,sg,m,5.17,like
the boys behind the king like the women.,behind,center_embedding,pl,m,5.17,pl,f,5.35,sg,m,5.17,like
the boys see the women near the kings.,near,peripheral,pl,m,5.17,pl,f,5.35,pl,m,5.17,see
the boys near the kings see the women.,near,center_embedding,pl,m,5.17,pl,f,5.35,pl,m,5.17,see
the boys see the women behind the kings.,behind,peripheral,pl,m,5.17,pl,f,5.35,pl,m,5.17,see
the boys behind the kings see the women.,behind,center_embedding,pl,m,5.17,pl,f,5.35,pl,m,5.17,see
the boys like the women near the kings.,near,peripheral,pl,m,5.17,pl,f,5.35,pl,m,5.17,like
the boys near the kings like the women.,near,center_embedding,pl,m,5.17,pl,f,5.35,pl,m,5.17,like
the boys like the women behind the kings.,behind,peripheral,pl,m,5.17,pl,f,5.35,pl,m,5.17,like
the boys behind the kings like the women.,behind,center_embedding,pl,m,5.17,pl,f,5.35,pl,m,5.17,like
the boy sees the girl near the woman.,near,peripheral,sg,m,5.17,sg,f,5.38,sg,f,5.35,see
the boy near the woman sees the girl.,near,center_embedding,sg,m,5.17,sg,f,5.38,sg,f,5.35,see
the boy sees the girl behind the woman.,behind,peripheral,sg,m,5.17,sg,f,5.38,sg,f,5.35,see
the boy behind the woman sees the girl.,behind,center_embedding,sg,m,5.17,sg,f,5.38,sg,f,5.35,see
the boy likes the girl near the woman.,near,peripheral,sg,m,5.17,sg,f,5.38,sg,f,5.35,like
the boy near the woman likes the girl.,near,center_embedding,sg,m,5.17,sg,f,5.38,sg,f,5.35,like
the boy likes the girl behind the woman.,behind,peripheral,sg,m,5.17,sg,f,5.38,sg,f,5.35,like
the boy behind the woman likes the girl.,behind,center_embedding,sg,m,5.17,sg,f,5.38,sg,f,5.35,like
the boy sees the girl near the women.,near,peripheral,sg,m,5.17,sg,f,5.38,pl,f,5.35,see
the boy near the women sees the girl.,near,center_embedding,sg,m,5.17,sg,f,5.38,pl,f,5.35,see
the boy sees the girl behind the women.,behind,peripheral,sg,m,5.17,sg,f,5.38,pl,f,5.35,see
the boy behind the women sees the girl.,behind,center_embedding,sg,m,5.17,sg,f,5.38,pl,f,5.35,see
the boy likes the girl near the women.,near,peripheral,sg,m,5.17,sg,f,5.38,pl,f,5.35,like
the boy near the women likes the girl.,near,center_embedding,sg,m,5.17,sg,f,5.38,pl,f,5.35,like
the boy likes the girl behind the women.,behind,peripheral,sg,m,5.17,sg,f,5.38,pl,f,5.35,like
the boy behind the women likes the girl.,behind,center_embedding,sg,m,5.17,sg,f,5.38,pl,f,5.35,like
the boy sees the girls near the woman.,near,peripheral,sg,m,5.17,pl,f,5.38,sg,f,5.35,see
the boy near the woman sees the girls.,near,center_embedding,sg,m,5.17,pl,f,5.38,sg,f,5.35,see
the boy sees the girls behind the woman.,behind,peripheral,sg,m,5.17,pl,f,5.38,sg,f,5.35,see
the boy behind the woman sees the girls.,behind,center_embedding,sg,m,5.17,pl,f,5.38,sg,f,5.35,see
the boy likes the girls near the woman.,near,peripheral,sg,m,5.17,pl,f,5.38,sg,f,5.35,like
the boy near the woman likes the girls.,near,center_embedding,sg,m,5.17,pl,f,5.38,sg,f,5.35,like
the boy likes the girls behind the woman.,behind,peripheral,sg,m,5.17,pl,f,5.38,sg,f,5.35,like
the boy behind the woman likes the girls.,behind,center_embedding,sg,m,5.17,pl,f,5.38,sg,f,5.35,like
the boy sees the girls near the women.,near,peripheral,sg,m,5.17,pl,f,5.38,pl,f,5.35,see
the boy near the women sees the girls.,near,center_embedding,sg,m,5.17,pl,f,5.38,pl,f,5.35,see
the boy sees the girls behind the women.,behind,peripheral,sg,m,5.17,pl,f,5.38,pl,f,5.35,see
the boy behind the women sees the girls.,behind,center_embedding,sg,m,5.17,pl,f,5.38,pl,f,5.35,see
the boy likes the girls near the women.,near,peripheral,sg,m,5.17,pl,f,5.38,pl,f,5.35,like
the boy near the women likes the girls.,near,center_embedding,sg,m,5.17,pl,f,5.38,pl,f,5.35,like
the boy likes the girls behind the women.,behind,peripheral,sg,m,5.17,pl,f,5.38,pl,f,5.35,like
the boy behind the women likes the girls.,behind,center_embedding,sg,m,5.17,pl,f,5.38,pl,f,5.35,like
the boys see the girl near the woman.,near,peripheral,pl,m,5.17,sg,f,5.38,sg,f,5.35,see
the boys near the woman see the girl.,near,center_embedding,pl,m,5.17,sg,f,5.38,sg,f,5.35,see
the boys see the girl behind the woman.,behind,peripheral,pl,m,5.17,sg,f,5.38,sg,f,5.35,see
the boys behind the woman see the girl.,behind,center_embedding,pl,m,5.17,sg,f,5.38,sg,f,5.35,see
the boys like the girl near the woman.,near,peripheral,pl,m,5.17,sg,f,5.38,sg,f,5.35,like
the boys near the woman like the girl.,near,center_embedding,pl,m,5.17,sg,f,5.38,sg,f,5.35,like
the boys like the girl behind the woman.,behind,peripheral,pl,m,5.17,sg,f,5.38,sg,f,5.35,like
the boys behind the woman like the girl.,behind,center_embedding,pl,m,5.17,sg,f,5.38,sg,f,5.35,like
the boys see the girl near the women.,near,peripheral,pl,m,5.17,sg,f,5.38,pl,f,5.35,see
the boys near the women see the girl.,near,center_embedding,pl,m,5.17,sg,f,5.38,pl,f,5.35,see
the boys see the girl behind the women.,behind,peripheral,pl,m,5.17,sg,f,5.38,pl,f,5.35,see
the boys behind the women see the girl.,behind,center_embedding,pl,m,5.17,sg,f,5.38,pl,f,5.35,see
the boys like the girl near the women.,near,peripheral,pl,m,5.17,sg,f,5.38,pl,f,5.35,like
the boys near the women like the girl.,near,center_embedding,pl,m,5.17,sg,f,5.38,pl,f,5.35,like
the boys like the girl behind the women.,behind,peripheral,pl,m,5.17,sg,f,5.38,pl,f,5.35,like
the boys behind the women like the girl.,behind,center_embedding,pl,m,5.17,sg,f,5.38,pl,f,5.35,like
the boys see the girls near the woman.,near,peripheral,pl,m,5.17,pl,f,5.38,sg,f,5.35,see
the boys near the woman see the girls.,near,center_embedding,pl,m,5.17,pl,f,5.38,sg,f,5.35,see
the boys see the girls behind the woman.,behind,peripheral,pl,m,5.17,pl,f,5.38,sg,f,5.35,see
the boys behind the woman see the girls.,behind,center_embedding,pl,m,5.17,pl,f,5.38,sg,f,5.35,see
the boys like the girls near the woman.,near,peripheral,pl,m,5.17,pl,f,5.38,sg,f,5.35,like
the boys near the woman like the girls.,near,center_embedding,pl,m,5.17,pl,f,5.38,sg,f,5.35,like
the boys like the girls behind the woman.,behind,peripheral,pl,m,5.17,pl,f,5.38,sg,f,5.35,like
the boys behind the woman like the girls.,behind,center_embedding,pl,m,5.17,pl,f,5.38,sg,f,5.35,like
the boys see the girls near the women.,near,peripheral,pl,m,5.17,pl,f,5.38,pl,f,5.35,see
the boys near the women see the girls.,near,center_embedding,pl,m,5.17,pl,f,5.38,pl,f,5.35,see
the boys see the girls behind the women.,behind,peripheral,pl,m,5.17,pl,f,5.38,pl,f,5.35,see
the boys behind the women see the girls.,behind,center_embedding,pl,m,5.17,pl,f,5.38,pl,f,5.35,see
the boys like the girls near the women.,near,peripheral,pl,m,5.17,pl,f,5.38,pl,f,5.35,like
the boys near the women like the girls.,near,center_embedding,pl,m,5.17,pl,f,5.38,pl,f,5.35,like
the boys like the girls behind the women.,behind,peripheral,pl,m,5.17,pl,f,5.38,pl,f,5.35,like
the boys behind the women like the girls.,behind,center_embedding,pl,m,5.17,pl,f,5.38,pl,f,5.35,like
the boy sees the girl near the lady.,near,peripheral,sg,m,5.17,sg,f,5.38,sg,f,4.95,see
the boy near the lady sees the girl.,near,center_embedding,sg,m,5.17,sg,f,5.38,sg,f,4.95,see
the boy sees the girl behind the lady.,behind,peripheral,sg,m,5.17,sg,f,5.38,sg,f,4.95,see
the boy behind the lady sees the girl.,behind,center_embedding,sg,m,5.17,sg,f,5.38,sg,f,4.95,see
the boy likes the girl near the lady.,near,peripheral,sg,m,5.17,sg,f,5.38,sg,f,4.95,like
the boy near the lady likes the girl.,near,center_embedding,sg,m,5.17,sg,f,5.38,sg,f,4.95,like
the boy likes the girl behind the lady.,behind,peripheral,sg,m,5.17,sg,f,5.38,sg,f,4.95,like
the boy behind the lady likes the girl.,behind,center_embedding,sg,m,5.17,sg,f,5.38,sg,f,4.95,like
the boy sees the girl near the ladies.,near,peripheral,sg,m,5.17,sg,f,5.38,pl,f,4.95,see
the boy near the ladies sees the girl.,near,center_embedding,sg,m,5.17,sg,f,5.38,pl,f,4.95,see
the boy sees the girl behind the ladies.,behind,peripheral,sg,m,5.17,sg,f,5.38,pl,f,4.95,see
the boy behind the ladies sees the girl.,behind,center_embedding,sg,m,5.17,sg,f,5.38,pl,f,4.95,see
the boy likes the girl near the ladies.,near,peripheral,sg,m,5.17,sg,f,5.38,pl,f,4.95,like
the boy near the ladies likes the girl.,near,center_embedding,sg,m,5.17,sg,f,5.38,pl,f,4.95,like
the boy likes the girl behind the ladies.,behind,peripheral,sg,m,5.17,sg,f,5.38,pl,f,4.95,like
the boy behind the ladies likes the girl.,behind,center_embedding,sg,m,5.17,sg,f,5.38,pl,f,4.95,like
the boy sees the girls near the lady.,near,peripheral,sg,m,5.17,pl,f,5.38,sg,f,4.95,see
the boy near the lady sees the girls.,near,center_embedding,sg,m,5.17,pl,f,5.38,sg,f,4.95,see
the boy sees the girls behind the lady.,behind,peripheral,sg,m,5.17,pl,f,5.38,sg,f,4.95,see
the boy behind the lady sees the girls.,behind,center_embedding,sg,m,5.17,pl,f,5.38,sg,f,4.95,see
the boy likes the girls near the lady.,near,peripheral,sg,m,5.17,pl,f,5.38,sg,f,4.95,like
the boy near the lady likes the girls.,near,center_embedding,sg,m,5.17,pl,f,5.38,sg,f,4.95,like
the boy likes the girls behind the lady.,behind,peripheral,sg,m,5.17,pl,f,5.38,sg,f,4.95,like
the boy behind the lady likes the girls.,behind,center_embedding,sg,m,5.17,pl,f,5.38,sg,f,4.95,like
the boy sees the girls near the ladies.,near,peripheral,sg,m,5.17,pl,f,5.38,pl,f,4.95,see
the boy near the ladies sees the girls.,near,center_embedding,sg,m,5.17,pl,f,5.38,pl,f,4.95,see
the boy sees the girls behind the ladies.,behind,peripheral,sg,m,5.17,pl,f,5.38,pl,f,4.95,see
the boy behind the ladies sees the girls.,behind,center_embedding,sg,m,5.17,pl,f,5.38,pl,f,4.95,see
the boy likes the girls near the ladies.,near,peripheral,sg,m,5.17,pl,f,5.38,pl,f,4.95,like
the boy near the ladies likes the girls.,near,center_embedding,sg,m,5.17,pl,f,5.38,pl,f,4.95,like
the boy likes the girls behind the ladies.,behind,peripheral,sg,m,5.17,pl,f,5.38,pl,f,4.95,like
the boy behind the ladies likes the girls.,behind,center_embedding,sg,m,5.17,pl,f,5.38,pl,f,4.95,like
the boys see the girl near the lady.,near,peripheral,pl,m,5.17,sg,f,5.38,sg,f,4.95,see
the boys near the lady see the girl.,near,center_embedding,pl,m,5.17,sg,f,5.38,sg,f,4.95,see
the boys see the girl behind the lady.,behind,peripheral,pl,m,5.17,sg,f,5.38,sg,f,4.95,see
the boys behind the lady see the girl.,behind,center_embedding,pl,m,5.17,sg,f,5.38,sg,f,4.95,see
the boys like the girl near the lady.,near,peripheral,pl,m,5.17,sg,f,5.38,sg,f,4.95,like
the boys near the lady like the girl.,near,center_embedding,pl,m,5.17,sg,f,5.38,sg,f,4.95,like
the boys like the girl behind the lady.,behind,peripheral,pl,m,5.17,sg,f,5.38,sg,f,4.95,like
the boys behind the lady like the girl.,behind,center_embedding,pl,m,5.17,sg,f,5.38,sg,f,4.95,like
the boys see the girl near the ladies.,near,peripheral,pl,m,5.17,sg,f,5.38,pl,f,4.95,see
the boys near the ladies see the girl.,near,center_embedding,pl,m,5.17,sg,f,5.38,pl,f,4.95,see
the boys see the girl behind the ladies.,behind,peripheral,pl,m,5.17,sg,f,5.38,pl,f,4.95,see
the boys behind the ladies see the girl.,behind,center_embedding,pl,m,5.17,sg,f,5.38,pl,f,4.95,see
the boys like the girl near the ladies.,near,peripheral,pl,m,5.17,sg,f,5.38,pl,f,4.95,like
the boys near the ladies like the girl.,near,center_embedding,pl,m,5.17,sg,f,5.38,pl,f,4.95,like
the boys like the girl behind the ladies.,behind,peripheral,pl,m,5.17,sg,f,5.38,pl,f,4.95,like
the boys behind the ladies like the girl.,behind,center_embedding,pl,m,5.17,sg,f,5.38,pl,f,4.95,like
the boys see the girls near the lady.,near,peripheral,pl,m,5.17,pl,f,5.38,sg,f,4.95,see
the boys near the lady see the girls.,near,center_embedding,pl,m,5.17,pl,f,5.38,sg,f,4.95,see
the boys see the girls behind the lady.,behind,peripheral,pl,m,5.17,pl,f,5.38,sg,f,4.95,see
the boys behind the lady see the girls.,behind,center_embedding,pl,m,5.17,pl,f,5.38,sg,f,4.95,see
the boys like the girls near the lady.,near,peripheral,pl,m,5.17,pl,f,5.38,sg,f,4.95,like
the boys near the lady like the girls.,near,center_embedding,pl,m,5.17,pl,f,5.38,sg,f,4.95,like
the boys like the girls behind the lady.,behind,peripheral,pl,m,5.17,pl,f,5.38,sg,f,4.95,like
the boys behind the lady like the girls.,behind,center_embedding,pl,m,5.17,pl,f,5.38,sg,f,4.95,like
the boys see the girls near the ladies.,near,peripheral,pl,m,5.17,pl,f,5.38,pl,f,4.95,see
the boys near the ladies see the girls.,near,center_embedding,pl,m,5.17,pl,f,5.38,pl,f,4.95,see
the boys see the girls behind the ladies.,behind,peripheral,pl,m,5.17,pl,f,5.38,pl,f,4.95,see
the boys behind the ladies see the girls.,behind,center_embedding,pl,m,5.17,pl,f,5.38,pl,f,4.95,see
the boys like the girls near the ladies.,near,peripheral,pl,m,5.17,pl,f,5.38,pl,f,4.95,like
the boys near the ladies like the girls.,near,center_embedding,pl,m,5.17,pl,f,5.38,pl,f,4.95,like
the boys like the girls behind the ladies.,behind,peripheral,pl,m,5.17,pl,f,5.38,pl,f,4.95,like
the boys behind the ladies like the girls.,behind,center_embedding,pl,m,5.17,pl,f,5.38,pl,f,4.95,like
the boy sees the girl near the man.,near,peripheral,sg,m,5.17,sg,f,5.38,sg,m,5.82,see
the boy near the man sees the girl.,near,center_embedding,sg,m,5.17,sg,f,5.38,sg,m,5.82,see
the boy sees the girl behind the man.,behind,peripheral,sg,m,5.17,sg,f,5.38,sg,m,5.82,see
the boy behind the man sees the girl.,behind,center_embedding,sg,m,5.17,sg,f,5.38,sg,m,5.82,see
the boy likes the girl near the man.,near,peripheral,sg,m,5.17,sg,f,5.38,sg,m,5.82,like
the boy near the man likes the girl.,near,center_embedding,sg,m,5.17,sg,f,5.38,sg,m,5.82,like
the boy likes the girl behind the man.,behind,peripheral,sg,m,5.17,sg,f,5.38,sg,m,5.82,like
the boy behind the man likes the girl.,behind,center_embedding,sg,m,5.17,sg,f,5.38,sg,m,5.82,like
the boy sees the girl near the men.,near,peripheral,sg,m,5.17,sg,f,5.38,pl,m,5.82,see
the boy near the men sees the girl.,near,center_embedding,sg,m,5.17,sg,f,5.38,pl,m,5.82,see
the boy sees the girl behind the men.,behind,peripheral,sg,m,5.17,sg,f,5.38,pl,m,5.82,see
the boy behind the men sees the girl.,behind,center_embedding,sg,m,5.17,sg,f,5.38,pl,m,5.82,see
the boy likes the girl near the men.,near,peripheral,sg,m,5.17,sg,f,5.38,pl,m,5.82,like
the boy near the men likes the girl.,near,center_embedding,sg,m,5.17,sg,f,5.38,pl,m,5.82,like
the boy likes the girl behind the men.,behind,peripheral,sg,m,5.17,sg,f,5.38,pl,m,5.82,like
the boy behind the men likes the girl.,behind,center_embedding,sg,m,5.17,sg,f,5.38,pl,m,5.82,like
the boy sees the girls near the man.,near,peripheral,sg,m,5.17,pl,f,5.38,sg,m,5.82,see
the boy near the man sees the girls.,near,center_embedding,sg,m,5.17,pl,f,5.38,sg,m,5.82,see
the boy sees the girls behind the man.,behind,peripheral,sg,m,5.17,pl,f,5.38,sg,m,5.82,see
the boy behind the man sees the girls.,behind,center_embedding,sg,m,5.17,pl,f,5.38,sg,m,5.82,see
the boy likes the girls near the man.,near,peripheral,sg,m,5.17,pl,f,5.38,sg,m,5.82,like
the boy near the man likes the girls.,near,center_embedding,sg,m,5.17,pl,f,5.38,sg,m,5.82,like
the boy likes the girls behind the man.,behind,peripheral,sg,m,5.17,pl,f,5.38,sg,m,5.82,like
the boy behind the man likes the girls.,behind,center_embedding,sg,m,5.17,pl,f,5.38,sg,m,5.82,like
the boy sees the girls near the men.,near,peripheral,sg,m,5.17,pl,f,5.38,pl,m,5.82,see
the boy near the men sees the girls.,near,center_embedding,sg,m,5.17,pl,f,5.38,pl,m,5.82,see
the boy sees the girls behind the men.,behind,peripheral,sg,m,5.17,pl,f,5.38,pl,m,5.82,see
the boy behind the men sees the girls.,behind,center_embedding,sg,m,5.17,pl,f,5.38,pl,m,5.82,see
the boy likes the girls near the men.,near,peripheral,sg,m,5.17,pl,f,5.38,pl,m,5.82,like
the boy near the men likes the girls.,near,center_embedding,sg,m,5.17,pl,f,5.38,pl,m,5.82,like
the boy likes the girls behind the men.,behind,peripheral,sg,m,5.17,pl,f,5.38,pl,m,5.82,like
the boy behind the men likes the girls.,behind,center_embedding,sg,m,5.17,pl,f,5.38,pl,m,5.82,like
the boys see the girl near the man.,near,peripheral,pl,m,5.17,sg,f,5.38,sg,m,5.82,see
the boys near the man see the girl.,near,center_embedding,pl,m,5.17,sg,f,5.38,sg,m,5.82,see
the boys see the girl behind the man.,behind,peripheral,pl,m,5.17,sg,f,5.38,sg,m,5.82,see
the boys behind the man see the girl.,behind,center_embedding,pl,m,5.17,sg,f,5.38,sg,m,5.82,see
the boys like the girl near the man.,near,peripheral,pl,m,5.17,sg,f,5.38,sg,m,5.82,like
the boys near the man like the girl.,near,center_embedding,pl,m,5.17,sg,f,5.38,sg,m,5.82,like
the boys like the girl behind the man.,behind,peripheral,pl,m,5.17,sg,f,5.38,sg,m,5.82,like
the boys behind the man like the girl.,behind,center_embedding,pl,m,5.17,sg,f,5.38,sg,m,5.82,like
the boys see the girl near the men.,near,peripheral,pl,m,5.17,sg,f,5.38,pl,m,5.82,see
the boys near the men see the girl.,near,center_embedding,pl,m,5.17,sg,f,5.38,pl,m,5.82,see
the boys see the girl behind the men.,behind,peripheral,pl,m,5.17,sg,f,5.38,pl,m,5.82,see
the boys behind the men see the girl.,behind,center_embedding,pl,m,5.17,sg,f,5.38,pl,m,5.82,see
the boys like the girl near the men.,near,peripheral,pl,m,5.17,sg,f,5.38,pl,m,5.82,like
the boys near the men like the girl.,near,center_embedding,pl,m,5.17,sg,f,5.38,pl,m,5.82,like
the boys like the girl behind the men.,behind,peripheral,pl,m,5.17,sg,f,5.38,pl,m,5.82,like
the boys behind the men like the girl.,behind,center_embedding,pl,m,5.17,sg,f,5.38,pl,m,5.82,like
the boys see the girls near the man.,near,peripheral,pl,m,5.17,pl,f,5.38,sg,m,5.82,see
the boys near the man see the girls.,near,center_embedding,pl,m,5.17,pl,f,5.38,sg,m,5.82,see
the boys see the girls behind the man.,behind,peripheral,pl,m,5.17,pl,f,5.38,sg,m,5.82,see
the boys behind the man see the girls.,behind,center_embedding,pl,m,5.17,pl,f,5.38,sg,m,5.82,see
the boys like the girls near the man.,near,peripheral,pl,m,5.17,pl,f,5.38,sg,m,5.82,like
the boys near the man like the girls.,near,center_embedding,pl,m,5.17,pl,f,5.38,sg,m,5.82,like
the boys like the girls behind the man.,behind,peripheral,pl,m,5.17,pl,f,5.38,sg,m,5.82,like
the boys behind the man like the girls.,behind,center_embedding,pl,m,5.17,pl,f,5.38,sg,m,5.82,like
the boys see the girls near the men.,near,peripheral,pl,m,5.17,pl,f,5.38,pl,m,5.82,see
the boys near the men see the girls.,near,center_embedding,pl,m,5.17,pl,f,5.38,pl,m,5.82,see
the boys see the girls behind the men.,behind,peripheral,pl,m,5.17,pl,f,5.38,pl,m,5.82,see
the boys behind the men see the girls.,behind,center_embedding,pl,m,5.17,pl,f,5.38,pl,m,5.82,see
the boys like the girls near the men.,near,peripheral,pl,m,5.17,pl,f,5.38,pl,m,5.82,like
the boys near the men like the girls.,near,center_embedding,pl,m,5.17,pl,f,5.38,pl,m,5.82,like
the boys like the girls behind the men.,behind,peripheral,pl,m,5.17,pl,f,5.38,pl,m,5.82,like
the boys behind the men like the girls.,behind,center_embedding,pl,m,5.17,pl,f,5.38,pl,m,5.82,like
the boy sees the girl near the king.,near,peripheral,sg,m,5.17,sg,f,5.38,sg,m,5.17,see
the boy near the king sees the girl.,near,center_embedding,sg,m,5.17,sg,f,5.38,sg,m,5.17,see
the boy sees the girl behind the king.,behind,peripheral,sg,m,5.17,sg,f,5.38,sg,m,5.17,see
the boy behind the king sees the girl.,behind,center_embedding,sg,m,5.17,sg,f,5.38,sg,m,5.17,see
the boy likes the girl near the king.,near,peripheral,sg,m,5.17,sg,f,5.38,sg,m,5.17,like
the boy near the king likes the girl.,near,center_embedding,sg,m,5.17,sg,f,5.38,sg,m,5.17,like
the boy likes the girl behind the king.,behind,peripheral,sg,m,5.17,sg,f,5.38,sg,m,5.17,like
the boy behind the king likes the girl.,behind,center_embedding,sg,m,5.17,sg,f,5.38,sg,m,5.17,like
the boy sees the girl near the kings.,near,peripheral,sg,m,5.17,sg,f,5.38,pl,m,5.17,see
the boy near the kings sees the girl.,near,center_embedding,sg,m,5.17,sg,f,5.38,pl,m,5.17,see
the boy sees the girl behind the kings.,behind,peripheral,sg,m,5.17,sg,f,5.38,pl,m,5.17,see
the boy behind the kings sees the girl.,behind,center_embedding,sg,m,5.17,sg,f,5.38,pl,m,5.17,see
the boy likes the girl near the kings.,near,peripheral,sg,m,5.17,sg,f,5.38,pl,m,5.17,like
the boy near the kings likes the girl.,near,center_embedding,sg,m,5.17,sg,f,5.38,pl,m,5.17,like
the boy likes the girl behind the kings.,behind,peripheral,sg,m,5.17,sg,f,5.38,pl,m,5.17,like
the boy behind the kings likes the girl.,behind,center_embedding,sg,m,5.17,sg,f,5.38,pl,m,5.17,like
the boy sees the girls near the king.,near,peripheral,sg,m,5.17,pl,f,5.38,sg,m,5.17,see
the boy near the king sees the girls.,near,center_embedding,sg,m,5.17,pl,f,5.38,sg,m,5.17,see
the boy sees the girls behind the king.,behind,peripheral,sg,m,5.17,pl,f,5.38,sg,m,5.17,see
the boy behind the king sees the girls.,behind,center_embedding,sg,m,5.17,pl,f,5.38,sg,m,5.17,see
the boy likes the girls near the king.,near,peripheral,sg,m,5.17,pl,f,5.38,sg,m,5.17,like
the boy near the king likes the girls.,near,center_embedding,sg,m,5.17,pl,f,5.38,sg,m,5.17,like
the boy likes the girls behind the king.,behind,peripheral,sg,m,5.17,pl,f,5.38,sg,m,5.17,like
the boy behind the king likes the girls.,behind,center_embedding,sg,m,5.17,pl,f,5.38,sg,m,5.17,like
the boy sees the girls near the kings.,near,peripheral,sg,m,5.17,pl,f,5.38,pl,m,5.17,see
the boy near the kings sees the girls.,near,center_embedding,sg,m,5.17,pl,f,5.38,pl,m,5.17,see
the boy sees the girls behind the kings.,behind,peripheral,sg,m,5.17,pl,f,5.38,pl,m,5.17,see
the boy behind the kings sees the girls.,behind,center_embedding,sg,m,5.17,pl,f,5.38,pl,m,5.17,see
the boy likes the girls near the kings.,near,peripheral,sg,m,5.17,pl,f,5.38,pl,m,5.17,like
the boy near the kings likes the girls.,near,center_embedding,sg,m,5.17,pl,f,5.38,pl,m,5.17,like
the boy likes the girls behind the kings.,behind,peripheral,sg,m,5.17,pl,f,5.38,pl,m,5.17,like
the boy behind the kings likes the girls.,behind,center_embedding,sg,m,5.17,pl,f,5.38,pl,m,5.17,like
the boys see the girl near the king.,near,peripheral,pl,m,5.17,sg,f,5.38,sg,m,5.17,see
the boys near the king see the girl.,near,center_embedding,pl,m,5.17,sg,f,5.38,sg,m,5.17,see
the boys see the girl behind the king.,behind,peripheral,pl,m,5.17,sg,f,5.38,sg,m,5.17,see
the boys behind the king see the girl.,behind,center_embedding,pl,m,5.17,sg,f,5.38,sg,m,5.17,see
the boys like the girl near the king.,near,peripheral,pl,m,5.17,sg,f,5.38,sg,m,5.17,like
the boys near the king like the girl.,near,center_embedding,pl,m,5.17,sg,f,5.38,sg,m,5.17,like
the boys like the girl behind the king.,behind,peripheral,pl,m,5.17,sg,f,5.38,sg,m,5.17,like
the boys behind the king like the girl.,behind,center_embedding,pl,m,5.17,sg,f,5.38,sg,m,5.17,like
the boys see the girl near the kings.,near,peripheral,pl,m,5.17,sg,f,5.38,pl,m,5.17,see
the boys near the kings see the girl.,near,center_embedding,pl,m,5.17,sg,f,5.38,pl,m,5.17,see
the boys see the girl behind the kings.,behind,peripheral,pl,m,5.17,sg,f,5.38,pl,m,5.17,see
the boys behind the kings see the girl.,behind,center_embedding,pl,m,5.17,sg,f,5.38,pl,m,5.17,see
the boys like the girl near the kings.,near,peripheral,pl,m,5.17,sg,f,5.38,pl,m,5.17,like
the boys near the kings like the girl.,near,center_embedding,pl,m,5.17,sg,f,5.38,pl,m,5.17,like
the boys like the girl behind the kings.,behind,peripheral,pl,m,5.17,sg,f,5.38,pl,m,5.17,like
the boys behind the kings like the girl.,behind,center_embedding,pl,m,5.17,sg,f,5.38,pl,m,5.17,like
the boys see the girls near the king.,near,peripheral,pl,m,5.17,pl,f,5.38,sg,m,5.17,see
the boys near the king see the girls.,near,center_embedding,pl,m,5.17,pl,f,5.38,sg,m,5.17,see
the boys see the girls behind the king.,behind,peripheral,pl,m,5.17,pl,f,5.38,sg,m,5.17,see
the boys behind the king see the girls.,behind,center_embedding,pl,m,5.17,pl,f,5.38,sg,m,5.17,see
the boys like the girls near the king.,near,peripheral,pl,m,5.17,pl,f,5.38,sg,m,5.17,like
the boys near the king like the girls.,near,center_embedding,pl,m,5.17,pl,f,5.38,sg,m,5.17,like
the boys like the girls behind the king.,behind,peripheral,pl,m,5.17,pl,f,5.38,sg,m,5.17,like
the boys behind the king like the girls.,behind,center_embedding,pl,m,5.17,pl,f,5.38,sg,m,5.17,like
the boys see the girls near the kings.,near,peripheral,pl,m,5.17,pl,f,5.38,pl,m,5.17,see
the boys near the kings see the girls.,near,center_embedding,pl,m,5.17,pl,f,5.38,pl,m,5.17,see
the boys see the girls behind the kings.,behind,peripheral,pl,m,5.17,pl,f,5.38,pl,m,5.17,see
the boys behind the kings see the girls.,behind,center_embedding,pl,m,5.17,pl,f,5.38,pl,m,5.17,see
the boys like the girls near the kings.,near,peripheral,pl,m,5.17,pl,f,5.38,pl,m,5.17,like
the boys near the kings like the girls.,near,center_embedding,pl,m,5.17,pl,f,5.38,pl,m,5.17,like
the boys like the girls behind the kings.,behind,peripheral,pl,m,5.17,pl,f,5.38,pl,m,5.17,like
the boys behind the kings like the girls.,behind,center_embedding,pl,m,5.17,pl,f,5.38,pl,m,5.17,like
the boy sees the lady near the woman.,near,peripheral,sg,m,5.17,sg,f,4.95,sg,f,5.35,see
the boy near the woman sees the lady.,near,center_embedding,sg,m,5.17,sg,f,4.95,sg,f,5.35,see
the boy sees the lady behind the woman.,behind,peripheral,sg,m,5.17,sg,f,4.95,sg,f,5.35,see
the boy behind the woman sees the lady.,behind,center_embedding,sg,m,5.17,sg,f,4.95,sg,f,5.35,see
the boy likes the lady near the woman.,near,peripheral,sg,m,5.17,sg,f,4.95,sg,f,5.35,like
the boy near the woman likes the lady.,near,center_embedding,sg,m,5.17,sg,f,4.95,sg,f,5.35,like
the boy likes the lady behind the woman.,behind,peripheral,sg,m,5.17,sg,f,4.95,sg,f,5.35,like
the boy behind the woman likes the lady.,behind,center_embedding,sg,m,5.17,sg,f,4.95,sg,f,5.35,like
the boy sees the lady near the women.,near,peripheral,sg,m,5.17,sg,f,4.95,pl,f,5.35,see
the boy near the women sees the lady.,near,center_embedding,sg,m,5.17,sg,f,4.95,pl,f,5.35,see
the boy sees the lady behind the women.,behind,peripheral,sg,m,5.17,sg,f,4.95,pl,f,5.35,see
the boy behind the women sees the lady.,behind,center_embedding,sg,m,5.17,sg,f,4.95,pl,f,5.35,see
the boy likes the lady near the women.,near,peripheral,sg,m,5.17,sg,f,4.95,pl,f,5.35,like
the boy near the women likes the lady.,near,center_embedding,sg,m,5.17,sg,f,4.95,pl,f,5.35,like
the boy likes the lady behind the women.,behind,peripheral,sg,m,5.17,sg,f,4.95,pl,f,5.35,like
the boy behind the women likes the lady.,behind,center_embedding,sg,m,5.17,sg,f,4.95,pl,f,5.35,like
the boy sees the ladies near the woman.,near,peripheral,sg,m,5.17,pl,f,4.95,sg,f,5.35,see
the boy near the woman sees the ladies.,near,center_embedding,sg,m,5.17,pl,f,4.95,sg,f,5.35,see
the boy sees the ladies behind the woman.,behind,peripheral,sg,m,5.17,pl,f,4.95,sg,f,5.35,see
the boy behind the woman sees the ladies.,behind,center_embedding,sg,m,5.17,pl,f,4.95,sg,f,5.35,see
the boy likes the ladies near the woman.,near,peripheral,sg,m,5.17,pl,f,4.95,sg,f,5.35,like
the boy near the woman likes the ladies.,near,center_embedding,sg,m,5.17,pl,f,4.95,sg,f,5.35,like
the boy likes the ladies behind the woman.,behind,peripheral,sg,m,5.17,pl,f,4.95,sg,f,5.35,like
the boy behind the woman likes the ladies.,behind,center_embedding,sg,m,5.17,pl,f,4.95,sg,f,5.35,like
the boy sees the ladies near the women.,near,peripheral,sg,m,5.17,pl,f,4.95,pl,f,5.35,see
the boy near the women sees the ladies.,near,center_embedding,sg,m,5.17,pl,f,4.95,pl,f,5.35,see
the boy sees the ladies behind the women.,behind,peripheral,sg,m,5.17,pl,f,4.95,pl,f,5.35,see
the boy behind the women sees the ladies.,behind,center_embedding,sg,m,5.17,pl,f,4.95,pl,f,5.35,see
the boy likes the ladies near the women.,near,peripheral,sg,m,5.17,pl,f,4.95,pl,f,5.35,like
the boy near the women likes the ladies.,near,center_embedding,sg,m,5.17,pl,f,4.95,pl,f,5.35,like
the boy likes the ladies behind the women.,behind,peripheral,sg,m,5.17,pl,f,4.95,pl,f,5.35,like
the boy behind the women likes the ladies.,behind,center_embedding,sg,m,5.17,pl,f,4.95,pl,f,5.35,like
the boys see the lady near the woman.,near,peripheral,pl,m,5.17,sg,f,4.95,sg,f,5.35,see
the boys near the woman see the lady.,near,center_embedding,pl,m,5.17,sg,f,4.95,sg,f,5.35,see
the boys see the lady behind the woman.,behind,peripheral,pl,m,5.17,sg,f,4.95,sg,f,5.35,see
the boys behind the woman see the lady.,behind,center_embedding,pl,m,5.17,sg,f,4.95,sg,f,5.35,see
the boys like the lady near the woman.,near,peripheral,pl,m,5.17,sg,f,4.95,sg,f,5.35,like
the boys near the woman like the lady.,near,center_embedding,pl,m,5.17,sg,f,4.95,sg,f,5.35,like
the boys like the lady behind the woman.,behind,peripheral,pl,m,5.17,sg,f,4.95,sg,f,5.35,like
the boys behind the woman like the lady.,behind,center_embedding,pl,m,5.17,sg,f,4.95,sg,f,5.35,like
the boys see the lady near the women.,near,peripheral,pl,m,5.17,sg,f,4.95,pl,f,5.35,see
the boys near the women see the lady.,near,center_embedding,pl,m,5.17,sg,f,4.95,pl,f,5.35,see
the boys see the lady behind the women.,behind,peripheral,pl,m,5.17,sg,f,4.95,pl,f,5.35,see
the boys behind the women see the lady.,behind,center_embedding,pl,m,5.17,sg,f,4.95,pl,f,5.35,see
the boys like the lady near the women.,near,peripheral,pl,m,5.17,sg,f,4.95,pl,f,5.35,like
the boys near the women like the lady.,near,center_embedding,pl,m,5.17,sg,f,4.95,pl,f,5.35,like
the boys like the lady behind the women.,behind,peripheral,pl,m,5.17,sg,f,4.95,pl,f,5.35,like
the boys behind the women like the lady.,behind,center_embedding,pl,m,5.17,sg,f,4.95,pl,f,5.35,like
the boys see the ladies near the woman.,near,peripheral,pl,m,5.17,pl,f,4.95,sg,f,5.35,see
the boys near the woman see the ladies.,near,center_embedding,pl,m,5.17,pl,f,4.95,sg,f,5.35,see
the boys see the ladies behind the woman.,behind,peripheral,pl,m,5.17,pl,f,4.95,sg,f,5.35,see
the boys behind the woman see the ladies.,behind,center_embedding,pl,m,5.17,pl,f,4.95,sg,f,5.35,see
the boys like the ladies near the woman.,near,peripheral,pl,m,5.17,pl,f,4.95,sg,f,5.35,like
the boys near the woman like the ladies.,near,center_embedding,pl,m,5.17,pl,f,4.95,sg,f,5.35,like
the boys like the ladies behind the woman.,behind,peripheral,pl,m,5.17,pl,f,4.95,sg,f,5.35,like
the boys behind the woman like the ladies.,behind,center_embedding,pl,m,5.17,pl,f,4.95,sg,f,5.35,like
the boys see the ladies near the women.,near,peripheral,pl,m,5.17,pl,f,4.95,pl,f,5.35,see
the boys near the women see the ladies.,near,center_embedding,pl,m,5.17,pl,f,4.95,pl,f,5.35,see
the boys see the ladies behind the women.,behind,peripheral,pl,m,5.17,pl,f,4.95,pl,f,5.35,see
the boys behind the women see the ladies.,behind,center_embedding,pl,m,5.17,pl,f,4.95,pl,f,5.35,see
the boys like the ladies near the women.,near,peripheral,pl,m,5.17,pl,f,4.95,pl,f,5.35,like
the boys near the women like the ladies.,near,center_embedding,pl,m,5.17,pl,f,4.95,pl,f,5.35,like
the boys like the ladies behind the women.,behind,peripheral,pl,m,5.17,pl,f,4.95,pl,f,5.35,like
the boys behind the women like the ladies.,behind,center_embedding,pl,m,5.17,pl,f,4.95,pl,f,5.35,like
the boy sees the lady near the girl.,near,peripheral,sg,m,5.17,sg,f,4.95,sg,f,5.38,see
the boy near the girl sees the lady.,near,center_embedding,sg,m,5.17,sg,f,4.95,sg,f,5.38,see
the boy sees the lady behind the girl.,behind,peripheral,sg,m,5.17,sg,f,4.95,sg,f,5.38,see
the boy behind the girl sees the lady.,behind,center_embedding,sg,m,5.17,sg,f,4.95,sg,f,5.38,see
the boy likes the lady near the girl.,near,peripheral,sg,m,5.17,sg,f,4.95,sg,f,5.38,like
the boy near the girl likes the lady.,near,center_embedding,sg,m,5.17,sg,f,4.95,sg,f,5.38,like
the boy likes the lady behind the girl.,behind,peripheral,sg,m,5.17,sg,f,4.95,sg,f,5.38,like
the boy behind the girl likes the lady.,behind,center_embedding,sg,m,5.17,sg,f,4.95,sg,f,5.38,like
the boy sees the lady near the girls.,near,peripheral,sg,m,5.17,sg,f,4.95,pl,f,5.38,see
the boy near the girls sees the lady.,near,center_embedding,sg,m,5.17,sg,f,4.95,pl,f,5.38,see
the boy sees the lady behind the girls.,behind,peripheral,sg,m,5.17,sg,f,4.95,pl,f,5.38,see
the boy behind the girls sees the lady.,behind,center_embedding,sg,m,5.17,sg,f,4.95,pl,f,5.38,see
the boy likes the lady near the girls.,near,peripheral,sg,m,5.17,sg,f,4.95,pl,f,5.38,like
the boy near the girls likes the lady.,near,center_embedding,sg,m,5.17,sg,f,4.95,pl,f,5.38,like
the boy likes the lady behind the girls.,behind,peripheral,sg,m,5.17,sg,f,4.95,pl,f,5.38,like
the boy behind the girls likes the lady.,behind,center_embedding,sg,m,5.17,sg,f,4.95,pl,f,5.38,like
the boy sees the ladies near the girl.,near,peripheral,sg,m,5.17,pl,f,4.95,sg,f,5.38,see
the boy near the girl sees the ladies.,near,center_embedding,sg,m,5.17,pl,f,4.95,sg,f,5.38,see
the boy sees the ladies behind the girl.,behind,peripheral,sg,m,5.17,pl,f,4.95,sg,f,5.38,see
the boy behind the girl sees the ladies.,behind,center_embedding,sg,m,5.17,pl,f,4.95,sg,f,5.38,see
the boy likes the ladies near the girl.,near,peripheral,sg,m,5.17,pl,f,4.95,sg,f,5.38,like
the boy near the girl likes the ladies.,near,center_embedding,sg,m,5.17,pl,f,4.95,sg,f,5.38,like
the boy likes the ladies behind the girl.,behind,peripheral,sg,m,5.17,pl,f,4.95,sg,f,5.38,like
the boy behind the girl likes the ladies.,behind,center_embedding,sg,m,5.17,pl,f,4.95,sg,f,5.38,like
the boy sees the ladies near the girls.,near,peripheral,sg,m,5.17,pl,f,4.95,pl,f,5.38,see
the boy near the girls sees the ladies.,near,center_embedding,sg,m,5.17,pl,f,4.95,pl,f,5.38,see
the boy sees the ladies behind the girls.,behind,peripheral,sg,m,5.17,pl,f,4.95,pl,f,5.38,see
the boy behind the girls sees the ladies.,behind,center_embedding,sg,m,5.17,pl,f,4.95,pl,f,5.38,see
the boy likes the ladies near the girls.,near,peripheral,sg,m,5.17,pl,f,4.95,pl,f,5.38,like
the boy near the girls likes the ladies.,near,center_embedding,sg,m,5.17,pl,f,4.95,pl,f,5.38,like
the boy likes the ladies behind the girls.,behind,peripheral,sg,m,5.17,pl,f,4.95,pl,f,5.38,like
the boy behind the girls likes the ladies.,behind,center_embedding,sg,m,5.17,pl,f,4.95,pl,f,5.38,like
the boys see the lady near the girl.,near,peripheral,pl,m,5.17,sg,f,4.95,sg,f,5.38,see
the boys near the girl see the lady.,near,center_embedding,pl,m,5.17,sg,f,4.95,sg,f,5.38,see
the boys see the lady behind the girl.,behind,peripheral,pl,m,5.17,sg,f,4.95,sg,f,5.38,see
the boys behind the girl see the lady.,behind,center_embedding,pl,m,5.17,sg,f,4.95,sg,f,5.38,see
the boys like the lady near the girl.,near,peripheral,pl,m,5.17,sg,f,4.95,sg,f,5.38,like
the boys near the girl like the lady.,near,center_embedding,pl,m,5.17,sg,f,4.95,sg,f,5.38,like
the boys like the lady behind the girl.,behind,peripheral,pl,m,5.17,sg,f,4.95,sg,f,5.38,like
the boys behind the girl like the lady.,behind,center_embedding,pl,m,5.17,sg,f,4.95,sg,f,5.38,like
the boys see the lady near the girls.,near,peripheral,pl,m,5.17,sg,f,4.95,pl,f,5.38,see
the boys near the girls see the lady.,near,center_embedding,pl,m,5.17,sg,f,4.95,pl,f,5.38,see
the boys see the lady behind the girls.,behind,peripheral,pl,m,5.17,sg,f,4.95,pl,f,5.38,see
the boys behind the girls see the lady.,behind,center_embedding,pl,m,5.17,sg,f,4.95,pl,f,5.38,see
the boys like the lady near the girls.,near,peripheral,pl,m,5.17,sg,f,4.95,pl,f,5.38,like
the boys near the girls like the lady.,near,center_embedding,pl,m,5.17,sg,f,4.95,pl,f,5.38,like
the boys like the lady behind the girls.,behind,peripheral,pl,m,5.17,sg,f,4.95,pl,f,5.38,like
the boys behind the girls like the lady.,behind,center_embedding,pl,m,5.17,sg,f,4.95,pl,f,5.38,like
the boys see the ladies near the girl.,near,peripheral,pl,m,5.17,pl,f,4.95,sg,f,5.38,see
the boys near the girl see the ladies.,near,center_embedding,pl,m,5.17,pl,f,4.95,sg,f,5.38,see
the boys see the ladies behind the girl.,behind,peripheral,pl,m,5.17,pl,f,4.95,sg,f,5.38,see
the boys behind the girl see the ladies.,behind,center_embedding,pl,m,5.17,pl,f,4.95,sg,f,5.38,see
the boys like the ladies near the girl.,near,peripheral,pl,m,5.17,pl,f,4.95,sg,f,5.38,like
the boys near the girl like the ladies.,near,center_embedding,pl,m,5.17,pl,f,4.95,sg,f,5.38,like
the boys like the ladies behind the girl.,behind,peripheral,pl,m,5.17,pl,f,4.95,sg,f,5.38,like
the boys behind the girl like the ladies.,behind,center_embedding,pl,m,5.17,pl,f,4.95,sg,f,5.38,like
the boys see the ladies near the girls.,near,peripheral,pl,m,5.17,pl,f,4.95,pl,f,5.38,see
the boys near the girls see the ladies.,near,center_embedding,pl,m,5.17,pl,f,4.95,pl,f,5.38,see
the boys see the ladies behind the girls.,behind,peripheral,pl,m,5.17,pl,f,4.95,pl,f,5.38,see
the boys behind the girls see the ladies.,behind,center_embedding,pl,m,5.17,pl,f,4.95,pl,f,5.38,see
the boys like the ladies near the girls.,near,peripheral,pl,m,5.17,pl,f,4.95,pl,f,5.38,like
the boys near the girls like the ladies.,near,center_embedding,pl,m,5.17,pl,f,4.95,pl,f,5.38,like
the boys like the ladies behind the girls.,behind,peripheral,pl,m,5.17,pl,f,4.95,pl,f,5.38,like
the boys behind the girls like the ladies.,behind,center_embedding,pl,m,5.17,pl,f,4.95,pl,f,5.38,like
the boy sees the lady near the man.,near,peripheral,sg,m,5.17,sg,f,4.95,sg,m,5.82,see
the boy near the man sees the lady.,near,center_embedding,sg,m,5.17,sg,f,4.95,sg,m,5.82,see
the boy sees the lady behind the man.,behind,peripheral,sg,m,5.17,sg,f,4.95,sg,m,5.82,see
the boy behind the man sees the lady.,behind,center_embedding,sg,m,5.17,sg,f,4.95,sg,m,5.82,see
the boy likes the lady near the man.,near,peripheral,sg,m,5.17,sg,f,4.95,sg,m,5.82,like
the boy near the man likes the lady.,near,center_embedding,sg,m,5.17,sg,f,4.95,sg,m,5.82,like
the boy likes the lady behind the man.,behind,peripheral,sg,m,5.17,sg,f,4.95,sg,m,5.82,like
the boy behind the man likes the lady.,behind,center_embedding,sg,m,5.17,sg,f,4.95,sg,m,5.82,like
the boy sees the lady near the men.,near,peripheral,sg,m,5.17,sg,f,4.95,pl,m,5.82,see
the boy near the men sees the lady.,near,center_embedding,sg,m,5.17,sg,f,4.95,pl,m,5.82,see
the boy sees the lady behind the men.,behind,peripheral,sg,m,5.17,sg,f,4.95,pl,m,5.82,see
the boy behind the men sees the lady.,behind,center_embedding,sg,m,5.17,sg,f,4.95,pl,m,5.82,see
the boy likes the lady near the men.,near,peripheral,sg,m,5.17,sg,f,4.95,pl,m,5.82,like
the boy near the men likes the lady.,near,center_embedding,sg,m,5.17,sg,f,4.95,pl,m,5.82,like
the boy likes the lady behind the men.,behind,peripheral,sg,m,5.17,sg,f,4.95,pl,m,5.82,like
the boy behind the men likes the lady.,behind,center_embedding,sg,m,5.17,sg,f,4.95,pl,m,5.82,like
the boy sees the ladies near the man.,near,peripheral,sg,m,5.17,pl,f,4.95,sg,m,5.82,see
the boy near the man sees the ladies.,near,center_embedding,sg,m,5.17,pl,f,4.95,sg,m,5.82,see
the boy sees the ladies behind the man.,behind,peripheral,sg,m,5.17,pl,f,4.95,sg,m,5.82,see
the boy behind the man sees the ladies.,behind,center_embedding,sg,m,5.17,pl,f,4.95,sg,m,5.82,see
the boy likes the ladies near the man.,near,peripheral,sg,m,5.17,pl,f,4.95,sg,m,5.82,like
the boy near the man likes the ladies.,near,center_embedding,sg,m,5.17,pl,f,4.95,sg,m,5.82,like
the boy likes the ladies behind the man.,behind,peripheral,sg,m,5.17,pl,f,4.95,sg,m,5.82,like
the boy behind the man likes the ladies.,behind,center_embedding,sg,m,5.17,pl,f,4.95,sg,m,5.82,like
the boy sees the ladies near the men.,near,peripheral,sg,m,5.17,pl,f,4.95,pl,m,5.82,see
the boy near the men sees the ladies.,near,center_embedding,sg,m,5.17,pl,f,4.95,pl,m,5.82,see
the boy sees the ladies behind the men.,behind,peripheral,sg,m,5.17,pl,f,4.95,pl,m,5.82,see
the boy behind the men sees the ladies.,behind,center_embedding,sg,m,5.17,pl,f,4.95,pl,m,5.82,see
the boy likes the ladies near the men.,near,peripheral,sg,m,5.17,pl,f,4.95,pl,m,5.82,like
the boy near the men likes the ladies.,near,center_embedding,sg,m,5.17,pl,f,4.95,pl,m,5.82,like
the boy likes the ladies behind the men.,behind,peripheral,sg,m,5.17,pl,f,4.95,pl,m,5.82,like
the boy behind the men likes the ladies.,behind,center_embedding,sg,m,5.17,pl,f,4.95,pl,m,5.82,like
the boys see the lady near the man.,near,peripheral,pl,m,5.17,sg,f,4.95,sg,m,5.82,see
the boys near the man see the lady.,near,center_embedding,pl,m,5.17,sg,f,4.95,sg,m,5.82,see
the boys see the lady behind the man.,behind,peripheral,pl,m,5.17,sg,f,4.95,sg,m,5.82,see
the boys behind the man see the lady.,behind,center_embedding,pl,m,5.17,sg,f,4.95,sg,m,5.82,see
the boys like the lady near the man.,near,peripheral,pl,m,5.17,sg,f,4.95,sg,m,5.82,like
the boys near the man like the lady.,near,center_embedding,pl,m,5.17,sg,f,4.95,sg,m,5.82,like
the boys like the lady behind the man.,behind,peripheral,pl,m,5.17,sg,f,4.95,sg,m,5.82,like
the boys behind the man like the lady.,behind,center_embedding,pl,m,5.17,sg,f,4.95,sg,m,5.82,like
the boys see the lady near the men.,near,peripheral,pl,m,5.17,sg,f,4.95,pl,m,5.82,see
the boys near the men see the lady.,near,center_embedding,pl,m,5.17,sg,f,4.95,pl,m,5.82,see
the boys see the lady behind the men.,behind,peripheral,pl,m,5.17,sg,f,4.95,pl,m,5.82,see
the boys behind the men see the lady.,behind,center_embedding,pl,m,5.17,sg,f,4.95,pl,m,5.82,see
the boys like the lady near the men.,near,peripheral,pl,m,5.17,sg,f,4.95,pl,m,5.82,like
the boys near the men like the lady.,near,center_embedding,pl,m,5.17,sg,f,4.95,pl,m,5.82,like
the boys like the lady behind the men.,behind,peripheral,pl,m,5.17,sg,f,4.95,pl,m,5.82,like
the boys behind the men like the lady.,behind,center_embedding,pl,m,5.17,sg,f,4.95,pl,m,5.82,like
the boys see the ladies near the man.,near,peripheral,pl,m,5.17,pl,f,4.95,sg,m,5.82,see
the boys near the man see the ladies.,near,center_embedding,pl,m,5.17,pl,f,4.95,sg,m,5.82,see
the boys see the ladies behind the man.,behind,peripheral,pl,m,5.17,pl,f,4.95,sg,m,5.82,see
the boys behind the man see the ladies.,behind,center_embedding,pl,m,5.17,pl,f,4.95,sg,m,5.82,see
the boys like the ladies near the man.,near,peripheral,pl,m,5.17,pl,f,4.95,sg,m,5.82,like
the boys near the man like the ladies.,near,center_embedding,pl,m,5.17,pl,f,4.95,sg,m,5.82,like
the boys like the ladies behind the man.,behind,peripheral,pl,m,5.17,pl,f,4.95,sg,m,5.82,like
the boys behind the man like the ladies.,behind,center_embedding,pl,m,5.17,pl,f,4.95,sg,m,5.82,like
the boys see the ladies near the men.,near,peripheral,pl,m,5.17,pl,f,4.95,pl,m,5.82,see
the boys near the men see the ladies.,near,center_embedding,pl,m,5.17,pl,f,4.95,pl,m,5.82,see
the boys see the ladies behind the men.,behind,peripheral,pl,m,5.17,pl,f,4.95,pl,m,5.82,see
the boys behind the men see the ladies.,behind,center_embedding,pl,m,5.17,pl,f,4.95,pl,m,5.82,see
the boys like the ladies near the men.,near,peripheral,pl,m,5.17,pl,f,4.95,pl,m,5.82,like
the boys near the men like the ladies.,near,center_embedding,pl,m,5.17,pl,f,4.95,pl,m,5.82,like
the boys like the ladies behind the men.,behind,peripheral,pl,m,5.17,pl,f,4.95,pl,m,5.82,like
the boys behind the men like the ladies.,behind,center_embedding,pl,m,5.17,pl,f,4.95,pl,m,5.82,like
the boy sees the lady near the king.,near,peripheral,sg,m,5.17,sg,f,4.95,sg,m,5.17,see
the boy near the king sees the lady.,near,center_embedding,sg,m,5.17,sg,f,4.95,sg,m,5.17,see
the boy sees the lady behind the king.,behind,peripheral,sg,m,5.17,sg,f,4.95,sg,m,5.17,see
the boy behind the king sees the lady.,behind,center_embedding,sg,m,5.17,sg,f,4.95,sg,m,5.17,see
the boy likes the lady near the king.,near,peripheral,sg,m,5.17,sg,f,4.95,sg,m,5.17,like
the boy near the king likes the lady.,near,center_embedding,sg,m,5.17,sg,f,4.95,sg,m,5.17,like
the boy likes the lady behind the king.,behind,peripheral,sg,m,5.17,sg,f,4.95,sg,m,5.17,like
the boy behind the king likes the lady.,behind,center_embedding,sg,m,5.17,sg,f,4.95,sg,m,5.17,like
the boy sees the lady near the kings.,near,peripheral,sg,m,5.17,sg,f,4.95,pl,m,5.17,see
the boy near the kings sees the lady.,near,center_embedding,sg,m,5.17,sg,f,4.95,pl,m,5.17,see
the boy sees the lady behind the kings.,behind,peripheral,sg,m,5.17,sg,f,4.95,pl,m,5.17,see
the boy behind the kings sees the lady.,behind,center_embedding,sg,m,5.17,sg,f,4.95,pl,m,5.17,see
the boy likes the lady near the kings.,near,peripheral,sg,m,5.17,sg,f,4.95,pl,m,5.17,like
the boy near the kings likes the lady.,near,center_embedding,sg,m,5.17,sg,f,4.95,pl,m,5.17,like
the boy likes the lady behind the kings.,behind,peripheral,sg,m,5.17,sg,f,4.95,pl,m,5.17,like
the boy behind the kings likes the lady.,behind,center_embedding,sg,m,5.17,sg,f,4.95,pl,m,5.17,like
the boy sees the ladies near the king.,near,peripheral,sg,m,5.17,pl,f,4.95,sg,m,5.17,see
the boy near the king sees the ladies.,near,center_embedding,sg,m,5.17,pl,f,4.95,sg,m,5.17,see
the boy sees the ladies behind the king.,behind,peripheral,sg,m,5.17,pl,f,4.95,sg,m,5.17,see
the boy behind the king sees the ladies.,behind,center_embedding,sg,m,5.17,pl,f,4.95,sg,m,5.17,see
the boy likes the ladies near the king.,near,peripheral,sg,m,5.17,pl,f,4.95,sg,m,5.17,like
the boy near the king likes the ladies.,near,center_embedding,sg,m,5.17,pl,f,4.95,sg,m,5.17,like
the boy likes the ladies behind the king.,behind,peripheral,sg,m,5.17,pl,f,4.95,sg,m,5.17,like
the boy behind the king likes the ladies.,behind,center_embedding,sg,m,5.17,pl,f,4.95,sg,m,5.17,like
the boy sees the ladies near the kings.,near,peripheral,sg,m,5.17,pl,f,4.95,pl,m,5.17,see
the boy near the kings sees the ladies.,near,center_embedding,sg,m,5.17,pl,f,4.95,pl,m,5.17,see
the boy sees the ladies behind the kings.,behind,peripheral,sg,m,5.17,pl,f,4.95,pl,m,5.17,see
the boy behind the kings sees the ladies.,behind,center_embedding,sg,m,5.17,pl,f,4.95,pl,m,5.17,see
the boy likes the ladies near the kings.,near,peripheral,sg,m,5.17,pl,f,4.95,pl,m,5.17,like
the boy near the kings likes the ladies.,near,center_embedding,sg,m,5.17,pl,f,4.95,pl,m,5.17,like
the boy likes the ladies behind the kings.,behind,peripheral,sg,m,5.17,pl,f,4.95,pl,m,5.17,like
the boy behind the kings likes the ladies.,behind,center_embedding,sg,m,5.17,pl,f,4.95,pl,m,5.17,like
the boys see the lady near the king.,near,peripheral,pl,m,5.17,sg,f,4.95,sg,m,5.17,see
the boys near the king see the lady.,near,center_embedding,pl,m,5.17,sg,f,4.95,sg,m,5.17,see
the boys see the lady behind the king.,behind,peripheral,pl,m,5.17,sg,f,4.95,sg,m,5.17,see
the boys behind the king see the lady.,behind,center_embedding,pl,m,5.17,sg,f,4.95,sg,m,5.17,see
the boys like the lady near the king.,near,peripheral,pl,m,5.17,sg,f,4.95,sg,m,5.17,like
the boys near the king like the lady.,near,center_embedding,pl,m,5.17,sg,f,4.95,sg,m,5.17,like
the boys like the lady behind the king.,behind,peripheral,pl,m,5.17,sg,f,4.95,sg,m,5.17,like
the boys behind the king like the lady.,behind,center_embedding,pl,m,5.17,sg,f,4.95,sg,m,5.17,like
the boys see the lady near the kings.,near,peripheral,pl,m,5.17,sg,f,4.95,pl,m,5.17,see
the boys near the kings see the lady.,near,center_embedding,pl,m,5.17,sg,f,4.95,pl,m,5.17,see
the boys see the lady behind the kings.,behind,peripheral,pl,m,5.17,sg,f,4.95,pl,m,5.17,see
the boys behind the kings see the lady.,behind,center_embedding,pl,m,5.17,sg,f,4.95,pl,m,5.17,see
the boys like the lady near the kings.,near,peripheral,pl,m,5.17,sg,f,4.95,pl,m,5.17,like
the boys near the kings like the lady.,near,center_embedding,pl,m,5.17,sg,f,4.95,pl,m,5.17,like
the boys like the lady behind the kings.,behind,peripheral,pl,m,5.17,sg,f,4.95,pl,m,5.17,like
the boys behind the kings like the lady.,behind,center_embedding,pl,m,5.17,sg,f,4.95,pl,m,5.17,like
the boys see the ladies near the king.,near,peripheral,pl,m,5.17,pl,f,4.95,sg,m,5.17,see
the boys near the king see the ladies.,near,center_embedding,pl,m,5.17,pl,f,4.95,sg,m,5.17,see
the boys see the ladies behind the king.,behind,peripheral,pl,m,5.17,pl,f,4.95,sg,m,5.17,see
the boys behind the king see the ladies.,behind,center_embedding,pl,m,5.17,pl,f,4.95,sg,m,5.17,see
the boys like the ladies near the king.,near,peripheral,pl,m,5.17,pl,f,4.95,sg,m,5.17,like
the boys near the king like the ladies.,near,center_embedding,pl,m,5.17,pl,f,4.95,sg,m,5.17,like
the boys like the ladies behind the king.,behind,peripheral,pl,m,5.17,pl,f,4.95,sg,m,5.17,like
the boys behind the king like the ladies.,behind,center_embedding,pl,m,5.17,pl,f,4.95,sg,m,5.17,like
the boys see the ladies near the kings.,near,peripheral,pl,m,5.17,pl,f,4.95,pl,m,5.17,see
the boys near the kings see the ladies.,near,center_embedding,pl,m,5.17,pl,f,4.95,pl,m,5.17,see
the boys see the ladies behind the kings.,behind,peripheral,pl,m,5.17,pl,f,4.95,pl,m,5.17,see
the boys behind the kings see the ladies.,behind,center_embedding,pl,m,5.17,pl,f,4.95,pl,m,5.17,see
the boys like the ladies near the kings.,near,peripheral,pl,m,5.17,pl,f,4.95,pl,m,5.17,like
the boys near the kings like the ladies.,near,center_embedding,pl,m,5.17,pl,f,4.95,pl,m,5.17,like
the boys like the ladies behind the kings.,behind,peripheral,pl,m,5.17,pl,f,4.95,pl,m,5.17,like
the boys behind the kings like the ladies.,behind,center_embedding,pl,m,5.17,pl,f,4.95,pl,m,5.17,like
the boy sees the man near the woman.,near,peripheral,sg,m,5.17,sg,m,5.82,sg,f,5.35,see
the boy near the woman sees the man.,near,center_embedding,sg,m,5.17,sg,m,5.82,sg,f,5.35,see
the boy sees the man behind the woman.,behind,peripheral,sg,m,5.17,sg,m,5.82,sg,f,5.35,see
the boy behind the woman sees the man.,behind,center_embedding,sg,m,5.17,sg,m,5.82,sg,f,5.35,see
the boy likes the man near the woman.,near,peripheral,sg,m,5.17,sg,m,5.82,sg,f,5.35,like
the boy near the woman likes the man.,near,center_embedding,sg,m,5.17,sg,m,5.82,sg,f,5.35,like
the boy likes the man behind the woman.,behind,peripheral,sg,m,5.17,sg,m,5.82,sg,f,5.35,like
the boy behind the woman likes the man.,behind,center_embedding,sg,m,5.17,sg,m,5.82,sg,f,5.35,like
the boy sees the man near the women.,near,peripheral,sg,m,5.17,sg,m,5.82,pl,f,5.35,see
the boy near the women sees the man.,near,center_embedding,sg,m,5.17,sg,m,5.82,pl,f,5.35,see
the boy sees the man behind the women.,behind,peripheral,sg,m,5.17,sg,m,5.82,pl,f,5.35,see
the boy behind the women sees the man.,behind,center_embedding,sg,m,5.17,sg,m,5.82,pl,f,5.35,see
the boy likes the man near the women.,near,peripheral,sg,m,5.17,sg,m,5.82,pl,f,5.35,like
the boy near the women likes the man.,near,center_embedding,sg,m,5.17,sg,m,5.82,pl,f,5.35,like
the boy likes the man behind the women.,behind,peripheral,sg,m,5.17,sg,m,5.82,pl,f,5.35,like
the boy behind the women likes the man.,behind,center_embedding,sg,m,5.17,sg,m,5.82,pl,f,5.35,like
the boy sees the men near the woman.,near,peripheral,sg,m,5.17,pl,m,5.82,sg,f,5.35,see
the boy near the woman sees the men.,near,center_embedding,sg,m,5.17,pl,m,5.82,sg,f,5.35,see
the boy sees the men behind the woman.,behind,peripheral,sg,m,5.17,pl,m,5.82,sg,f,5.35,see
the boy behind the woman sees the men.,behind,center_embedding,sg,m,5.17,pl,m,5.82,sg,f,5.35,see
the boy likes the men near the woman.,near,peripheral,sg,m,5.17,pl,m,5.82,sg,f,5.35,like
the boy near the woman likes the men.,near,center_embedding,sg,m,5.17,pl,m,5.82,sg,f,5.35,like
the boy likes the men behind the woman.,behind,peripheral,sg,m,5.17,pl,m,5.82,sg,f,5.35,like
the boy behind the woman likes the men.,behind,center_embedding,sg,m,5.17,pl,m,5.82,sg,f,5.35,like
the boy sees the men near the women.,near,peripheral,sg,m,5.17,pl,m,5.82,pl,f,5.35,see
the boy near the women sees the men.,near,center_embedding,sg,m,5.17,pl,m,5.82,pl,f,5.35,see
the boy sees the men behind the women.,behind,peripheral,sg,m,5.17,pl,m,5.82,pl,f,5.35,see
the boy behind the women sees the men.,behind,center_embedding,sg,m,5.17,pl,m,5.82,pl,f,5.35,see
the boy likes the men near the women.,near,peripheral,sg,m,5.17,pl,m,5.82,pl,f,5.35,like
the boy near the women likes the men.,near,center_embedding,sg,m,5.17,pl,m,5.82,pl,f,5.35,like
the boy likes the men behind the women.,behind,peripheral,sg,m,5.17,pl,m,5.82,pl,f,5.35,like
the boy behind the women likes the men.,behind,center_embedding,sg,m,5.17,pl,m,5.82,pl,f,5.35,like
the boys see the man near the woman.,near,peripheral,pl,m,5.17,sg,m,5.82,sg,f,5.35,see
the boys near the woman see the man.,near,center_embedding,pl,m,5.17,sg,m,5.82,sg,f,5.35,see
the boys see the man behind the woman.,behind,peripheral,pl,m,5.17,sg,m,5.82,sg,f,5.35,see
the boys behind the woman see the man.,behind,center_embedding,pl,m,5.17,sg,m,5.82,sg,f,5.35,see
the boys like the man near the woman.,near,peripheral,pl,m,5.17,sg,m,5.82,sg,f,5.35,like
the boys near the woman like the man.,near,center_embedding,pl,m,5.17,sg,m,5.82,sg,f,5.35,like
the boys like the man behind the woman.,behind,peripheral,pl,m,5.17,sg,m,5.82,sg,f,5.35,like
the boys behind the woman like the man.,behind,center_embedding,pl,m,5.17,sg,m,5.82,sg,f,5.35,like
the boys see the man near the women.,near,peripheral,pl,m,5.17,sg,m,5.82,pl,f,5.35,see
the boys near the women see the man.,near,center_embedding,pl,m,5.17,sg,m,5.82,pl,f,5.35,see
the boys see the man behind the women.,behind,peripheral,pl,m,5.17,sg,m,5.82,pl,f,5.35,see
the boys behind the women see the man.,behind,center_embedding,pl,m,5.17,sg,m,5.82,pl,f,5.35,see
the boys like the man near the women.,near,peripheral,pl,m,5.17,sg,m,5.82,pl,f,5.35,like
the boys near the women like the man.,near,center_embedding,pl,m,5.17,sg,m,5.82,pl,f,5.35,like
the boys like the man behind the women.,behind,peripheral,pl,m,5.17,sg,m,5.82,pl,f,5.35,like
the boys behind the women like the man.,behind,center_embedding,pl,m,5.17,sg,m,5.82,pl,f,5.35,like
the boys see the men near the woman.,near,peripheral,pl,m,5.17,pl,m,5.82,sg,f,5.35,see
the boys near the woman see the men.,near,center_embedding,pl,m,5.17,pl,m,5.82,sg,f,5.35,see
the boys see the men behind the woman.,behind,peripheral,pl,m,5.17,pl,m,5.82,sg,f,5.35,see
the boys behind the woman see the men.,behind,center_embedding,pl,m,5.17,pl,m,5.82,sg,f,5.35,see
the boys like the men near the woman.,near,peripheral,pl,m,5.17,pl,m,5.82,sg,f,5.35,like
the boys near the woman like the men.,near,center_embedding,pl,m,5.17,pl,m,5.82,sg,f,5.35,like
the boys like the men behind the woman.,behind,peripheral,pl,m,5.17,pl,m,5.82,sg,f,5.35,like
the boys behind the woman like the men.,behind,center_embedding,pl,m,5.17,pl,m,5.82,sg,f,5.35,like
the boys see the men near the women.,near,peripheral,pl,m,5.17,pl,m,5.82,pl,f,5.35,see
the boys near the women see the men.,near,center_embedding,pl,m,5.17,pl,m,5.82,pl,f,5.35,see
the boys see the men behind the women.,behind,peripheral,pl,m,5.17,pl,m,5.82,pl,f,5.35,see
the boys behind the women see the men.,behind,center_embedding,pl,m,5.17,pl,m,5.82,pl,f,5.35,see
the boys like the men near the women.,near,peripheral,pl,m,5.17,pl,m,5.82,pl,f,5.35,like
the boys near the women like the men.,near,center_embedding,pl,m,5.17,pl,m,5.82,pl,f,5.35,like
the boys like the men behind the women.,behind,peripheral,pl,m,5.17,pl,m,5.82,pl,f,5.35,like
the boys behind the women like the men.,behind,center_embedding,pl,m,5.17,pl,m,5.82,pl,f,5.35,like
the boy sees the man near the girl.,near,peripheral,sg,m,5.17,sg,m,5.82,sg,f,5.38,see
the boy near the girl sees the man.,near,center_embedding,sg,m,5.17,sg,m,5.82,sg,f,5.38,see
the boy sees the man behind the girl.,behind,peripheral,sg,m,5.17,sg,m,5.82,sg,f,5.38,see
the boy behind the girl sees the man.,behind,center_embedding,sg,m,5.17,sg,m,5.82,sg,f,5.38,see
the boy likes the man near the girl.,near,peripheral,sg,m,5.17,sg,m,5.82,sg,f,5.38,like
the boy near the girl likes the man.,near,center_embedding,sg,m,5.17,sg,m,5.82,sg,f,5.38,like
the boy likes the man behind the girl.,behind,peripheral,sg,m,5.17,sg,m,5.82,sg,f,5.38,like
the boy behind the girl likes the man.,behind,center_embedding,sg,m,5.17,sg,m,5.82,sg,f,5.38,like
the boy sees the man near the girls.,near,peripheral,sg,m,5.17,sg,m,5.82,pl,f,5.38,see
the boy near the girls sees the man.,near,center_embedding,sg,m,5.17,sg,m,5.82,pl,f,5.38,see
the boy sees the man behind the girls.,behind,peripheral,sg,m,5.17,sg,m,5.82,pl,f,5.38,see
the boy behind the girls sees the man.,behind,center_embedding,sg,m,5.17,sg,m,5.82,pl,f,5.38,see
the boy likes the man near the girls.,near,peripheral,sg,m,5.17,sg,m,5.82,pl,f,5.38,like
the boy near the girls likes the man.,near,center_embedding,sg,m,5.17,sg,m,5.82,pl,f,5.38,like
the boy likes the man behind the girls.,behind,peripheral,sg,m,5.17,sg,m,5.82,pl,f,5.38,like
the boy behind the girls likes the man.,behind,center_embedding,sg,m,5.17,sg,m,5.82,pl,f,5.38,like
the boy sees the men near the girl.,near,peripheral,sg,m,5.17,pl,m,5.82,sg,f,5.38,see
the boy near the girl sees the men.,near,center_embedding,sg,m,5.17,pl,m,5.82,sg,f,5.38,see
the boy sees the men behind the girl.,behind,peripheral,sg,m,5.17,pl,m,5.82,sg,f,5.38,see
the boy behind the girl sees the men.,behind,center_embedding,sg,m,5.17,pl,m,5.82,sg,f,5.38,see
the boy likes the men near the girl.,near,peripheral,sg,m,5.17,pl,m,5.82,sg,f,5.38,like
the boy near the girl likes the men.,near,center_embedding,sg,m,5.17,pl,m,5.82,sg,f,5.38,like
the boy likes the men behind the girl.,behind,peripheral,sg,m,5.17,pl,m,5.82,sg,f,5.38,like
the boy behind the girl likes the men.,behind,center_embedding,sg,m,5.17,pl,m,5.82,sg,f,5.38,like
the boy sees the men near the girls.,near,peripheral,sg,m,5.17,pl,m,5.82,pl,f,5.38,see
the boy near the girls sees the men.,near,center_embedding,sg,m,5.17,pl,m,5.82,pl,f,5.38,see
the boy sees the men behind the girls.,behind,peripheral,sg,m,5.17,pl,m,5.82,pl,f,5.38,see
the boy behind the girls sees the men.,behind,center_embedding,sg,m,5.17,pl,m,5.82,pl,f,5.38,see
the boy likes the men near the girls.,near,peripheral,sg,m,5.17,pl,m,5.82,pl,f,5.38,like
the boy near the girls likes the men.,near,center_embedding,sg,m,5.17,pl,m,5.82,pl,f,5.38,like
the boy likes the men behind the girls.,behind,peripheral,sg,m,5.17,pl,m,5.82,pl,f,5.38,like
the boy behind the girls likes the men.,behind,center_embedding,sg,m,5.17,pl,m,5.82,pl,f,5.38,like
the boys see the man near the girl.,near,peripheral,pl,m,5.17,sg,m,5.82,sg,f,5.38,see
the boys near the girl see the man.,near,center_embedding,pl,m,5.17,sg,m,5.82,sg,f,5.38,see
the boys see the man behind the girl.,behind,peripheral,pl,m,5.17,sg,m,5.82,sg,f,5.38,see
the boys behind the girl see the man.,behind,center_embedding,pl,m,5.17,sg,m,5.82,sg,f,5.38,see
the boys like the man near the girl.,near,peripheral,pl,m,5.17,sg,m,5.82,sg,f,5.38,like
the boys near the girl like the man.,near,center_embedding,pl,m,5.17,sg,m,5.82,sg,f,5.38,like
the boys like the man behind the girl.,behind,peripheral,pl,m,5.17,sg,m,5.82,sg,f,5.38,like
the boys behind the girl like the man.,behind,center_embedding,pl,m,5.17,sg,m,5.82,sg,f,5.38,like
the boys see the man near the girls.,near,peripheral,pl,m,5.17,sg,m,5.82,pl,f,5.38,see
the boys near the girls see the man.,near,center_embedding,pl,m,5.17,sg,m,5.82,pl,f,5.38,see
the boys see the man behind the girls.,behind,peripheral,pl,m,5.17,sg,m,5.82,pl,f,5.38,see
the boys behind the girls see the man.,behind,center_embedding,pl,m,5.17,sg,m,5.82,pl,f,5.38,see
the boys like the man near the girls.,near,peripheral,pl,m,5.17,sg,m,5.82,pl,f,5.38,like
the boys near the girls like the man.,near,center_embedding,pl,m,5.17,sg,m,5.82,pl,f,5.38,like
the boys like the man behind the girls.,behind,peripheral,pl,m,5.17,sg,m,5.82,pl,f,5.38,like
the boys behind the girls like the man.,behind,center_embedding,pl,m,5.17,sg,m,5.82,pl,f,5.38,like
the boys see the men near the girl.,near,peripheral,pl,m,5.17,pl,m,5.82,sg,f,5.38,see
the boys near the girl see the men.,near,center_embedding,pl,m,5.17,pl,m,5.82,sg,f,5.38,see
the boys see the men behind the girl.,behind,peripheral,pl,m,5.17,pl,m,5.82,sg,f,5.38,see
the boys behind the girl see the men.,behind,center_embedding,pl,m,5.17,pl,m,5.82,sg,f,5.38,see
the boys like the men near the girl.,near,peripheral,pl,m,5.17,pl,m,5.82,sg,f,5.38,like
the boys near the girl like the men.,near,center_embedding,pl,m,5.17,pl,m,5.82,sg,f,5.38,like
the boys like the men behind the girl.,behind,peripheral,pl,m,5.17,pl,m,5.82,sg,f,5.38,like
the boys behind the girl like the men.,behind,center_embedding,pl,m,5.17,pl,m,5.82,sg,f,5.38,like
the boys see the men near the girls.,near,peripheral,pl,m,5.17,pl,m,5.82,pl,f,5.38,see
the boys near the girls see the men.,near,center_embedding,pl,m,5.17,pl,m,5.82,pl,f,5.38,see
the boys see the men behind the girls.,behind,peripheral,pl,m,5.17,pl,m,5.82,pl,f,5.38,see
the boys behind the girls see the men.,behind,center_embedding,pl,m,5.17,pl,m,5.82,pl,f,5.38,see
the boys like the men near the girls.,near,peripheral,pl,m,5.17,pl,m,5.82,pl,f,5.38,like
the boys near the girls like the men.,near,center_embedding,pl,m,5.17,pl,m,5.82,pl,f,5.38,like
the boys like the men behind the girls.,behind,peripheral,pl,m,5.17,pl,m,5.82,pl,f,5.38,like
the boys behind the girls like the men.,behind,center_embedding,pl,m,5.17,pl,m,5.82,pl,f,5.38,like
the boy sees the man near the lady.,near,peripheral,sg,m,5.17,sg,m,5.82,sg,f,4.95,see
the boy near the lady sees the man.,near,center_embedding,sg,m,5.17,sg,m,5.82,sg,f,4.95,see
the boy sees the man behind the lady.,behind,peripheral,sg,m,5.17,sg,m,5.82,sg,f,4.95,see
the boy behind the lady sees the man.,behind,center_embedding,sg,m,5.17,sg,m,5.82,sg,f,4.95,see
the boy likes the man near the lady.,near,peripheral,sg,m,5.17,sg,m,5.82,sg,f,4.95,like
the boy near the lady likes the man.,near,center_embedding,sg,m,5.17,sg,m,5.82,sg,f,4.95,like
the boy likes the man behind the lady.,behind,peripheral,sg,m,5.17,sg,m,5.82,sg,f,4.95,like
the boy behind the lady likes the man.,behind,center_embedding,sg,m,5.17,sg,m,5.82,sg,f,4.95,like
the boy sees the man near the ladies.,near,peripheral,sg,m,5.17,sg,m,5.82,pl,f,4.95,see
the boy near the ladies sees the man.,near,center_embedding,sg,m,5.17,sg,m,5.82,pl,f,4.95,see
the boy sees the man behind the ladies.,behind,peripheral,sg,m,5.17,sg,m,5.82,pl,f,4.95,see
the boy behind the ladies sees the man.,behind,center_embedding,sg,m,5.17,sg,m,5.82,pl,f,4.95,see
the boy likes the man near the ladies.,near,peripheral,sg,m,5.17,sg,m,5.82,pl,f,4.95,like
the boy near the ladies likes the man.,near,center_embedding,sg,m,5.17,sg,m,5.82,pl,f,4.95,like
the boy likes the man behind the ladies.,behind,peripheral,sg,m,5.17,sg,m,5.82,pl,f,4.95,like
the boy behind the ladies likes the man.,behind,center_embedding,sg,m,5.17,sg,m,5.82,pl,f,4.95,like
the boy sees the men near the lady.,near,peripheral,sg,m,5.17,pl,m,5.82,sg,f,4.95,see
the boy near the lady sees the men.,near,center_embedding,sg,m,5.17,pl,m,5.82,sg,f,4.95,see
the boy sees the men behind the lady.,behind,peripheral,sg,m,5.17,pl,m,5.82,sg,f,4.95,see
the boy behind the lady sees the men.,behind,center_embedding,sg,m,5.17,pl,m,5.82,sg,f,4.95,see
the boy likes the men near the lady.,near,peripheral,sg,m,5.17,pl,m,5.82,sg,f,4.95,like
the boy near the lady likes the men.,near,center_embedding,sg,m,5.17,pl,m,5.82,sg,f,4.95,like
the boy likes the men behind the lady.,behind,peripheral,sg,m,5.17,pl,m,5.82,sg,f,4.95,like
the boy behind the lady likes the men.,behind,center_embedding,sg,m,5.17,pl,m,5.82,sg,f,4.95,like
the boy sees the men near the ladies.,near,peripheral,sg,m,5.17,pl,m,5.82,pl,f,4.95,see
the boy near the ladies sees the men.,near,center_embedding,sg,m,5.17,pl,m,5.82,pl,f,4.95,see
the boy sees the men behind the ladies.,behind,peripheral,sg,m,5.17,pl,m,5.82,pl,f,4.95,see
the boy behind the ladies sees the men.,behind,center_embedding,sg,m,5.17,pl,m,5.82,pl,f,4.95,see
the boy likes the men near the ladies.,near,peripheral,sg,m,5.17,pl,m,5.82,pl,f,4.95,like
the boy near the ladies likes the men.,near,center_embedding,sg,m,5.17,pl,m,5.82,pl,f,4.95,like
the boy likes the men behind the ladies.,behind,peripheral,sg,m,5.17,pl,m,5.82,pl,f,4.95,like
the boy behind the ladies likes the men.,behind,center_embedding,sg,m,5.17,pl,m,5.82,pl,f,4.95,like
the boys see the man near the lady.,near,peripheral,pl,m,5.17,sg,m,5.82,sg,f,4.95,see
the boys near the lady see the man.,near,center_embedding,pl,m,5.17,sg,m,5.82,sg,f,4.95,see
the boys see the man behind the lady.,behind,peripheral,pl,m,5.17,sg,m,5.82,sg,f,4.95,see
the boys behind the lady see the man.,behind,center_embedding,pl,m,5.17,sg,m,5.82,sg,f,4.95,see
the boys like the man near the lady.,near,peripheral,pl,m,5.17,sg,m,5.82,sg,f,4.95,like
the boys near the lady like the man.,near,center_embedding,pl,m,5.17,sg,m,5.82,sg,f,4.95,like
the boys like the man behind the lady.,behind,peripheral,pl,m,5.17,sg,m,5.82,sg,f,4.95,like
the boys behind the lady like the man.,behind,center_embedding,pl,m,5.17,sg,m,5.82,sg,f,4.95,like
the boys see the man near the ladies.,near,peripheral,pl,m,5.17,sg,m,5.82,pl,f,4.95,see
the boys near the ladies see the man.,near,center_embedding,pl,m,5.17,sg,m,5.82,pl,f,4.95,see
the boys see the man behind the ladies.,behind,peripheral,pl,m,5.17,sg,m,5.82,pl,f,4.95,see
the boys behind the ladies see the man.,behind,center_embedding,pl,m,5.17,sg,m,5.82,pl,f,4.95,see
the boys like the man near the ladies.,near,peripheral,pl,m,5.17,sg,m,5.82,pl,f,4.95,like
the boys near the ladies like the man.,near,center_embedding,pl,m,5.17,sg,m,5.82,pl,f,4.95,like
the boys like the man behind the ladies.,behind,peripheral,pl,m,5.17,sg,m,5.82,pl,f,4.95,like
the boys behind the ladies like the man.,behind,center_embedding,pl,m,5.17,sg,m,5.82,pl,f,4.95,like
the boys see the men near the lady.,near,peripheral,pl,m,5.17,pl,m,5.82,sg,f,4.95,see
the boys near the lady see the men.,near,center_embedding,pl,m,5.17,pl,m,5.82,sg,f,4.95,see
the boys see the men behind the lady.,behind,peripheral,pl,m,5.17,pl,m,5.82,sg,f,4.95,see
the boys behind the lady see the men.,behind,center_embedding,pl,m,5.17,pl,m,5.82,sg,f,4.95,see
the boys like the men near the lady.,near,peripheral,pl,m,5.17,pl,m,5.82,sg,f,4.95,like
the boys near the lady like the men.,near,center_embedding,pl,m,5.17,pl,m,5.82,sg,f,4.95,like
the boys like the men behind the lady.,behind,peripheral,pl,m,5.17,pl,m,5.82,sg,f,4.95,like
the boys behind the lady like the men.,behind,center_embedding,pl,m,5.17,pl,m,5.82,sg,f,4.95,like
the boys see the men near the ladies.,near,peripheral,pl,m,5.17,pl,m,5.82,pl,f,4.95,see
the boys near the ladies see the men.,near,center_embedding,pl,m,5.17,pl,m,5.82,pl,f,4.95,see
the boys see the men behind the ladies.,behind,peripheral,pl,m,5.17,pl,m,5.82,pl,f,4.95,see
the boys behind the ladies see the men.,behind,center_embedding,pl,m,5.17,pl,m,5.82,pl,f,4.95,see
the boys like the men near the ladies.,near,peripheral,pl,m,5.17,pl,m,5.82,pl,f,4.95,like
the boys near the ladies like the men.,near,center_embedding,pl,m,5.17,pl,m,5.82,pl,f,4.95,like
the boys like the men behind the ladies.,behind,peripheral,pl,m,5.17,pl,m,5.82,pl,f,4.95,like
the boys behind the ladies like the men.,behind,center_embedding,pl,m,5.17,pl,m,5.82,pl,f,4.95,like
the boy sees the man near the king.,near,peripheral,sg,m,5.17,sg,m,5.82,sg,m,5.17,see
the boy near the king sees the man.,near,center_embedding,sg,m,5.17,sg,m,5.82,sg,m,5.17,see
the boy sees the man behind the king.,behind,peripheral,sg,m,5.17,sg,m,5.82,sg,m,5.17,see
the boy behind the king sees the man.,behind,center_embedding,sg,m,5.17,sg,m,5.82,sg,m,5.17,see
the boy likes the man near the king.,near,peripheral,sg,m,5.17,sg,m,5.82,sg,m,5.17,like
the boy near the king likes the man.,near,center_embedding,sg,m,5.17,sg,m,5.82,sg,m,5.17,like
the boy likes the man behind the king.,behind,peripheral,sg,m,5.17,sg,m,5.82,sg,m,5.17,like
the boy behind the king likes the man.,behind,center_embedding,sg,m,5.17,sg,m,5.82,sg,m,5.17,like
the boy sees the man near the kings.,near,peripheral,sg,m,5.17,sg,m,5.82,pl,m,5.17,see
the boy near the kings sees the man.,near,center_embedding,sg,m,5.17,sg,m,5.82,pl,m,5.17,see
the boy sees the man behind the kings.,behind,peripheral,sg,m,5.17,sg,m,5.82,pl,m,5.17,see
the boy behind the kings sees the man.,behind,center_embedding,sg,m,5.17,sg,m,5.82,pl,m,5.17,see
the boy likes the man near the kings.,near,peripheral,sg,m,5.17,sg,m,5.82,pl,m,5.17,like
the boy near the kings likes the man.,near,center_embedding,sg,m,5.17,sg,m,5.82,pl,m,5.17,like
the boy likes the man behind the kings.,behind,peripheral,sg,m,5.17,sg,m,5.82,pl,m,5.17,like
the boy behind the kings likes the man.,behind,center_embedding,sg,m,5.17,sg,m,5.82,pl,m,5.17,like
the boy sees the men near the king.,near,peripheral,sg,m,5.17,pl,m,5.82,sg,m,5.17,see
the boy near the king sees the men.,near,center_embedding,sg,m,5.17,pl,m,5.82,sg,m,5.17,see
the boy sees the men behind the king.,behind,peripheral,sg,m,5.17,pl,m,5.82,sg,m,5.17,see
the boy behind the king sees the men.,behind,center_embedding,sg,m,5.17,pl,m,5.82,sg,m,5.17,see
the boy likes the men near the king.,near,peripheral,sg,m,5.17,pl,m,5.82,sg,m,5.17,like
the boy near the king likes the men.,near,center_embedding,sg,m,5.17,pl,m,5.82,sg,m,5.17,like
the boy likes the men behind the king.,behind,peripheral,sg,m,5.17,pl,m,5.82,sg,m,5.17,like
the boy behind the king likes the men.,behind,center_embedding,sg,m,5.17,pl,m,5.82,sg,m,5.17,like
the boy sees the men near the kings.,near,peripheral,sg,m,5.17,pl,m,5.82,pl,m,5.17,see
the boy near the kings sees the men.,near,center_embedding,sg,m,5.17,pl,m,5.82,pl,m,5.17,see
the boy sees the men behind the kings.,behind,peripheral,sg,m,5.17,pl,m,5.82,pl,m,5.17,see
the boy behind the kings sees the men.,behind,center_embedding,sg,m,5.17,pl,m,5.82,pl,m,5.17,see
the boy likes the men near the kings.,near,peripheral,sg,m,5.17,pl,m,5.82,pl,m,5.17,like
the boy near the kings likes the men.,near,center_embedding,sg,m,5.17,pl,m,5.82,pl,m,5.17,like
the boy likes the men behind the kings.,behind,peripheral,sg,m,5.17,pl,m,5.82,pl,m,5.17,like
the boy behind the kings likes the men.,behind,center_embedding,sg,m,5.17,pl,m,5.82,pl,m,5.17,like
the boys see the man near the king.,near,peripheral,pl,m,5.17,sg,m,5.82,sg,m,5.17,see
the boys near the king see the man.,near,center_embedding,pl,m,5.17,sg,m,5.82,sg,m,5.17,see
the boys see the man behind the king.,behind,peripheral,pl,m,5.17,sg,m,5.82,sg,m,5.17,see
the boys behind the king see the man.,behind,center_embedding,pl,m,5.17,sg,m,5.82,sg,m,5.17,see
the boys like the man near the king.,near,peripheral,pl,m,5.17,sg,m,5.82,sg,m,5.17,like
the boys near the king like the man.,near,center_embedding,pl,m,5.17,sg,m,5.82,sg,m,5.17,like
the boys like the man behind the king.,behind,peripheral,pl,m,5.17,sg,m,5.82,sg,m,5.17,like
the boys behind the king like the man.,behind,center_embedding,pl,m,5.17,sg,m,5.82,sg,m,5.17,like
the boys see the man near the kings.,near,peripheral,pl,m,5.17,sg,m,5.82,pl,m,5.17,see
the boys near the kings see the man.,near,center_embedding,pl,m,5.17,sg,m,5.82,pl,m,5.17,see
the boys see the man behind the kings.,behind,peripheral,pl,m,5.17,sg,m,5.82,pl,m,5.17,see
the boys behind the kings see the man.,behind,center_embedding,pl,m,5.17,sg,m,5.82,pl,m,5.17,see
the boys like the man near the kings.,near,peripheral,pl,m,5.17,sg,m,5.82,pl,m,5.17,like
the boys near the kings like the man.,near,center_embedding,pl,m,5.17,sg,m,5.82,pl,m,5.17,like
the boys like the man behind the kings.,behind,peripheral,pl,m,5.17,sg,m,5.82,pl,m,5.17,like
the boys behind the kings like the man.,behind,center_embedding,pl,m,5.17,sg,m,5.82,pl,m,5.17,like
the boys see the men near the king.,near,peripheral,pl,m,5.17,pl,m,5.82,sg,m,5.17,see
the boys near the king see the men.,near,center_embedding,pl,m,5.17,pl,m,5.82,sg,m,5.17,see
the boys see the men behind the king.,behind,peripheral,pl,m,5.17,pl,m,5.82,sg,m,5.17,see
the boys behind the king see the men.,behind,center_embedding,pl,m,5.17,pl,m,5.82,sg,m,5.17,see
the boys like the men near the king.,near,peripheral,pl,m,5.17,pl,m,5.82,sg,m,5.17,like
the boys near the king like the men.,near,center_embedding,pl,m,5.17,pl,m,5.82,sg,m,5.17,like
the boys like the men behind the king.,behind,peripheral,pl,m,5.17,pl,m,5.82,sg,m,5.17,like
the boys behind the king like the men.,behind,center_embedding,pl,m,5.17,pl,m,5.82,sg,m,5.17,like
the boys see the men near the kings.,near,peripheral,pl,m,5.17,pl,m,5.82,pl,m,5.17,see
the boys near the kings see the men.,near,center_embedding,pl,m,5.17,pl,m,5.82,pl,m,5.17,see
the boys see the men behind the kings.,behind,peripheral,pl,m,5.17,pl,m,5.82,pl,m,5.17,see
the boys behind the kings see the men.,behind,center_embedding,pl,m,5.17,pl,m,5.82,pl,m,5.17,see
the boys like the men near the kings.,near,peripheral,pl,m,5.17,pl,m,5.82,pl,m,5.17,like
the boys near the kings like the men.,near,center_embedding,pl,m,5.17,pl,m,5.82,pl,m,5.17,like
the boys like the men behind the kings.,behind,peripheral,pl,m,5.17,pl,m,5.82,pl,m,5.17,like
the boys behind the kings like the men.,behind,center_embedding,pl,m,5.17,pl,m,5.82,pl,m,5.17,like
the boy sees the king near the woman.,near,peripheral,sg,m,5.17,sg,m,5.17,sg,f,5.35,see
the boy near the woman sees the king.,near,center_embedding,sg,m,5.17,sg,m,5.17,sg,f,5.35,see
the boy sees the king behind the woman.,behind,peripheral,sg,m,5.17,sg,m,5.17,sg,f,5.35,see
the boy behind the woman sees the king.,behind,center_embedding,sg,m,5.17,sg,m,5.17,sg,f,5.35,see
the boy likes the king near the woman.,near,peripheral,sg,m,5.17,sg,m,5.17,sg,f,5.35,like
the boy near the woman likes the king.,near,center_embedding,sg,m,5.17,sg,m,5.17,sg,f,5.35,like
the boy likes the king behind the woman.,behind,peripheral,sg,m,5.17,sg,m,5.17,sg,f,5.35,like
the boy behind the woman likes the king.,behind,center_embedding,sg,m,5.17,sg,m,5.17,sg,f,5.35,like
the boy sees the king near the women.,near,peripheral,sg,m,5.17,sg,m,5.17,pl,f,5.35,see
the boy near the women sees the king.,near,center_embedding,sg,m,5.17,sg,m,5.17,pl,f,5.35,see
the boy sees the king behind the women.,behind,peripheral,sg,m,5.17,sg,m,5.17,pl,f,5.35,see
the boy behind the women sees the king.,behind,center_embedding,sg,m,5.17,sg,m,5.17,pl,f,5.35,see
the boy likes the king near the women.,near,peripheral,sg,m,5.17,sg,m,5.17,pl,f,5.35,like
the boy near the women likes the king.,near,center_embedding,sg,m,5.17,sg,m,5.17,pl,f,5.35,like
the boy likes the king behind the women.,behind,peripheral,sg,m,5.17,sg,m,5.17,pl,f,5.35,like
the boy behind the women likes the king.,behind,center_embedding,sg,m,5.17,sg,m,5.17,pl,f,5.35,like
the boy sees the kings near the woman.,near,peripheral,sg,m,5.17,pl,m,5.17,sg,f,5.35,see
the boy near the woman sees the kings.,near,center_embedding,sg,m,5.17,pl,m,5.17,sg,f,5.35,see
the boy sees the kings behind the woman.,behind,peripheral,sg,m,5.17,pl,m,5.17,sg,f,5.35,see
the boy behind the woman sees the kings.,behind,center_embedding,sg,m,5.17,pl,m,5.17,sg,f,5.35,see
the boy likes the kings near the woman.,near,peripheral,sg,m,5.17,pl,m,5.17,sg,f,5.35,like
the boy near the woman likes the kings.,near,center_embedding,sg,m,5.17,pl,m,5.17,sg,f,5.35,like
the boy likes the kings behind the woman.,behind,peripheral,sg,m,5.17,pl,m,5.17,sg,f,5.35,like
the boy behind the woman likes the kings.,behind,center_embedding,sg,m,5.17,pl,m,5.17,sg,f,5.35,like
the boy sees the kings near the women.,near,peripheral,sg,m,5.17,pl,m,5.17,pl,f,5.35,see
the boy near the women sees the kings.,near,center_embedding,sg,m,5.17,pl,m,5.17,pl,f,5.35,see
the boy sees the kings behind the women.,behind,peripheral,sg,m,5.17,pl,m,5.17,pl,f,5.35,see
the boy behind the women sees the kings.,behind,center_embedding,sg,m,5.17,pl,m,5.17,pl,f,5.35,see
the boy likes the kings near the women.,near,peripheral,sg,m,5.17,pl,m,5.17,pl,f,5.35,like
the boy near the women likes the kings.,near,center_embedding,sg,m,5.17,pl,m,5.17,pl,f,5.35,like
the boy likes the kings behind the women.,behind,peripheral,sg,m,5.17,pl,m,5.17,pl,f,5.35,like
the boy behind the women likes the kings.,behind,center_embedding,sg,m,5.17,pl,m,5.17,pl,f,5.35,like
the boys see the king near the woman.,near,peripheral,pl,m,5.17,sg,m,5.17,sg,f,5.35,see
the boys near the woman see the king.,near,center_embedding,pl,m,5.17,sg,m,5.17,sg,f,5.35,see
the boys see the king behind the woman.,behind,peripheral,pl,m,5.17,sg,m,5.17,sg,f,5.35,see
the boys behind the woman see the king.,behind,center_embedding,pl,m,5.17,sg,m,5.17,sg,f,5.35,see
the boys like the king near the woman.,near,peripheral,pl,m,5.17,sg,m,5.17,sg,f,5.35,like
the boys near the woman like the king.,near,center_embedding,pl,m,5.17,sg,m,5.17,sg,f,5.35,like
the boys like the king behind the woman.,behind,peripheral,pl,m,5.17,sg,m,5.17,sg,f,5.35,like
the boys behind the woman like the king.,behind,center_embedding,pl,m,5.17,sg,m,5.17,sg,f,5.35,like
the boys see the king near the women.,near,peripheral,pl,m,5.17,sg,m,5.17,pl,f,5.35,see
the boys near the women see the king.,near,center_embedding,pl,m,5.17,sg,m,5.17,pl,f,5.35,see
the boys see the king behind the women.,behind,peripheral,pl,m,5.17,sg,m,5.17,pl,f,5.35,see
the boys behind the women see the king.,behind,center_embedding,pl,m,5.17,sg,m,5.17,pl,f,5.35,see
the boys like the king near the women.,near,peripheral,pl,m,5.17,sg,m,5.17,pl,f,5.35,like
the boys near the women like the king.,near,center_embedding,pl,m,5.17,sg,m,5.17,pl,f,5.35,like
the boys like the king behind the women.,behind,peripheral,pl,m,5.17,sg,m,5.17,pl,f,5.35,like
the boys behind the women like the king.,behind,center_embedding,pl,m,5.17,sg,m,5.17,pl,f,5.35,like
the boys see the kings near the woman.,near,peripheral,pl,m,5.17,pl,m,5.17,sg,f,5.35,see
the boys near the woman see the kings.,near,center_embedding,pl,m,5.17,pl,m,5.17,sg,f,5.35,see
the boys see the kings behind the woman.,behind,peripheral,pl,m,5.17,pl,m,5.17,sg,f,5.35,see
the boys behind the woman see the kings.,behind,center_embedding,pl,m,5.17,pl,m,5.17,sg,f,5.35,see
the boys like the kings near the woman.,near,peripheral,pl,m,5.17,pl,m,5.17,sg,f,5.35,like
the boys near the woman like the kings.,near,center_embedding,pl,m,5.17,pl,m,5.17,sg,f,5.35,like
the boys like the kings behind the woman.,behind,peripheral,pl,m,5.17,pl,m,5.17,sg,f,5.35,like
the boys behind the woman like the kings.,behind,center_embedding,pl,m,5.17,pl,m,5.17,sg,f,5.35,like
the boys see the kings near the women.,near,peripheral,pl,m,5.17,pl,m,5.17,pl,f,5.35,see
the boys near the women see the kings.,near,center_embedding,pl,m,5.17,pl,m,5.17,pl,f,5.35,see
the boys see the kings behind the women.,behind,peripheral,pl,m,5.17,pl,m,5.17,pl,f,5.35,see
the boys behind the women see the kings.,behind,center_embedding,pl,m,5.17,pl,m,5.17,pl,f,5.35,see
the boys like the kings near the women.,near,peripheral,pl,m,5.17,pl,m,5.17,pl,f,5.35,like
the boys near the women like the kings.,near,center_embedding,pl,m,5.17,pl,m,5.17,pl,f,5.35,like
the boys like the kings behind the women.,behind,peripheral,pl,m,5.17,pl,m,5.17,pl,f,5.35,like
the boys behind the women like the kings.,behind,center_embedding,pl,m,5.17,pl,m,5.17,pl,f,5.35,like
the boy sees the king near the girl.,near,peripheral,sg,m,5.17,sg,m,5.17,sg,f,5.38,see
the boy near the girl sees the king.,near,center_embedding,sg,m,5.17,sg,m,5.17,sg,f,5.38,see
the boy sees the king behind the girl.,behind,peripheral,sg,m,5.17,sg,m,5.17,sg,f,5.38,see
the boy behind the girl sees the king.,behind,center_embedding,sg,m,5.17,sg,m,5.17,sg,f,5.38,see
the boy likes the king near the girl.,near,peripheral,sg,m,5.17,sg,m,5.17,sg,f,5.38,like
the boy near the girl likes the king.,near,center_embedding,sg,m,5.17,sg,m,5.17,sg,f,5.38,like
the boy likes the king behind the girl.,behind,peripheral,sg,m,5.17,sg,m,5.17,sg,f,5.38,like
the boy behind the girl likes the king.,behind,center_embedding,sg,m,5.17,sg,m,5.17,sg,f,5.38,like
the boy sees the king near the girls.,near,peripheral,sg,m,5.17,sg,m,5.17,pl,f,5.38,see
the boy near the girls sees the king.,near,center_embedding,sg,m,5.17,sg,m,5.17,pl,f,5.38,see
the boy sees the king behind the girls.,behind,peripheral,sg,m,5.17,sg,m,5.17,pl,f,5.38,see
the boy behind the girls sees the king.,behind,center_embedding,sg,m,5.17,sg,m,5.17,pl,f,5.38,see
the boy likes the king near the girls.,near,peripheral,sg,m,5.17,sg,m,5.17,pl,f,5.38,like
the boy near the girls likes the king.,near,center_embedding,sg,m,5.17,sg,m,5.17,pl,f,5.38,like
the boy likes the king behind the girls.,behind,peripheral,sg,m,5.17,sg,m,5.17,pl,f,5.38,like
the boy behind the girls likes the king.,behind,center_embedding,sg,m,5.17,sg,m,5.17,pl,f,5.38,like
the boy sees the kings near the girl.,near,peripheral,sg,m,5.17,pl,m,5.17,sg,f,5.38,see
the boy near the girl sees the kings.,near,center_embedding,sg,m,5.17,pl,m,5.17,sg,f,5.38,see
the boy sees the kings behind the girl.,behind,peripheral,sg,m,5.17,pl,m,5.17,sg,f,5.38,see
the boy behind the girl sees the kings.,behind,center_embedding,sg,m,5.17,pl,m,5.17,sg,f,5.38,see
the boy likes the kings near the girl.,near,peripheral,sg,m,5.17,pl,m,5.17,sg,f,5.38,like
the boy near the girl likes the kings.,near,center_embedding,sg,m,5.17,pl,m,5.17,sg,f,5.38,like
the boy likes the kings behind the girl.,behind,peripheral,sg,m,5.17,pl,m,5.17,sg,f,5.38,like
the boy behind the girl likes the kings.,behind,center_embedding,sg,m,5.17,pl,m,5.17,sg,f,5.38,like
the boy sees the kings near the girls.,near,peripheral,sg,m,5.17,pl,m,5.17,pl,f,5.38,see
the boy near the girls sees the kings.,near,center_embedding,sg,m,5.17,pl,m,5.17,pl,f,5.38,see
the boy sees the kings behind the girls.,behind,peripheral,sg,m,5.17,pl,m,5.17,pl,f,5.38,see
the boy behind the girls sees the kings.,behind,center_embedding,sg,m,5.17,pl,m,5.17,pl,f,5.38,see
the boy likes the kings near the girls.,near,peripheral,sg,m,5.17,pl,m,5.17,pl,f,5.38,like
the boy near the girls likes the kings.,near,center_embedding,sg,m,5.17,pl,m,5.17,pl,f,5.38,like
the boy likes the kings behind the girls.,behind,peripheral,sg,m,5.17,pl,m,5.17,pl,f,5.38,like
the boy behind the girls likes the kings.,behind,center_embedding,sg,m,5.17,pl,m,5.17,pl,f,5.38,like
the boys see the king near the girl.,near,peripheral,pl,m,5.17,sg,m,5.17,sg,f,5.38,see
the boys near the girl see the king.,near,center_embedding,pl,m,5.17,sg,m,5.17,sg,f,5.38,see
the boys see the king behind the girl.,behind,peripheral,pl,m,5.17,sg,m,5.17,sg,f,5.38,see
the boys behind the girl see the king.,behind,center_embedding,pl,m,5.17,sg,m,5.17,sg,f,5.38,see
the boys like the king near the girl.,near,peripheral,pl,m,5.17,sg,m,5.17,sg,f,5.38,like
the boys near the girl like the king.,near,center_embedding,pl,m,5.17,sg,m,5.17,sg,f,5.38,like
the boys like the king behind the girl.,behind,peripheral,pl,m,5.17,sg,m,5.17,sg,f,5.38,like
the boys behind the girl like the king.,behind,center_embedding,pl,m,5.17,sg,m,5.17,sg,f,5.38,like
the boys see the king near the girls.,near,peripheral,pl,m,5.17,sg,m,5.17,pl,f,5.38,see
the boys near the girls see the king.,near,center_embedding,pl,m,5.17,sg,m,5.17,pl,f,5.38,see
the boys see the king behind the girls.,behind,peripheral,pl,m,5.17,sg,m,5.17,pl,f,5.38,see
the boys behind the girls see the king.,behind,center_embedding,pl,m,5.17,sg,m,5.17,pl,f,5.38,see
the boys like the king near the girls.,near,peripheral,pl,m,5.17,sg,m,5.17,pl,f,5.38,like
the boys near the girls like the king.,near,center_embedding,pl,m,5.17,sg,m,5.17,pl,f,5.38,like
the boys like the king behind the girls.,behind,peripheral,pl,m,5.17,sg,m,5.17,pl,f,5.38,like
the boys behind the girls like the king.,behind,center_embedding,pl,m,5.17,sg,m,5.17,pl,f,5.38,like
the boys see the kings near the girl.,near,peripheral,pl,m,5.17,pl,m,5.17,sg,f,5.38,see
the boys near the girl see the kings.,near,center_embedding,pl,m,5.17,pl,m,5.17,sg,f,5.38,see
the boys see the kings behind the girl.,behind,peripheral,pl,m,5.17,pl,m,5.17,sg,f,5.38,see
the boys behind the girl see the kings.,behind,center_embedding,pl,m,5.17,pl,m,5.17,sg,f,5.38,see
the boys like the kings near the girl.,near,peripheral,pl,m,5.17,pl,m,5.17,sg,f,5.38,like
the boys near the girl like the kings.,near,center_embedding,pl,m,5.17,pl,m,5.17,sg,f,5.38,like
the boys like the kings behind the girl.,behind,peripheral,pl,m,5.17,pl,m,5.17,sg,f,5.38,like
the boys behind the girl like the kings.,behind,center_embedding,pl,m,5.17,pl,m,5.17,sg,f,5.38,like
the boys see the kings near the girls.,near,peripheral,pl,m,5.17,pl,m,5.17,pl,f,5.38,see
the boys near the girls see the kings.,near,center_embedding,pl,m,5.17,pl,m,5.17,pl,f,5.38,see
the boys see the kings behind the girls.,behind,peripheral,pl,m,5.17,pl,m,5.17,pl,f,5.38,see
the boys behind the girls see the kings.,behind,center_embedding,pl,m,5.17,pl,m,5.17,pl,f,5.38,see
the boys like the kings near the girls.,near,peripheral,pl,m,5.17,pl,m,5.17,pl,f,5.38,like
the boys near the girls like the kings.,near,center_embedding,pl,m,5.17,pl,m,5.17,pl,f,5.38,like
the boys like the kings behind the girls.,behind,peripheral,pl,m,5.17,pl,m,5.17,pl,f,5.38,like
the boys behind the girls like the kings.,behind,center_embedding,pl,m,5.17,pl,m,5.17,pl,f,5.38,like
the boy sees the king near the lady.,near,peripheral,sg,m,5.17,sg,m,5.17,sg,f,4.95,see
the boy near the lady sees the king.,near,center_embedding,sg,m,5.17,sg,m,5.17,sg,f,4.95,see
the boy sees the king behind the lady.,behind,peripheral,sg,m,5.17,sg,m,5.17,sg,f,4.95,see
the boy behind the lady sees the king.,behind,center_embedding,sg,m,5.17,sg,m,5.17,sg,f,4.95,see
the boy likes the king near the lady.,near,peripheral,sg,m,5.17,sg,m,5.17,sg,f,4.95,like
the boy near the lady likes the king.,near,center_embedding,sg,m,5.17,sg,m,5.17,sg,f,4.95,like
the boy likes the king behind the lady.,behind,peripheral,sg,m,5.17,sg,m,5.17,sg,f,4.95,like
the boy behind the lady likes the king.,behind,center_embedding,sg,m,5.17,sg,m,5.17,sg,f,4.95,like
the boy sees the king near the ladies.,near,peripheral,sg,m,5.17,sg,m,5.17,pl,f,4.95,see
the boy near the ladies sees the king.,near,center_embedding,sg,m,5.17,sg,m,5.17,pl,f,4.95,see
the boy sees the king behind the ladies.,behind,peripheral,sg,m,5.17,sg,m,5.17,pl,f,4.95,see
the boy behind the ladies sees the king.,behind,center_embedding,sg,m,5.17,sg,m,5.17,pl,f,4.95,see
the boy likes the king near the ladies.,near,peripheral,sg,m,5.17,sg,m,5.17,pl,f,4.95,like
the boy near the ladies likes the king.,near,center_embedding,sg,m,5.17,sg,m,5.17,pl,f,4.95,like
the boy likes the king behind the ladies.,behind,peripheral,sg,m,5.17,sg,m,5.17,pl,f,4.95,like
the boy behind the ladies likes the king.,behind,center_embedding,sg,m,5.17,sg,m,5.17,pl,f,4.95,like
the boy sees the kings near the lady.,near,peripheral,sg,m,5.17,pl,m,5.17,sg,f,4.95,see
the boy near the lady sees the kings.,near,center_embedding,sg,m,5.17,pl,m,5.17,sg,f,4.95,see
the boy sees the kings behind the lady.,behind,peripheral,sg,m,5.17,pl,m,5.17,sg,f,4.95,see
the boy behind the lady sees the kings.,behind,center_embedding,sg,m,5.17,pl,m,5.17,sg,f,4.95,see
the boy likes the kings near the lady.,near,peripheral,sg,m,5.17,pl,m,5.17,sg,f,4.95,like
the boy near the lady likes the kings.,near,center_embedding,sg,m,5.17,pl,m,5.17,sg,f,4.95,like
the boy likes the kings behind the lady.,behind,peripheral,sg,m,5.17,pl,m,5.17,sg,f,4.95,like
the boy behind the lady likes the kings.,behind,center_embedding,sg,m,5.17,pl,m,5.17,sg,f,4.95,like
the boy sees the kings near the ladies.,near,peripheral,sg,m,5.17,pl,m,5.17,pl,f,4.95,see
the boy near the ladies sees the kings.,near,center_embedding,sg,m,5.17,pl,m,5.17,pl,f,4.95,see
the boy sees the kings behind the ladies.,behind,peripheral,sg,m,5.17,pl,m,5.17,pl,f,4.95,see
the boy behind the ladies sees the kings.,behind,center_embedding,sg,m,5.17,pl,m,5.17,pl,f,4.95,see
the boy likes the kings near the ladies.,near,peripheral,sg,m,5.17,pl,m,5.17,pl,f,4.95,like
the boy near the ladies likes the kings.,near,center_embedding,sg,m,5.17,pl,m,5.17,pl,f,4.95,like
the boy likes the kings behind the ladies.,behind,peripheral,sg,m,5.17,pl,m,5.17,pl,f,4.95,like
the boy behind the ladies likes the kings.,behind,center_embedding,sg,m,5.17,pl,m,5.17,pl,f,4.95,like
the boys see the king near the lady.,near,peripheral,pl,m,5.17,sg,m,5.17,sg,f,4.95,see
the boys near the lady see the king.,near,center_embedding,pl,m,5.17,sg,m,5.17,sg,f,4.95,see
the boys see the king behind the lady.,behind,peripheral,pl,m,5.17,sg,m,5.17,sg,f,4.95,see
the boys behind the lady see the king.,behind,center_embedding,pl,m,5.17,sg,m,5.17,sg,f,4.95,see
the boys like the king near the lady.,near,peripheral,pl,m,5.17,sg,m,5.17,sg,f,4.95,like
the boys near the lady like the king.,near,center_embedding,pl,m,5.17,sg,m,5.17,sg,f,4.95,like
the boys like the king behind the lady.,behind,peripheral,pl,m,5.17,sg,m,5.17,sg,f,4.95,like
the boys behind the lady like the king.,behind,center_embedding,pl,m,5.17,sg,m,5.17,sg,f,4.95,like
the boys see the king near the ladies.,near,peripheral,pl,m,5.17,sg,m,5.17,pl,f,4.95,see
the boys near the ladies see the king.,near,center_embedding,pl,m,5.17,sg,m,5.17,pl,f,4.95,see
the boys see the king behind the ladies.,behind,peripheral,pl,m,5.17,sg,m,5.17,pl,f,4.95,see
the boys behind the ladies see the king.,behind,center_embedding,pl,m,5.17,sg,m,5.17,pl,f,4.95,see
the boys like the king near the ladies.,near,peripheral,pl,m,5.17,sg,m,5.17,pl,f,4.95,like
the boys near the ladies like the king.,near,center_embedding,pl,m,5.17,sg,m,5.17,pl,f,4.95,like
the boys like the king behind the ladies.,behind,peripheral,pl,m,5.17,sg,m,5.17,pl,f,4.95,like
the boys behind the ladies like the king.,behind,center_embedding,pl,m,5.17,sg,m,5.17,pl,f,4.95,like
the boys see the kings near the lady.,near,peripheral,pl,m,5.17,pl,m,5.17,sg,f,4.95,see
the boys near the lady see the kings.,near,center_embedding,pl,m,5.17,pl,m,5.17,sg,f,4.95,see
the boys see the kings behind the lady.,behind,peripheral,pl,m,5.17,pl,m,5.17,sg,f,4.95,see
the boys behind the lady see the kings.,behind,center_embedding,pl,m,5.17,pl,m,5.17,sg,f,4.95,see
the boys like the kings near the lady.,near,peripheral,pl,m,5.17,pl,m,5.17,sg,f,4.95,like
the boys near the lady like the kings.,near,center_embedding,pl,m,5.17,pl,m,5.17,sg,f,4.95,like
the boys like the kings behind the lady.,behind,peripheral,pl,m,5.17,pl,m,5.17,sg,f,4.95,like
the boys behind the lady like the kings.,behind,center_embedding,pl,m,5.17,pl,m,5.17,sg,f,4.95,like
the boys see the kings near the ladies.,near,peripheral,pl,m,5.17,pl,m,5.17,pl,f,4.95,see
the boys near the ladies see the kings.,near,center_embedding,pl,m,5.17,pl,m,5.17,pl,f,4.95,see
the boys see the kings behind the ladies.,behind,peripheral,pl,m,5.17,pl,m,5.17,pl,f,4.95,see
the boys behind the ladies see the kings.,behind,center_embedding,pl,m,5.17,pl,m,5.17,pl,f,4.95,see
the boys like the kings near the ladies.,near,peripheral,pl,m,5.17,pl,m,5.17,pl,f,4.95,like
the boys near the ladies like the kings.,near,center_embedding,pl,m,5.17,pl,m,5.17,pl,f,4.95,like
the boys like the kings behind the ladies.,behind,peripheral,pl,m,5.17,pl,m,5.17,pl,f,4.95,like
the boys behind the ladies like the kings.,behind,center_embedding,pl,m,5.17,pl,m,5.17,pl,f,4.95,like
the boy sees the king near the man.,near,peripheral,sg,m,5.17,sg,m,5.17,sg,m,5.82,see
the boy near the man sees the king.,near,center_embedding,sg,m,5.17,sg,m,5.17,sg,m,5.82,see
the boy sees the king behind the man.,behind,peripheral,sg,m,5.17,sg,m,5.17,sg,m,5.82,see
the boy behind the man sees the king.,behind,center_embedding,sg,m,5.17,sg,m,5.17,sg,m,5.82,see
the boy likes the king near the man.,near,peripheral,sg,m,5.17,sg,m,5.17,sg,m,5.82,like
the boy near the man likes the king.,near,center_embedding,sg,m,5.17,sg,m,5.17,sg,m,5.82,like
the boy likes the king behind the man.,behind,peripheral,sg,m,5.17,sg,m,5.17,sg,m,5.82,like
the boy behind the man likes the king.,behind,center_embedding,sg,m,5.17,sg,m,5.17,sg,m,5.82,like
the boy sees the king near the men.,near,peripheral,sg,m,5.17,sg,m,5.17,pl,m,5.82,see
the boy near the men sees the king.,near,center_embedding,sg,m,5.17,sg,m,5.17,pl,m,5.82,see
the boy sees the king behind the men.,behind,peripheral,sg,m,5.17,sg,m,5.17,pl,m,5.82,see
the boy behind the men sees the king.,behind,center_embedding,sg,m,5.17,sg,m,5.17,pl,m,5.82,see
the boy likes the king near the men.,near,peripheral,sg,m,5.17,sg,m,5.17,pl,m,5.82,like
the boy near the men likes the king.,near,center_embedding,sg,m,5.17,sg,m,5.17,pl,m,5.82,like
the boy likes the king behind the men.,behind,peripheral,sg,m,5.17,sg,m,5.17,pl,m,5.82,like
the boy behind the men likes the king.,behind,center_embedding,sg,m,5.17,sg,m,5.17,pl,m,5.82,like
the boy sees the kings near the man.,near,peripheral,sg,m,5.17,pl,m,5.17,sg,m,5.82,see
the boy near the man sees the kings.,near,center_embedding,sg,m,5.17,pl,m,5.17,sg,m,5.82,see
the boy sees the kings behind the man.,behind,peripheral,sg,m,5.17,pl,m,5.17,sg,m,5.82,see
the boy behind the man sees the kings.,behind,center_embedding,sg,m,5.17,pl,m,5.17,sg,m,5.82,see
the boy likes the kings near the man.,near,peripheral,sg,m,5.17,pl,m,5.17,sg,m,5.82,like
the boy near the man likes the kings.,near,center_embedding,sg,m,5.17,pl,m,5.17,sg,m,5.82,like
the boy likes the kings behind the man.,behind,peripheral,sg,m,5.17,pl,m,5.17,sg,m,5.82,like
the boy behind the man likes the kings.,behind,center_embedding,sg,m,5.17,pl,m,5.17,sg,m,5.82,like
the boy sees the kings near the men.,near,peripheral,sg,m,5.17,pl,m,5.17,pl,m,5.82,see
the boy near the men sees the kings.,near,center_embedding,sg,m,5.17,pl,m,5.17,pl,m,5.82,see
the boy sees the kings behind the men.,behind,peripheral,sg,m,5.17,pl,m,5.17,pl,m,5.82,see
the boy behind the men sees the kings.,behind,center_embedding,sg,m,5.17,pl,m,5.17,pl,m,5.82,see
the boy likes the kings near the men.,near,peripheral,sg,m,5.17,pl,m,5.17,pl,m,5.82,like
the boy near the men likes the kings.,near,center_embedding,sg,m,5.17,pl,m,5.17,pl,m,5.82,like
the boy likes the kings behind the men.,behind,peripheral,sg,m,5.17,pl,m,5.17,pl,m,5.82,like
the boy behind the men likes the kings.,behind,center_embedding,sg,m,5.17,pl,m,5.17,pl,m,5.82,like
the boys see the king near the man.,near,peripheral,pl,m,5.17,sg,m,5.17,sg,m,5.82,see
the boys near the man see the king.,near,center_embedding,pl,m,5.17,sg,m,5.17,sg,m,5.82,see
the boys see the king behind the man.,behind,peripheral,pl,m,5.17,sg,m,5.17,sg,m,5.82,see
the boys behind the man see the king.,behind,center_embedding,pl,m,5.17,sg,m,5.17,sg,m,5.82,see
the boys like the king near the man.,near,peripheral,pl,m,5.17,sg,m,5.17,sg,m,5.82,like
the boys near the man like the king.,near,center_embedding,pl,m,5.17,sg,m,5.17,sg,m,5.82,like
the boys like the king behind the man.,behind,peripheral,pl,m,5.17,sg,m,5.17,sg,m,5.82,like
the boys behind the man like the king.,behind,center_embedding,pl,m,5.17,sg,m,5.17,sg,m,5.82,like
the boys see the king near the men.,near,peripheral,pl,m,5.17,sg,m,5.17,pl,m,5.82,see
the boys near the men see the king.,near,center_embedding,pl,m,5.17,sg,m,5.17,pl,m,5.82,see
the boys see the king behind the men.,behind,peripheral,pl,m,5.17,sg,m,5.17,pl,m,5.82,see
the boys behind the men see the king.,behind,center_embedding,pl,m,5.17,sg,m,5.17,pl,m,5.82,see
the boys like the king near the men.,near,peripheral,pl,m,5.17,sg,m,5.17,pl,m,5.82,like
the boys near the men like the king.,near,center_embedding,pl,m,5.17,sg,m,5.17,pl,m,5.82,like
the boys like the king behind the men.,behind,peripheral,pl,m,5.17,sg,m,5.17,pl,m,5.82,like
the boys behind the men like the king.,behind,center_embedding,pl,m,5.17,sg,m,5.17,pl,m,5.82,like
the boys see the kings near the man.,near,peripheral,pl,m,5.17,pl,m,5.17,sg,m,5.82,see
the boys near the man see the kings.,near,center_embedding,pl,m,5.17,pl,m,5.17,sg,m,5.82,see
the boys see the kings behind the man.,behind,peripheral,pl,m,5.17,pl,m,5.17,sg,m,5.82,see
the boys behind the man see the kings.,behind,center_embedding,pl,m,5.17,pl,m,5.17,sg,m,5.82,see
the boys like the kings near the man.,near,peripheral,pl,m,5.17,pl,m,5.17,sg,m,5.82,like
the boys near the man like the kings.,near,center_embedding,pl,m,5.17,pl,m,5.17,sg,m,5.82,like
the boys like the kings behind the man.,behind,peripheral,pl,m,5.17,pl,m,5.17,sg,m,5.82,like
the boys behind the man like the kings.,behind,center_embedding,pl,m,5.17,pl,m,5.17,sg,m,5.82,like
the boys see the kings near the men.,near,peripheral,pl,m,5.17,pl,m,5.17,pl,m,5.82,see
the boys near the men see the kings.,near,center_embedding,pl,m,5.17,pl,m,5.17,pl,m,5.82,see
the boys see the kings behind the men.,behind,peripheral,pl,m,5.17,pl,m,5.17,pl,m,5.82,see
the boys behind the men see the kings.,behind,center_embedding,pl,m,5.17,pl,m,5.17,pl,m,5.82,see
the boys like the kings near the men.,near,peripheral,pl,m,5.17,pl,m,5.17,pl,m,5.82,like
the boys near the men like the kings.,near,center_embedding,pl,m,5.17,pl,m,5.17,pl,m,5.82,like
the boys like the kings behind the men.,behind,peripheral,pl,m,5.17,pl,m,5.17,pl,m,5.82,like
the boys behind the men like the kings.,behind,center_embedding,pl,m,5.17,pl,m,5.17,pl,m,5.82,like
the king sees the woman near the girl.,near,peripheral,sg,m,5.17,sg,f,5.35,sg,f,5.38,see
the king near the girl sees the woman.,near,center_embedding,sg,m,5.17,sg,f,5.35,sg,f,5.38,see
the king sees the woman behind the girl.,behind,peripheral,sg,m,5.17,sg,f,5.35,sg,f,5.38,see
the king behind the girl sees the woman.,behind,center_embedding,sg,m,5.17,sg,f,5.35,sg,f,5.38,see
the king likes the woman near the girl.,near,peripheral,sg,m,5.17,sg,f,5.35,sg,f,5.38,like
the king near the girl likes the woman.,near,center_embedding,sg,m,5.17,sg,f,5.35,sg,f,5.38,like
the king likes the woman behind the girl.,behind,peripheral,sg,m,5.17,sg,f,5.35,sg,f,5.38,like
the king behind the girl likes the woman.,behind,center_embedding,sg,m,5.17,sg,f,5.35,sg,f,5.38,like
the king sees the woman near the girls.,near,peripheral,sg,m,5.17,sg,f,5.35,pl,f,5.38,see
the king near the girls sees the woman.,near,center_embedding,sg,m,5.17,sg,f,5.35,pl,f,5.38,see
the king sees the woman behind the girls.,behind,peripheral,sg,m,5.17,sg,f,5.35,pl,f,5.38,see
the king behind the girls sees the woman.,behind,center_embedding,sg,m,5.17,sg,f,5.35,pl,f,5.38,see
the king likes the woman near the girls.,near,peripheral,sg,m,5.17,sg,f,5.35,pl,f,5.38,like
the king near the girls likes the woman.,near,center_embedding,sg,m,5.17,sg,f,5.35,pl,f,5.38,like
the king likes the woman behind the girls.,behind,peripheral,sg,m,5.17,sg,f,5.35,pl,f,5.38,like
the king behind the girls likes the woman.,behind,center_embedding,sg,m,5.17,sg,f,5.35,pl,f,5.38,like
the king sees the women near the girl.,near,peripheral,sg,m,5.17,pl,f,5.35,sg,f,5.38,see
the king near the girl sees the women.,near,center_embedding,sg,m,5.17,pl,f,5.35,sg,f,5.38,see
the king sees the women behind the girl.,behind,peripheral,sg,m,5.17,pl,f,5.35,sg,f,5.38,see
the king behind the girl sees the women.,behind,center_embedding,sg,m,5.17,pl,f,5.35,sg,f,5.38,see
the king likes the women near the girl.,near,peripheral,sg,m,5.17,pl,f,5.35,sg,f,5.38,like
the king near the girl likes the women.,near,center_embedding,sg,m,5.17,pl,f,5.35,sg,f,5.38,like
the king likes the women behind the girl.,behind,peripheral,sg,m,5.17,pl,f,5.35,sg,f,5.38,like
the king behind the girl likes the women.,behind,center_embedding,sg,m,5.17,pl,f,5.35,sg,f,5.38,like
the king sees the women near the girls.,near,peripheral,sg,m,5.17,pl,f,5.35,pl,f,5.38,see
the king near the girls sees the women.,near,center_embedding,sg,m,5.17,pl,f,5.35,pl,f,5.38,see
the king sees the women behind the girls.,behind,peripheral,sg,m,5.17,pl,f,5.35,pl,f,5.38,see
the king behind the girls sees the women.,behind,center_embedding,sg,m,5.17,pl,f,5.35,pl,f,5.38,see
the king likes the women near the girls.,near,peripheral,sg,m,5.17,pl,f,5.35,pl,f,5.38,like
the king near the girls likes the women.,near,center_embedding,sg,m,5.17,pl,f,5.35,pl,f,5.38,like
the king likes the women behind the girls.,behind,peripheral,sg,m,5.17,pl,f,5.35,pl,f,5.38,like
the king behind the girls likes the women.,behind,center_embedding,sg,m,5.17,pl,f,5.35,pl,f,5.38,like
the kings see the woman near the girl.,near,peripheral,pl,m,5.17,sg,f,5.35,sg,f,5.38,see
the kings near the girl see the woman.,near,center_embedding,pl,m,5.17,sg,f,5.35,sg,f,5.38,see
the kings see the woman behind the girl.,behind,peripheral,pl,m,5.17,sg,f,5.35,sg,f,5.38,see
the kings behind the girl see the woman.,behind,center_embedding,pl,m,5.17,sg,f,5.35,sg,f,5.38,see
the kings like the woman near the girl.,near,peripheral,pl,m,5.17,sg,f,5.35,sg,f,5.38,like
the kings near the girl like the woman.,near,center_embedding,pl,m,5.17,sg,f,5.35,sg,f,5.38,like
the kings like the woman behind the girl.,behind,peripheral,pl,m,5.17,sg,f,5.35,sg,f,5.38,like
the kings behind the girl like the woman.,behind,center_embedding,pl,m,5.17,sg,f,5.35,sg,f,5.38,like
the kings see the woman near the girls.,near,peripheral,pl,m,5.17,sg,f,5.35,pl,f,5.38,see
the kings near the girls see the woman.,near,center_embedding,pl,m,5.17,sg,f,5.35,pl,f,5.38,see
the kings see the woman behind the girls.,behind,peripheral,pl,m,5.17,sg,f,5.35,pl,f,5.38,see
the kings behind the girls see the woman.,behind,center_embedding,pl,m,5.17,sg,f,5.35,pl,f,5.38,see
the kings like the woman near the girls.,near,peripheral,pl,m,5.17,sg,f,5.35,pl,f,5.38,like
the kings near the girls like the woman.,near,center_embedding,pl,m,5.17,sg,f,5.35,pl,f,5.38,like
the kings like the woman behind the girls.,behind,peripheral,pl,m,5.17,sg,f,5.35,pl,f,5.38,like
the kings behind the girls like the woman.,behind,center_embedding,pl,m,5.17,sg,f,5.35,pl,f,5.38,like
the kings see the women near the girl.,near,peripheral,pl,m,5.17,pl,f,5.35,sg,f,5.38,see
the kings near the girl see the women.,near,center_embedding,pl,m,5.17,pl,f,5.35,sg,f,5.38,see
the kings see the women behind the girl.,behind,peripheral,pl,m,5.17,pl,f,5.35,sg,f,5.38,see
the kings behind the girl see the women.,behind,center_embedding,pl,m,5.17,pl,f,5.35,sg,f,5.38,see
the kings like the women near the girl.,near,peripheral,pl,m,5.17,pl,f,5.35,sg,f,5.38,like
the kings near the girl like the women.,near,center_embedding,pl,m,5.17,pl,f,5.35,sg,f,5.38,like
the kings like the women behind the girl.,behind,peripheral,pl,m,5.17,pl,f,5.35,sg,f,5.38,like
the kings behind the girl like the women.,behind,center_embedding,pl,m,5.17,pl,f,5.35,sg,f,5.38,like
the kings see the women near the girls.,near,peripheral,pl,m,5.17,pl,f,5.35,pl,f,5.38,see
the kings near the girls see the women.,near,center_embedding,pl,m,5.17,pl,f,5.35,pl,f,5.38,see
the kings see the women behind the girls.,behind,peripheral,pl,m,5.17,pl,f,5.35,pl,f,5.38,see
the kings behind the girls see the women.,behind,center_embedding,pl,m,5.17,pl,f,5.35,pl,f,5.38,see
the kings like the women near the girls.,near,peripheral,pl,m,5.17,pl,f,5.35,pl,f,5.38,like
the kings near the girls like the women.,near,center_embedding,pl,m,5.17,pl,f,5.35,pl,f,5.38,like
the kings like the women behind the girls.,behind,peripheral,pl,m,5.17,pl,f,5.35,pl,f,5.38,like
the kings behind the girls like the women.,behind,center_embedding,pl,m,5.17,pl,f,5.35,pl,f,5.38,like
the king sees the woman near the lady.,near,peripheral,sg,m,5.17,sg,f,5.35,sg,f,4.95,see
the king near the lady sees the woman.,near,center_embedding,sg,m,5.17,sg,f,5.35,sg,f,4.95,see
the king sees the woman behind the lady.,behind,peripheral,sg,m,5.17,sg,f,5.35,sg,f,4.95,see
the king behind the lady sees the woman.,behind,center_embedding,sg,m,5.17,sg,f,5.35,sg,f,4.95,see
the king likes the woman near the lady.,near,peripheral,sg,m,5.17,sg,f,5.35,sg,f,4.95,like
the king near the lady likes the woman.,near,center_embedding,sg,m,5.17,sg,f,5.35,sg,f,4.95,like
the king likes the woman behind the lady.,behind,peripheral,sg,m,5.17,sg,f,5.35,sg,f,4.95,like
the king behind the lady likes the woman.,behind,center_embedding,sg,m,5.17,sg,f,5.35,sg,f,4.95,like
the king sees the woman near the ladies.,near,peripheral,sg,m,5.17,sg,f,5.35,pl,f,4.95,see
the king near the ladies sees the woman.,near,center_embedding,sg,m,5.17,sg,f,5.35,pl,f,4.95,see
the king sees the woman behind the ladies.,behind,peripheral,sg,m,5.17,sg,f,5.35,pl,f,4.95,see
the king behind the ladies sees the woman.,behind,center_embedding,sg,m,5.17,sg,f,5.35,pl,f,4.95,see
the king likes the woman near the ladies.,near,peripheral,sg,m,5.17,sg,f,5.35,pl,f,4.95,like
the king near the ladies likes the woman.,near,center_embedding,sg,m,5.17,sg,f,5.35,pl,f,4.95,like
the king likes the woman behind the ladies.,behind,peripheral,sg,m,5.17,sg,f,5.35,pl,f,4.95,like
the king behind the ladies likes the woman.,behind,center_embedding,sg,m,5.17,sg,f,5.35,pl,f,4.95,like
the king sees the women near the lady.,near,peripheral,sg,m,5.17,pl,f,5.35,sg,f,4.95,see
the king near the lady sees the women.,near,center_embedding,sg,m,5.17,pl,f,5.35,sg,f,4.95,see
the king sees the women behind the lady.,behind,peripheral,sg,m,5.17,pl,f,5.35,sg,f,4.95,see
the king behind the lady sees the women.,behind,center_embedding,sg,m,5.17,pl,f,5.35,sg,f,4.95,see
the king likes the women near the lady.,near,peripheral,sg,m,5.17,pl,f,5.35,sg,f,4.95,like
the king near the lady likes the women.,near,center_embedding,sg,m,5.17,pl,f,5.35,sg,f,4.95,like
the king likes the women behind the lady.,behind,peripheral,sg,m,5.17,pl,f,5.35,sg,f,4.95,like
the king behind the lady likes the women.,behind,center_embedding,sg,m,5.17,pl,f,5.35,sg,f,4.95,like
the king sees the women near the ladies.,near,peripheral,sg,m,5.17,pl,f,5.35,pl,f,4.95,see
the king near the ladies sees the women.,near,center_embedding,sg,m,5.17,pl,f,5.35,pl,f,4.95,see
the king sees the women behind the ladies.,behind,peripheral,sg,m,5.17,pl,f,5.35,pl,f,4.95,see
the king behind the ladies sees the women.,behind,center_embedding,sg,m,5.17,pl,f,5.35,pl,f,4.95,see
the king likes the women near the ladies.,near,peripheral,sg,m,5.17,pl,f,5.35,pl,f,4.95,like
the king near the ladies likes the women.,near,center_embedding,sg,m,5.17,pl,f,5.35,pl,f,4.95,like
the king likes the women behind the ladies.,behind,peripheral,sg,m,5.17,pl,f,5.35,pl,f,4.95,like
the king behind the ladies likes the women.,behind,center_embedding,sg,m,5.17,pl,f,5.35,pl,f,4.95,like
the kings see the woman near the lady.,near,peripheral,pl,m,5.17,sg,f,5.35,sg,f,4.95,see
the kings near the lady see the woman.,near,center_embedding,pl,m,5.17,sg,f,5.35,sg,f,4.95,see
the kings see the woman behind the lady.,behind,peripheral,pl,m,5.17,sg,f,5.35,sg,f,4.95,see
the kings behind the lady see the woman.,behind,center_embedding,pl,m,5.17,sg,f,5.35,sg,f,4.95,see
the kings like the woman near the lady.,near,peripheral,pl,m,5.17,sg,f,5.35,sg,f,4.95,like
the kings near the lady like the woman.,near,center_embedding,pl,m,5.17,sg,f,5.35,sg,f,4.95,like
the kings like the woman behind the lady.,behind,peripheral,pl,m,5.17,sg,f,5.35,sg,f,4.95,like
the kings behind the lady like the woman.,behind,center_embedding,pl,m,5.17,sg,f,5.35,sg,f,4.95,like
the kings see the woman near the ladies.,near,peripheral,pl,m,5.17,sg,f,5.35,pl,f,4.95,see
the kings near the ladies see the woman.,near,center_embedding,pl,m,5.17,sg,f,5.35,pl,f,4.95,see
the kings see the woman behind the ladies.,behind,peripheral,pl,m,5.17,sg,f,5.35,pl,f,4.95,see
the kings behind the ladies see the woman.,behind,center_embedding,pl,m,5.17,sg,f,5.35,pl,f,4.95,see
the kings like the woman near the ladies.,near,peripheral,pl,m,5.17,sg,f,5.35,pl,f,4.95,like
the kings near the ladies like the woman.,near,center_embedding,pl,m,5.17,sg,f,5.35,pl,f,4.95,like
the kings like the woman behind the ladies.,behind,peripheral,pl,m,5.17,sg,f,5.35,pl,f,4.95,like
the kings behind the ladies like the woman.,behind,center_embedding,pl,m,5.17,sg,f,5.35,pl,f,4.95,like
the kings see the women near the lady.,near,peripheral,pl,m,5.17,pl,f,5.35,sg,f,4.95,see
the kings near the lady see the women.,near,center_embedding,pl,m,5.17,pl,f,5.35,sg,f,4.95,see
the kings see the women behind the lady.,behind,peripheral,pl,m,5.17,pl,f,5.35,sg,f,4.95,see
the kings behind the lady see the women.,behind,center_embedding,pl,m,5.17,pl,f,5.35,sg,f,4.95,see
the kings like the women near the lady.,near,peripheral,pl,m,5.17,pl,f,5.35,sg,f,4.95,like
the kings near the lady like the women.,near,center_embedding,pl,m,5.17,pl,f,5.35,sg,f,4.95,like
the kings like the women behind the lady.,behind,peripheral,pl,m,5.17,pl,f,5.35,sg,f,4.95,like
the kings behind the lady like the women.,behind,center_embedding,pl,m,5.17,pl,f,5.35,sg,f,4.95,like
the kings see the women near the ladies.,near,peripheral,pl,m,5.17,pl,f,5.35,pl,f,4.95,see
the kings near the ladies see the women.,near,center_embedding,pl,m,5.17,pl,f,5.35,pl,f,4.95,see
the kings see the women behind the ladies.,behind,peripheral,pl,m,5.17,pl,f,5.35,pl,f,4.95,see
the kings behind the ladies see the women.,behind,center_embedding,pl,m,5.17,pl,f,5.35,pl,f,4.95,see
the kings like the women near the ladies.,near,peripheral,pl,m,5.17,pl,f,5.35,pl,f,4.95,like
the kings near the ladies like the women.,near,center_embedding,pl,m,5.17,pl,f,5.35,pl,f,4.95,like
the kings like the women behind the ladies.,behind,peripheral,pl,m,5.17,pl,f,5.35,pl,f,4.95,like
the kings behind the ladies like the women.,behind,center_embedding,pl,m,5.17,pl,f,5.35,pl,f,4.95,like
the king sees the woman near the man.,near,peripheral,sg,m,5.17,sg,f,5.35,sg,m,5.82,see
the king near the man sees the woman.,near,center_embedding,sg,m,5.17,sg,f,5.35,sg,m,5.82,see
the king sees the woman behind the man.,behind,peripheral,sg,m,5.17,sg,f,5.35,sg,m,5.82,see
the king behind the man sees the woman.,behind,center_embedding,sg,m,5.17,sg,f,5.35,sg,m,5.82,see
the king likes the woman near the man.,near,peripheral,sg,m,5.17,sg,f,5.35,sg,m,5.82,like
the king near the man likes the woman.,near,center_embedding,sg,m,5.17,sg,f,5.35,sg,m,5.82,like
the king likes the woman behind the man.,behind,peripheral,sg,m,5.17,sg,f,5.35,sg,m,5.82,like
the king behind the man likes the woman.,behind,center_embedding,sg,m,5.17,sg,f,5.35,sg,m,5.82,like
the king sees the woman near the men.,near,peripheral,sg,m,5.17,sg,f,5.35,pl,m,5.82,see
the king near the men sees the woman.,near,center_embedding,sg,m,5.17,sg,f,5.35,pl,m,5.82,see
the king sees the woman behind the men.,behind,peripheral,sg,m,5.17,sg,f,5.35,pl,m,5.82,see
the king behind the men sees the woman.,behind,center_embedding,sg,m,5.17,sg,f,5.35,pl,m,5.82,see
the king likes the woman near the men.,near,peripheral,sg,m,5.17,sg,f,5.35,pl,m,5.82,like
the king near the men likes the woman.,near,center_embedding,sg,m,5.17,sg,f,5.35,pl,m,5.82,like
the king likes the woman behind the men.,behind,peripheral,sg,m,5.17,sg,f,5.35,pl,m,5.82,like
the king behind the men likes the woman.,behind,center_embedding,sg,m,5.17,sg,f,5.35,pl,m,5.82,like
the king sees the women near the man.,near,peripheral,sg,m,5.17,pl,f,5.35,sg,m,5.82,see
the king near the man sees the women.,near,center_embedding,sg,m,5.17,pl,f,5.35,sg,m,5.82,see
the king sees the women behind the man.,behind,peripheral,sg,m,5.17,pl,f,5.35,sg,m,5.82,see
the king behind the man sees the women.,behind,center_embedding,sg,m,5.17,pl,f,5.35,sg,m,5.82,see
the king likes the women near the man.,near,peripheral,sg,m,5.17,pl,f,5.35,sg,m,5.82,like
the king near the man likes the women.,near,center_embedding,sg,m,5.17,pl,f,5.35,sg,m,5.82,like
the king likes the women behind the man.,behind,peripheral,sg,m,5.17,pl,f,5.35,sg,m,5.82,like
the king behind the man likes the women.,behind,center_embedding,sg,m,5.17,pl,f,5.35,sg,m,5.82,like
the king sees the women near the men.,near,peripheral,sg,m,5.17,pl,f,5.35,pl,m,5.82,see
the king near the men sees the women.,near,center_embedding,sg,m,5.17,pl,f,5.35,pl,m,5.82,see
the king sees the women behind the men.,behind,peripheral,sg,m,5.17,pl,f,5.35,pl,m,5.82,see
the king behind the men sees the women.,behind,center_embedding,sg,m,5.17,pl,f,5.35,pl,m,5.82,see
the king likes the women near the men.,near,peripheral,sg,m,5.17,pl,f,5.35,pl,m,5.82,like
the king near the men likes the women.,near,center_embedding,sg,m,5.17,pl,f,5.35,pl,m,5.82,like
the king likes the women behind the men.,behind,peripheral,sg,m,5.17,pl,f,5.35,pl,m,5.82,like
the king behind the men likes the women.,behind,center_embedding,sg,m,5.17,pl,f,5.35,pl,m,5.82,like
the kings see the woman near the man.,near,peripheral,pl,m,5.17,sg,f,5.35,sg,m,5.82,see
the kings near the man see the woman.,near,center_embedding,pl,m,5.17,sg,f,5.35,sg,m,5.82,see
the kings see the woman behind the man.,behind,peripheral,pl,m,5.17,sg,f,5.35,sg,m,5.82,see
the kings behind the man see the woman.,behind,center_embedding,pl,m,5.17,sg,f,5.35,sg,m,5.82,see
the kings like the woman near the man.,near,peripheral,pl,m,5.17,sg,f,5.35,sg,m,5.82,like
the kings near the man like the woman.,near,center_embedding,pl,m,5.17,sg,f,5.35,sg,m,5.82,like
the kings like the woman behind the man.,behind,peripheral,pl,m,5.17,sg,f,5.35,sg,m,5.82,like
the kings behind the man like the woman.,behind,center_embedding,pl,m,5.17,sg,f,5.35,sg,m,5.82,like
the kings see the woman near the men.,near,peripheral,pl,m,5.17,sg,f,5.35,pl,m,5.82,see
the kings near the men see the woman.,near,center_embedding,pl,m,5.17,sg,f,5.35,pl,m,5.82,see
the kings see the woman behind the men.,behind,peripheral,pl,m,5.17,sg,f,5.35,pl,m,5.82,see
the kings behind the men see the woman.,behind,center_embedding,pl,m,5.17,sg,f,5.35,pl,m,5.82,see
the kings like the woman near the men.,near,peripheral,pl,m,5.17,sg,f,5.35,pl,m,5.82,like
the kings near the men like the woman.,near,center_embedding,pl,m,5.17,sg,f,5.35,pl,m,5.82,like
the kings like the woman behind the men.,behind,peripheral,pl,m,5.17,sg,f,5.35,pl,m,5.82,like
the kings behind the men like the woman.,behind,center_embedding,pl,m,5.17,sg,f,5.35,pl,m,5.82,like
the kings see the women near the man.,near,peripheral,pl,m,5.17,pl,f,5.35,sg,m,5.82,see
the kings near the man see the women.,near,center_embedding,pl,m,5.17,pl,f,5.35,sg,m,5.82,see
the kings see the women behind the man.,behind,peripheral,pl,m,5.17,pl,f,5.35,sg,m,5.82,see
the kings behind the man see the women.,behind,center_embedding,pl,m,5.17,pl,f,5.35,sg,m,5.82,see
the kings like the women near the man.,near,peripheral,pl,m,5.17,pl,f,5.35,sg,m,5.82,like
the kings near the man like the women.,near,center_embedding,pl,m,5.17,pl,f,5.35,sg,m,5.82,like
the kings like the women behind the man.,behind,peripheral,pl,m,5.17,pl,f,5.35,sg,m,5.82,like
the kings behind the man like the women.,behind,center_embedding,pl,m,5.17,pl,f,5.35,sg,m,5.82,like
the kings see the women near the men.,near,peripheral,pl,m,5.17,pl,f,5.35,pl,m,5.82,see
the kings near the men see the women.,near,center_embedding,pl,m,5.17,pl,f,5.35,pl,m,5.82,see
the kings see the women behind the men.,behind,peripheral,pl,m,5.17,pl,f,5.35,pl,m,5.82,see
the kings behind the men see the women.,behind,center_embedding,pl,m,5.17,pl,f,5.35,pl,m,5.82,see
the kings like the women near the men.,near,peripheral,pl,m,5.17,pl,f,5.35,pl,m,5.82,like
the kings near the men like the women.,near,center_embedding,pl,m,5.17,pl,f,5.35,pl,m,5.82,like
the kings like the women behind the men.,behind,peripheral,pl,m,5.17,pl,f,5.35,pl,m,5.82,like
the kings behind the men like the women.,behind,center_embedding,pl,m,5.17,pl,f,5.35,pl,m,5.82,like
the king sees the woman near the boy.,near,peripheral,sg,m,5.17,sg,f,5.35,sg,m,5.17,see
the king near the boy sees the woman.,near,center_embedding,sg,m,5.17,sg,f,5.35,sg,m,5.17,see
the king sees the woman behind the boy.,behind,peripheral,sg,m,5.17,sg,f,5.35,sg,m,5.17,see
the king behind the boy sees the woman.,behind,center_embedding,sg,m,5.17,sg,f,5.35,sg,m,5.17,see
the king likes the woman near the boy.,near,peripheral,sg,m,5.17,sg,f,5.35,sg,m,5.17,like
the king near the boy likes the woman.,near,center_embedding,sg,m,5.17,sg,f,5.35,sg,m,5.17,like
the king likes the woman behind the boy.,behind,peripheral,sg,m,5.17,sg,f,5.35,sg,m,5.17,like
the king behind the boy likes the woman.,behind,center_embedding,sg,m,5.17,sg,f,5.35,sg,m,5.17,like
the king sees the woman near the boys.,near,peripheral,sg,m,5.17,sg,f,5.35,pl,m,5.17,see
the king near the boys sees the woman.,near,center_embedding,sg,m,5.17,sg,f,5.35,pl,m,5.17,see
the king sees the woman behind the boys.,behind,peripheral,sg,m,5.17,sg,f,5.35,pl,m,5.17,see
the king behind the boys sees the woman.,behind,center_embedding,sg,m,5.17,sg,f,5.35,pl,m,5.17,see
the king likes the woman near the boys.,near,peripheral,sg,m,5.17,sg,f,5.35,pl,m,5.17,like
the king near the boys likes the woman.,near,center_embedding,sg,m,5.17,sg,f,5.35,pl,m,5.17,like
the king likes the woman behind the boys.,behind,peripheral,sg,m,5.17,sg,f,5.35,pl,m,5.17,like
the king behind the boys likes the woman.,behind,center_embedding,sg,m,5.17,sg,f,5.35,pl,m,5.17,like
the king sees the women near the boy.,near,peripheral,sg,m,5.17,pl,f,5.35,sg,m,5.17,see
the king near the boy sees the women.,near,center_embedding,sg,m,5.17,pl,f,5.35,sg,m,5.17,see
the king sees the women behind the boy.,behind,peripheral,sg,m,5.17,pl,f,5.35,sg,m,5.17,see
the king behind the boy sees the women.,behind,center_embedding,sg,m,5.17,pl,f,5.35,sg,m,5.17,see
the king likes the women near the boy.,near,peripheral,sg,m,5.17,pl,f,5.35,sg,m,5.17,like
the king near the boy likes the women.,near,center_embedding,sg,m,5.17,pl,f,5.35,sg,m,5.17,like
the king likes the women behind the boy.,behind,peripheral,sg,m,5.17,pl,f,5.35,sg,m,5.17,like
the king behind the boy likes the women.,behind,center_embedding,sg,m,5.17,pl,f,5.35,sg,m,5.17,like
the king sees the women near the boys.,near,peripheral,sg,m,5.17,pl,f,5.35,pl,m,5.17,see
the king near the boys sees the women.,near,center_embedding,sg,m,5.17,pl,f,5.35,pl,m,5.17,see
the king sees the women behind the boys.,behind,peripheral,sg,m,5.17,pl,f,5.35,pl,m,5.17,see
the king behind the boys sees the women.,behind,center_embedding,sg,m,5.17,pl,f,5.35,pl,m,5.17,see
the king likes the women near the boys.,near,peripheral,sg,m,5.17,pl,f,5.35,pl,m,5.17,like
the king near the boys likes the women.,near,center_embedding,sg,m,5.17,pl,f,5.35,pl,m,5.17,like
the king likes the women behind the boys.,behind,peripheral,sg,m,5.17,pl,f,5.35,pl,m,5.17,like
the king behind the boys likes the women.,behind,center_embedding,sg,m,5.17,pl,f,5.35,pl,m,5.17,like
the kings see the woman near the boy.,near,peripheral,pl,m,5.17,sg,f,5.35,sg,m,5.17,see
the kings near the boy see the woman.,near,center_embedding,pl,m,5.17,sg,f,5.35,sg,m,5.17,see
the kings see the woman behind the boy.,behind,peripheral,pl,m,5.17,sg,f,5.35,sg,m,5.17,see
the kings behind the boy see the woman.,behind,center_embedding,pl,m,5.17,sg,f,5.35,sg,m,5.17,see
the kings like the woman near the boy.,near,peripheral,pl,m,5.17,sg,f,5.35,sg,m,5.17,like
the kings near the boy like the woman.,near,center_embedding,pl,m,5.17,sg,f,5.35,sg,m,5.17,like
the kings like the woman behind the boy.,behind,peripheral,pl,m,5.17,sg,f,5.35,sg,m,5.17,like
the kings behind the boy like the woman.,behind,center_embedding,pl,m,5.17,sg,f,5.35,sg,m,5.17,like
the kings see the woman near the boys.,near,peripheral,pl,m,5.17,sg,f,5.35,pl,m,5.17,see
the kings near the boys see the woman.,near,center_embedding,pl,m,5.17,sg,f,5.35,pl,m,5.17,see
the kings see the woman behind the boys.,behind,peripheral,pl,m,5.17,sg,f,5.35,pl,m,5.17,see
the kings behind the boys see the woman.,behind,center_embedding,pl,m,5.17,sg,f,5.35,pl,m,5.17,see
the kings like the woman near the boys.,near,peripheral,pl,m,5.17,sg,f,5.35,pl,m,5.17,like
the kings near the boys like the woman.,near,center_embedding,pl,m,5.17,sg,f,5.35,pl,m,5.17,like
the kings like the woman behind the boys.,behind,peripheral,pl,m,5.17,sg,f,5.35,pl,m,5.17,like
the kings behind the boys like the woman.,behind,center_embedding,pl,m,5.17,sg,f,5.35,pl,m,5.17,like
the kings see the women near the boy.,near,peripheral,pl,m,5.17,pl,f,5.35,sg,m,5.17,see
the kings near the boy see the women.,near,center_embedding,pl,m,5.17,pl,f,5.35,sg,m,5.17,see
the kings see the women behind the boy.,behind,peripheral,pl,m,5.17,pl,f,5.35,sg,m,5.17,see
the kings behind the boy see the women.,behind,center_embedding,pl,m,5.17,pl,f,5.35,sg,m,5.17,see
the kings like the women near the boy.,near,peripheral,pl,m,5.17,pl,f,5.35,sg,m,5.17,like
the kings near the boy like the women.,near,center_embedding,pl,m,5.17,pl,f,5.35,sg,m,5.17,like
the kings like the women behind the boy.,behind,peripheral,pl,m,5.17,pl,f,5.35,sg,m,5.17,like
the kings behind the boy like the women.,behind,center_embedding,pl,m,5.17,pl,f,5.35,sg,m,5.17,like
the kings see the women near the boys.,near,peripheral,pl,m,5.17,pl,f,5.35,pl,m,5.17,see
the kings near the boys see the women.,near,center_embedding,pl,m,5.17,pl,f,5.35,pl,m,5.17,see
the kings see the women behind the boys.,behind,peripheral,pl,m,5.17,pl,f,5.35,pl,m,5.17,see
the kings behind the boys see the women.,behind,center_embedding,pl,m,5.17,pl,f,5.35,pl,m,5.17,see
the kings like the women near the boys.,near,peripheral,pl,m,5.17,pl,f,5.35,pl,m,5.17,like
the kings near the boys like the women.,near,center_embedding,pl,m,5.17,pl,f,5.35,pl,m,5.17,like
the kings like the women behind the boys.,behind,peripheral,pl,m,5.17,pl,f,5.35,pl,m,5.17,like
the kings behind the boys like the women.,behind,center_embedding,pl,m,5.17,pl,f,5.35,pl,m,5.17,like
the king sees the girl near the woman.,near,peripheral,sg,m,5.17,sg,f,5.38,sg,f,5.35,see
the king near the woman sees the girl.,near,center_embedding,sg,m,5.17,sg,f,5.38,sg,f,5.35,see
the king sees the girl behind the woman.,behind,peripheral,sg,m,5.17,sg,f,5.38,sg,f,5.35,see
the king behind the woman sees the girl.,behind,center_embedding,sg,m,5.17,sg,f,5.38,sg,f,5.35,see
the king likes the girl near the woman.,near,peripheral,sg,m,5.17,sg,f,5.38,sg,f,5.35,like
the king near the woman likes the girl.,near,center_embedding,sg,m,5.17,sg,f,5.38,sg,f,5.35,like
the king likes the girl behind the woman.,behind,peripheral,sg,m,5.17,sg,f,5.38,sg,f,5.35,like
the king behind the woman likes the girl.,behind,center_embedding,sg,m,5.17,sg,f,5.38,sg,f,5.35,like
the king sees the girl near the women.,near,peripheral,sg,m,5.17,sg,f,5.38,pl,f,5.35,see
the king near the women sees the girl.,near,center_embedding,sg,m,5.17,sg,f,5.38,pl,f,5.35,see
the king sees the girl behind the women.,behind,peripheral,sg,m,5.17,sg,f,5.38,pl,f,5.35,see
the king behind the women sees the girl.,behind,center_embedding,sg,m,5.17,sg,f,5.38,pl,f,5.35,see
the king likes the girl near the women.,near,peripheral,sg,m,5.17,sg,f,5.38,pl,f,5.35,like
the king near the women likes the girl.,near,center_embedding,sg,m,5.17,sg,f,5.38,pl,f,5.35,like
the king likes the girl behind the women.,behind,peripheral,sg,m,5.17,sg,f,5.38,pl,f,5.35,like
the king behind the women likes the girl.,behind,center_embedding,sg,m,5.17,sg,f,5.38,pl,f,5.35,like
the king sees the girls near the woman.,near,peripheral,sg,m,5.17,pl,f,5.38,sg,f,5.35,see
the king near the woman sees the girls.,near,center_embedding,sg,m,5.17,pl,f,5.38,sg,f,5.35,see
the king sees the girls behind the woman.,behind,peripheral,sg,m,5.17,pl,f,5.38,sg,f,5.35,see
the king behind the woman sees the girls.,behind,center_embedding,sg,m,5.17,pl,f,5.38,sg,f,5.35,see
the king likes the girls near the woman.,near,peripheral,sg,m,5.17,pl,f,5.38,sg,f,5.35,like
the king near the woman likes the girls.,near,center_embedding,sg,m,5.17,pl,f,5.38,sg,f,5.35,like
the king likes the girls behind the woman.,behind,peripheral,sg,m,5.17,pl,f,5.38,sg,f,5.35,like
the king behind the woman likes the girls.,behind,center_embedding,sg,m,5.17,pl,f,5.38,sg,f,5.35,like
the king sees the girls near the women.,near,peripheral,sg,m,5.17,pl,f,5.38,pl,f,5.35,see
the king near the women sees the girls.,near,center_embedding,sg,m,5.17,pl,f,5.38,pl,f,5.35,see
the king sees the girls behind the women.,behind,peripheral,sg,m,5.17,pl,f,5.38,pl,f,5.35,see
the king behind the women sees the girls.,behind,center_embedding,sg,m,5.17,pl,f,5.38,pl,f,5.35,see
the king likes the girls near the women.,near,peripheral,sg,m,5.17,pl,f,5.38,pl,f,5.35,like
the king near the women likes the girls.,near,center_embedding,sg,m,5.17,pl,f,5.38,pl,f,5.35,like
the king likes the girls behind the women.,behind,peripheral,sg,m,5.17,pl,f,5.38,pl,f,5.35,like
the king behind the women likes the girls.,behind,center_embedding,sg,m,5.17,pl,f,5.38,pl,f,5.35,like
the kings see the girl near the woman.,near,peripheral,pl,m,5.17,sg,f,5.38,sg,f,5.35,see
the kings near the woman see the girl.,near,center_embedding,pl,m,5.17,sg,f,5.38,sg,f,5.35,see
the kings see the girl behind the woman.,behind,peripheral,pl,m,5.17,sg,f,5.38,sg,f,5.35,see
the kings behind the woman see the girl.,behind,center_embedding,pl,m,5.17,sg,f,5.38,sg,f,5.35,see
the kings like the girl near the woman.,near,peripheral,pl,m,5.17,sg,f,5.38,sg,f,5.35,like
the kings near the woman like the girl.,near,center_embedding,pl,m,5.17,sg,f,5.38,sg,f,5.35,like
the kings like the girl behind the woman.,behind,peripheral,pl,m,5.17,sg,f,5.38,sg,f,5.35,like
the kings behind the woman like the girl.,behind,center_embedding,pl,m,5.17,sg,f,5.38,sg,f,5.35,like
the kings see the girl near the women.,near,peripheral,pl,m,5.17,sg,f,5.38,pl,f,5.35,see
the kings near the women see the girl.,near,center_embedding,pl,m,5.17,sg,f,5.38,pl,f,5.35,see
the kings see the girl behind the women.,behind,peripheral,pl,m,5.17,sg,f,5.38,pl,f,5.35,see
the kings behind the women see the girl.,behind,center_embedding,pl,m,5.17,sg,f,5.38,pl,f,5.35,see
the kings like the girl near the women.,near,peripheral,pl,m,5.17,sg,f,5.38,pl,f,5.35,like
the kings near the women like the girl.,near,center_embedding,pl,m,5.17,sg,f,5.38,pl,f,5.35,like
the kings like the girl behind the women.,behind,peripheral,pl,m,5.17,sg,f,5.38,pl,f,5.35,like
the kings behind the women like the girl.,behind,center_embedding,pl,m,5.17,sg,f,5.38,pl,f,5.35,like
the kings see the girls near the woman.,near,peripheral,pl,m,5.17,pl,f,5.38,sg,f,5.35,see
the kings near the woman see the girls.,near,center_embedding,pl,m,5.17,pl,f,5.38,sg,f,5.35,see
the kings see the girls behind the woman.,behind,peripheral,pl,m,5.17,pl,f,5.38,sg,f,5.35,see
the kings behind the woman see the girls.,behind,center_embedding,pl,m,5.17,pl,f,5.38,sg,f,5.35,see
the kings like the girls near the woman.,near,peripheral,pl,m,5.17,pl,f,5.38,sg,f,5.35,like
the kings near the woman like the girls.,near,center_embedding,pl,m,5.17,pl,f,5.38,sg,f,5.35,like
the kings like the girls behind the woman.,behind,peripheral,pl,m,5.17,pl,f,5.38,sg,f,5.35,like
the kings behind the woman like the girls.,behind,center_embedding,pl,m,5.17,pl,f,5.38,sg,f,5.35,like
the kings see the girls near the women.,near,peripheral,pl,m,5.17,pl,f,5.38,pl,f,5.35,see
the kings near the women see the girls.,near,center_embedding,pl,m,5.17,pl,f,5.38,pl,f,5.35,see
the kings see the girls behind the women.,behind,peripheral,pl,m,5.17,pl,f,5.38,pl,f,5.35,see
the kings behind the women see the girls.,behind,center_embedding,pl,m,5.17,pl,f,5.38,pl,f,5.35,see
the kings like the girls near the women.,near,peripheral,pl,m,5.17,pl,f,5.38,pl,f,5.35,like
the kings near the women like the girls.,near,center_embedding,pl,m,5.17,pl,f,5.38,pl,f,5.35,like
the kings like the girls behind the women.,behind,peripheral,pl,m,5.17,pl,f,5.38,pl,f,5.35,like
the kings behind the women like the girls.,behind,center_embedding,pl,m,5.17,pl,f,5.38,pl,f,5.35,like
the king sees the girl near the lady.,near,peripheral,sg,m,5.17,sg,f,5.38,sg,f,4.95,see
the king near the lady sees the girl.,near,center_embedding,sg,m,5.17,sg,f,5.38,sg,f,4.95,see
the king sees the girl behind the lady.,behind,peripheral,sg,m,5.17,sg,f,5.38,sg,f,4.95,see
the king behind the lady sees the girl.,behind,center_embedding,sg,m,5.17,sg,f,5.38,sg,f,4.95,see
the king likes the girl near the lady.,near,peripheral,sg,m,5.17,sg,f,5.38,sg,f,4.95,like
the king near the lady likes the girl.,near,center_embedding,sg,m,5.17,sg,f,5.38,sg,f,4.95,like
the king likes the girl behind the lady.,behind,peripheral,sg,m,5.17,sg,f,5.38,sg,f,4.95,like
the king behind the lady likes the girl.,behind,center_embedding,sg,m,5.17,sg,f,5.38,sg,f,4.95,like
the king sees the girl near the ladies.,near,peripheral,sg,m,5.17,sg,f,5.38,pl,f,4.95,see
the king near the ladies sees the girl.,near,center_embedding,sg,m,5.17,sg,f,5.38,pl,f,4.95,see
the king sees the girl behind the ladies.,behind,peripheral,sg,m,5.17,sg,f,5.38,pl,f,4.95,see
the king behind the ladies sees the girl.,behind,center_embedding,sg,m,5.17,sg,f,5.38,pl,f,4.95,see
the king likes the girl near the ladies.,near,peripheral,sg,m,5.17,sg,f,5.38,pl,f,4.95,like
the king near the ladies likes the girl.,near,center_embedding,sg,m,5.17,sg,f,5.38,pl,f,4.95,like
the king likes the girl behind the ladies.,behind,peripheral,sg,m,5.17,sg,f,5.38,pl,f,4.95,like
the king behind the ladies likes the girl.,behind,center_embedding,sg,m,5.17,sg,f,5.38,pl,f,4.95,like
the king sees the girls near the lady.,near,peripheral,sg,m,5.17,pl,f,5.38,sg,f,4.95,see
the king near the lady sees the girls.,near,center_embedding,sg,m,5.17,pl,f,5.38,sg,f,4.95,see
the king sees the girls behind the lady.,behind,peripheral,sg,m,5.17,pl,f,5.38,sg,f,4.95,see
the king behind the lady sees the girls.,behind,center_embedding,sg,m,5.17,pl,f,5.38,sg,f,4.95,see
the king likes the girls near the lady.,near,peripheral,sg,m,5.17,pl,f,5.38,sg,f,4.95,like
the king near the lady likes the girls.,near,center_embedding,sg,m,5.17,pl,f,5.38,sg,f,4.95,like
the king likes the girls behind the lady.,behind,peripheral,sg,m,5.17,pl,f,5.38,sg,f,4.95,like
the king behind the lady likes the girls.,behind,center_embedding,sg,m,5.17,pl,f,5.38,sg,f,4.95,like
the king sees the girls near the ladies.,near,peripheral,sg,m,5.17,pl,f,5.38,pl,f,4.95,see
the king near the ladies sees the girls.,near,center_embedding,sg,m,5.17,pl,f,5.38,pl,f,4.95,see
the king sees the girls behind the ladies.,behind,peripheral,sg,m,5.17,pl,f,5.38,pl,f,4.95,see
the king behind the ladies sees the girls.,behind,center_embedding,sg,m,5.17,pl,f,5.38,pl,f,4.95,see
the king likes the girls near the ladies.,near,peripheral,sg,m,5.17,pl,f,5.38,pl,f,4.95,like
the king near the ladies likes the girls.,near,center_embedding,sg,m,5.17,pl,f,5.38,pl,f,4.95,like
the king likes the girls behind the ladies.,behind,peripheral,sg,m,5.17,pl,f,5.38,pl,f,4.95,like
the king behind the ladies likes the girls.,behind,center_embedding,sg,m,5.17,pl,f,5.38,pl,f,4.95,like
the kings see the girl near the lady.,near,peripheral,pl,m,5.17,sg,f,5.38,sg,f,4.95,see
the kings near the lady see the girl.,near,center_embedding,pl,m,5.17,sg,f,5.38,sg,f,4.95,see
the kings see the girl behind the lady.,behind,peripheral,pl,m,5.17,sg,f,5.38,sg,f,4.95,see
the kings behind the lady see the girl.,behind,center_embedding,pl,m,5.17,sg,f,5.38,sg,f,4.95,see
the kings like the girl near the lady.,near,peripheral,pl,m,5.17,sg,f,5.38,sg,f,4.95,like
the kings near the lady like the girl.,near,center_embedding,pl,m,5.17,sg,f,5.38,sg,f,4.95,like
the kings like the girl behind the lady.,behind,peripheral,pl,m,5.17,sg,f,5.38,sg,f,4.95,like
the kings behind the lady like the girl.,behind,center_embedding,pl,m,5.17,sg,f,5.38,sg,f,4.95,like
the kings see the girl near the ladies.,near,peripheral,pl,m,5.17,sg,f,5.38,pl,f,4.95,see
the kings near the ladies see the girl.,near,center_embedding,pl,m,5.17,sg,f,5.38,pl,f,4.95,see
the kings see the girl behind the ladies.,behind,peripheral,pl,m,5.17,sg,f,5.38,pl,f,4.95,see
the kings behind the ladies see the girl.,behind,center_embedding,pl,m,5.17,sg,f,5.38,pl,f,4.95,see
the kings like the girl near the ladies.,near,peripheral,pl,m,5.17,sg,f,5.38,pl,f,4.95,like
the kings near the ladies like the girl.,near,center_embedding,pl,m,5.17,sg,f,5.38,pl,f,4.95,like
the kings like the girl behind the ladies.,behind,peripheral,pl,m,5.17,sg,f,5.38,pl,f,4.95,like
the kings behind the ladies like the girl.,behind,center_embedding,pl,m,5.17,sg,f,5.38,pl,f,4.95,like
the kings see the girls near the lady.,near,peripheral,pl,m,5.17,pl,f,5.38,sg,f,4.95,see
the kings near the lady see the girls.,near,center_embedding,pl,m,5.17,pl,f,5.38,sg,f,4.95,see
the kings see the girls behind the lady.,behind,peripheral,pl,m,5.17,pl,f,5.38,sg,f,4.95,see
the kings behind the lady see the girls.,behind,center_embedding,pl,m,5.17,pl,f,5.38,sg,f,4.95,see
the kings like the girls near the lady.,near,peripheral,pl,m,5.17,pl,f,5.38,sg,f,4.95,like
the kings near the lady like the girls.,near,center_embedding,pl,m,5.17,pl,f,5.38,sg,f,4.95,like
the kings like the girls behind the lady.,behind,peripheral,pl,m,5.17,pl,f,5.38,sg,f,4.95,like
the kings behind the lady like the girls.,behind,center_embedding,pl,m,5.17,pl,f,5.38,sg,f,4.95,like
the kings see the girls near the ladies.,near,peripheral,pl,m,5.17,pl,f,5.38,pl,f,4.95,see
the kings near the ladies see the girls.,near,center_embedding,pl,m,5.17,pl,f,5.38,pl,f,4.95,see
the kings see the girls behind the ladies.,behind,peripheral,pl,m,5.17,pl,f,5.38,pl,f,4.95,see
the kings behind the ladies see the girls.,behind,center_embedding,pl,m,5.17,pl,f,5.38,pl,f,4.95,see
the kings like the girls near the ladies.,near,peripheral,pl,m,5.17,pl,f,5.38,pl,f,4.95,like
the kings near the ladies like the girls.,near,center_embedding,pl,m,5.17,pl,f,5.38,pl,f,4.95,like
the kings like the girls behind the ladies.,behind,peripheral,pl,m,5.17,pl,f,5.38,pl,f,4.95,like
the kings behind the ladies like the girls.,behind,center_embedding,pl,m,5.17,pl,f,5.38,pl,f,4.95,like
the king sees the girl near the man.,near,peripheral,sg,m,5.17,sg,f,5.38,sg,m,5.82,see
the king near the man sees the girl.,near,center_embedding,sg,m,5.17,sg,f,5.38,sg,m,5.82,see
the king sees the girl behind the man.,behind,peripheral,sg,m,5.17,sg,f,5.38,sg,m,5.82,see
the king behind the man sees the girl.,behind,center_embedding,sg,m,5.17,sg,f,5.38,sg,m,5.82,see
the king likes the girl near the man.,near,peripheral,sg,m,5.17,sg,f,5.38,sg,m,5.82,like
the king near the man likes the girl.,near,center_embedding,sg,m,5.17,sg,f,5.38,sg,m,5.82,like
the king likes the girl behind the man.,behind,peripheral,sg,m,5.17,sg,f,5.38,sg,m,5.82,like
the king behind the man likes the girl.,behind,center_embedding,sg,m,5.17,sg,f,5.38,sg,m,5.82,like
the king sees the girl near the men.,near,peripheral,sg,m,5.17,sg,f,5.38,pl,m,5.82,see
the king near the men sees the girl.,near,center_embedding,sg,m,5.17,sg,f,5.38,pl,m,5.82,see
the king sees the girl behind the men.,behind,peripheral,sg,m,5.17,sg,f,5.38,pl,m,5.82,see
the king behind the men sees the girl.,behind,center_embedding,sg,m,5.17,sg,f,5.38,pl,m,5.82,see
the king likes the girl near the men.,near,peripheral,sg,m,5.17,sg,f,5.38,pl,m,5.82,like
the king near the men likes the girl.,near,center_embedding,sg,m,5.17,sg,f,5.38,pl,m,5.82,like
the king likes the girl behind the men.,behind,peripheral,sg,m,5.17,sg,f,5.38,pl,m,5.82,like
the king behind the men likes the girl.,behind,center_embedding,sg,m,5.17,sg,f,5.38,pl,m,5.82,like
the king sees the girls near the man.,near,peripheral,sg,m,5.17,pl,f,5.38,sg,m,5.82,see
the king near the man sees the girls.,near,center_embedding,sg,m,5.17,pl,f,5.38,sg,m,5.82,see
the king sees the girls behind the man.,behind,peripheral,sg,m,5.17,pl,f,5.38,sg,m,5.82,see
the king behind the man sees the girls.,behind,center_embedding,sg,m,5.17,pl,f,5.38,sg,m,5.82,see
the king likes the girls near the man.,near,peripheral,sg,m,5.17,pl,f,5.38,sg,m,5.82,like
the king near the man likes the girls.,near,center_embedding,sg,m,5.17,pl,f,5.38,sg,m,5.82,like
the king likes the girls behind the man.,behind,peripheral,sg,m,5.17,pl,f,5.38,sg,m,5.82,like
the king behind the man likes the girls.,behind,center_embedding,sg,m,5.17,pl,f,5.38,sg,m,5.82,like
the king sees the girls near the men.,near,peripheral,sg,m,5.17,pl,f,5.38,pl,m,5.82,see
the king near the men sees the girls.,near,center_embedding,sg,m,5.17,pl,f,5.38,pl,m,5.82,see
the king sees the girls behind the men.,behind,peripheral,sg,m,5.17,pl,f,5.38,pl,m,5.82,see
the king behind the men sees the girls.,behind,center_embedding,sg,m,5.17,pl,f,5.38,pl,m,5.82,see
the king likes the girls near the men.,near,peripheral,sg,m,5.17,pl,f,5.38,pl,m,5.82,like
the king near the men likes the girls.,near,center_embedding,sg,m,5.17,pl,f,5.38,pl,m,5.82,like
the king likes the girls behind the men.,behind,peripheral,sg,m,5.17,pl,f,5.38,pl,m,5.82,like
the king behind the men likes the girls.,behind,center_embedding,sg,m,5.17,pl,f,5.38,pl,m,5.82,like
the kings see the girl near the man.,near,peripheral,pl,m,5.17,sg,f,5.38,sg,m,5.82,see
the kings near the man see the girl.,near,center_embedding,pl,m,5.17,sg,f,5.38,sg,m,5.82,see
the kings see the girl behind the man.,behind,peripheral,pl,m,5.17,sg,f,5.38,sg,m,5.82,see
the kings behind the man see the girl.,behind,center_embedding,pl,m,5.17,sg,f,5.38,sg,m,5.82,see
the kings like the girl near the man.,near,peripheral,pl,m,5.17,sg,f,5.38,sg,m,5.82,like
the kings near the man like the girl.,near,center_embedding,pl,m,5.17,sg,f,5.38,sg,m,5.82,like
the kings like the girl behind the man.,behind,peripheral,pl,m,5.17,sg,f,5.38,sg,m,5.82,like
the kings behind the man like the girl.,behind,center_embedding,pl,m,5.17,sg,f,5.38,sg,m,5.82,like
the kings see the girl near the men.,near,peripheral,pl,m,5.17,sg,f,5.38,pl,m,5.82,see
the kings near the men see the girl.,near,center_embedding,pl,m,5.17,sg,f,5.38,pl,m,5.82,see
the kings see the girl behind the men.,behind,peripheral,pl,m,5.17,sg,f,5.38,pl,m,5.82,see
the kings behind the men see the girl.,behind,center_embedding,pl,m,5.17,sg,f,5.38,pl,m,5.82,see
the kings like the girl near the men.,near,peripheral,pl,m,5.17,sg,f,5.38,pl,m,5.82,like
the kings near the men like the girl.,near,center_embedding,pl,m,5.17,sg,f,5.38,pl,m,5.82,like
the kings like the girl behind the men.,behind,peripheral,pl,m,5.17,sg,f,5.38,pl,m,5.82,like
the kings behind the men like the girl.,behind,center_embedding,pl,m,5.17,sg,f,5.38,pl,m,5.82,like
the kings see the girls near the man.,near,peripheral,pl,m,5.17,pl,f,5.38,sg,m,5.82,see
the kings near the man see the girls.,near,center_embedding,pl,m,5.17,pl,f,5.38,sg,m,5.82,see
the kings see the girls behind the man.,behind,peripheral,pl,m,5.17,pl,f,5.38,sg,m,5.82,see
the kings behind the man see the girls.,behind,center_embedding,pl,m,5.17,pl,f,5.38,sg,m,5.82,see
the kings like the girls near the man.,near,peripheral,pl,m,5.17,pl,f,5.38,sg,m,5.82,like
the kings near the man like the girls.,near,center_embedding,pl,m,5.17,pl,f,5.38,sg,m,5.82,like
the kings like the girls behind the man.,behind,peripheral,pl,m,5.17,pl,f,5.38,sg,m,5.82,like
the kings behind the man like the girls.,behind,center_embedding,pl,m,5.17,pl,f,5.38,sg,m,5.82,like
the kings see the girls near the men.,near,peripheral,pl,m,5.17,pl,f,5.38,pl,m,5.82,see
the kings near the men see the girls.,near,center_embedding,pl,m,5.17,pl,f,5.38,pl,m,5.82,see
the kings see the girls behind the men.,behind,peripheral,pl,m,5.17,pl,f,5.38,pl,m,5.82,see
the kings behind the men see the girls.,behind,center_embedding,pl,m,5.17,pl,f,5.38,pl,m,5.82,see
the kings like the girls near the men.,near,peripheral,pl,m,5.17,pl,f,5.38,pl,m,5.82,like
the kings near the men like the girls.,near,center_embedding,pl,m,5.17,pl,f,5.38,pl,m,5.82,like
the kings like the girls behind the men.,behind,peripheral,pl,m,5.17,pl,f,5.38,pl,m,5.82,like
the kings behind the men like the girls.,behind,center_embedding,pl,m,5.17,pl,f,5.38,pl,m,5.82,like
the king sees the girl near the boy.,near,peripheral,sg,m,5.17,sg,f,5.38,sg,m,5.17,see
the king near the boy sees the girl.,near,center_embedding,sg,m,5.17,sg,f,5.38,sg,m,5.17,see
the king sees the girl behind the boy.,behind,peripheral,sg,m,5.17,sg,f,5.38,sg,m,5.17,see
the king behind the boy sees the girl.,behind,center_embedding,sg,m,5.17,sg,f,5.38,sg,m,5.17,see
the king likes the girl near the boy.,near,peripheral,sg,m,5.17,sg,f,5.38,sg,m,5.17,like
the king near the boy likes the girl.,near,center_embedding,sg,m,5.17,sg,f,5.38,sg,m,5.17,like
the king likes the girl behind the boy.,behind,peripheral,sg,m,5.17,sg,f,5.38,sg,m,5.17,like
the king behind the boy likes the girl.,behind,center_embedding,sg,m,5.17,sg,f,5.38,sg,m,5.17,like
the king sees the girl near the boys.,near,peripheral,sg,m,5.17,sg,f,5.38,pl,m,5.17,see
the king near the boys sees the girl.,near,center_embedding,sg,m,5.17,sg,f,5.38,pl,m,5.17,see
the king sees the girl behind the boys.,behind,peripheral,sg,m,5.17,sg,f,5.38,pl,m,5.17,see
the king behind the boys sees the girl.,behind,center_embedding,sg,m,5.17,sg,f,5.38,pl,m,5.17,see
the king likes the girl near the boys.,near,peripheral,sg,m,5.17,sg,f,5.38,pl,m,5.17,like
the king near the boys likes the girl.,near,center_embedding,sg,m,5.17,sg,f,5.38,pl,m,5.17,like
the king likes the girl behind the boys.,behind,peripheral,sg,m,5.17,sg,f,5.38,pl,m,5.17,like
the king behind the boys likes the girl.,behind,center_embedding,sg,m,5.17,sg,f,5.38,pl,m,5.17,like
the king sees the girls near the boy.,near,peripheral,sg,m,5.17,pl,f,5.38,sg,m,5.17,see
the king near the boy sees the girls.,near,center_embedding,sg,m,5.17,pl,f,5.38,sg,m,5.17,see
the king sees the girls behind the boy.,behind,peripheral,sg,m,5.17,pl,f,5.38,sg,m,5.17,see
the king behind the boy sees the girls.,behind,center_embedding,sg,m,5.17,pl,f,5.38,sg,m,5.17,see
the king likes the girls near the boy.,near,peripheral,sg,m,5.17,pl,f,5.38,sg,m,5.17,like
the king near the boy likes the girls.,near,center_embedding,sg,m,5.17,pl,f,5.38,sg,m,5.17,like
the king likes the girls behind the boy.,behind,peripheral,sg,m,5.17,pl,f,5.38,sg,m,5.17,like
the king behind the boy likes the girls.,behind,center_embedding,sg,m,5.17,pl,f,5.38,sg,m,5.17,like
the king sees the girls near the boys.,near,peripheral,sg,m,5.17,pl,f,5.38,pl,m,5.17,see
the king near the boys sees the girls.,near,center_embedding,sg,m,5.17,pl,f,5.38,pl,m,5.17,see
the king sees the girls behind the boys.,behind,peripheral,sg,m,5.17,pl,f,5.38,pl,m,5.17,see
the king behind the boys sees the girls.,behind,center_embedding,sg,m,5.17,pl,f,5.38,pl,m,5.17,see
the king likes the girls near the boys.,near,peripheral,sg,m,5.17,pl,f,5.38,pl,m,5.17,like
the king near the boys likes the girls.,near,center_embedding,sg,m,5.17,pl,f,5.38,pl,m,5.17,like
the king likes the girls behind the boys.,behind,peripheral,sg,m,5.17,pl,f,5.38,pl,m,5.17,like
the king behind the boys likes the girls.,behind,center_embedding,sg,m,5.17,pl,f,5.38,pl,m,5.17,like
the kings see the girl near the boy.,near,peripheral,pl,m,5.17,sg,f,5.38,sg,m,5.17,see
the kings near the boy see the girl.,near,center_embedding,pl,m,5.17,sg,f,5.38,sg,m,5.17,see
the kings see the girl behind the boy.,behind,peripheral,pl,m,5.17,sg,f,5.38,sg,m,5.17,see
the kings behind the boy see the girl.,behind,center_embedding,pl,m,5.17,sg,f,5.38,sg,m,5.17,see
the kings like the girl near the boy.,near,peripheral,pl,m,5.17,sg,f,5.38,sg,m,5.17,like
the kings near the boy like the girl.,near,center_embedding,pl,m,5.17,sg,f,5.38,sg,m,5.17,like
the kings like the girl behind the boy.,behind,peripheral,pl,m,5.17,sg,f,5.38,sg,m,5.17,like
the kings behind the boy like the girl.,behind,center_embedding,pl,m,5.17,sg,f,5.38,sg,m,5.17,like
the kings see the girl near the boys.,near,peripheral,pl,m,5.17,sg,f,5.38,pl,m,5.17,see
the kings near the boys see the girl.,near,center_embedding,pl,m,5.17,sg,f,5.38,pl,m,5.17,see
the kings see the girl behind the boys.,behind,peripheral,pl,m,5.17,sg,f,5.38,pl,m,5.17,see
the kings behind the boys see the girl.,behind,center_embedding,pl,m,5.17,sg,f,5.38,pl,m,5.17,see
the kings like the girl near the boys.,near,peripheral,pl,m,5.17,sg,f,5.38,pl,m,5.17,like
the kings near the boys like the girl.,near,center_embedding,pl,m,5.17,sg,f,5.38,pl,m,5.17,like
the kings like the girl behind the boys.,behind,peripheral,pl,m,5.17,sg,f,5.38,pl,m,5.17,like
the kings behind the boys like the girl.,behind,center_embedding,pl,m,5.17,sg,f,5.38,pl,m,5.17,like
the kings see the girls near the boy.,near,peripheral,pl,m,5.17,pl,f,5.38,sg,m,5.17,see
the kings near the boy see the girls.,near,center_embedding,pl,m,5.17,pl,f,5.38,sg,m,5.17,see
the kings see the girls behind the boy.,behind,peripheral,pl,m,5.17,pl,f,5.38,sg,m,5.17,see
the kings behind the boy see the girls.,behind,center_embedding,pl,m,5.17,pl,f,5.38,sg,m,5.17,see
the kings like the girls near the boy.,near,peripheral,pl,m,5.17,pl,f,5.38,sg,m,5.17,like
the kings near the boy like the girls.,near,center_embedding,pl,m,5.17,pl,f,5.38,sg,m,5.17,like
the kings like the girls behind the boy.,behind,peripheral,pl,m,5.17,pl,f,5.38,sg,m,5.17,like
the kings behind the boy like the girls.,behind,center_embedding,pl,m,5.17,pl,f,5.38,sg,m,5.17,like
the kings see the girls near the boys.,near,peripheral,pl,m,5.17,pl,f,5.38,pl,m,5.17,see
the kings near the boys see the girls.,near,center_embedding,pl,m,5.17,pl,f,5.38,pl,m,5.17,see
the kings see the girls behind the boys.,behind,peripheral,pl,m,5.17,pl,f,5.38,pl,m,5.17,see
the kings behind the boys see the girls.,behind,center_embedding,pl,m,5.17,pl,f,5.38,pl,m,5.17,see
the kings like the girls near the boys.,near,peripheral,pl,m,5.17,pl,f,5.38,pl,m,5.17,like
the kings near the boys like the girls.,near,center_embedding,pl,m,5.17,pl,f,5.38,pl,m,5.17,like
the kings like the girls behind the boys.,behind,peripheral,pl,m,5.17,pl,f,5.38,pl,m,5.17,like
the kings behind the boys like the girls.,behind,center_embedding,pl,m,5.17,pl,f,5.38,pl,m,5.17,like
the king sees the lady near the woman.,near,peripheral,sg,m,5.17,sg,f,4.95,sg,f,5.35,see
the king near the woman sees the lady.,near,center_embedding,sg,m,5.17,sg,f,4.95,sg,f,5.35,see
the king sees the lady behind the woman.,behind,peripheral,sg,m,5.17,sg,f,4.95,sg,f,5.35,see
the king behind the woman sees the lady.,behind,center_embedding,sg,m,5.17,sg,f,4.95,sg,f,5.35,see
the king likes the lady near the woman.,near,peripheral,sg,m,5.17,sg,f,4.95,sg,f,5.35,like
the king near the woman likes the lady.,near,center_embedding,sg,m,5.17,sg,f,4.95,sg,f,5.35,like
the king likes the lady behind the woman.,behind,peripheral,sg,m,5.17,sg,f,4.95,sg,f,5.35,like
the king behind the woman likes the lady.,behind,center_embedding,sg,m,5.17,sg,f,4.95,sg,f,5.35,like
the king sees the lady near the women.,near,peripheral,sg,m,5.17,sg,f,4.95,pl,f,5.35,see
the king near the women sees the lady.,near,center_embedding,sg,m,5.17,sg,f,4.95,pl,f,5.35,see
the king sees the lady behind the women.,behind,peripheral,sg,m,5.17,sg,f,4.95,pl,f,5.35,see
the king behind the women sees the lady.,behind,center_embedding,sg,m,5.17,sg,f,4.95,pl,f,5.35,see
the king likes the lady near the women.,near,peripheral,sg,m,5.17,sg,f,4.95,pl,f,5.35,like
the king near the women likes the lady.,near,center_embedding,sg,m,5.17,sg,f,4.95,pl,f,5.35,like
the king likes the lady behind the women.,behind,peripheral,sg,m,5.17,sg,f,4.95,pl,f,5.35,like
the king behind the women likes the lady.,behind,center_embedding,sg,m,5.17,sg,f,4.95,pl,f,5.35,like
the king sees the ladies near the woman.,near,peripheral,sg,m,5.17,pl,f,4.95,sg,f,5.35,see
the king near the woman sees the ladies.,near,center_embedding,sg,m,5.17,pl,f,4.95,sg,f,5.35,see
the king sees the ladies behind the woman.,behind,peripheral,sg,m,5.17,pl,f,4.95,sg,f,5.35,see
the king behind the woman sees the ladies.,behind,center_embedding,sg,m,5.17,pl,f,4.95,sg,f,5.35,see
the king likes the ladies near the woman.,near,peripheral,sg,m,5.17,pl,f,4.95,sg,f,5.35,like
the king near the woman likes the ladies.,near,center_embedding,sg,m,5.17,pl,f,4.95,sg,f,5.35,like
the king likes the ladies behind the woman.,behind,peripheral,sg,m,5.17,pl,f,4.95,sg,f,5.35,like
the king behind the woman likes the ladies.,behind,center_embedding,sg,m,5.17,pl,f,4.95,sg,f,5.35,like
the king sees the ladies near the women.,near,peripheral,sg,m,5.17,pl,f,4.95,pl,f,5.35,see
the king near the women sees the ladies.,near,center_embedding,sg,m,5.17,pl,f,4.95,pl,f,5.35,see
the king sees the ladies behind the women.,behind,peripheral,sg,m,5.17,pl,f,4.95,pl,f,5.35,see
the king behind the women sees the ladies.,behind,center_embedding,sg,m,5.17,pl,f,4.95,pl,f,5.35,see
the king likes the ladies near the women.,near,peripheral,sg,m,5.17,pl,f,4.95,pl,f,5.35,like
the king near the women likes the ladies.,near,center_embedding,sg,m,5.17,pl,f,4.95,pl,f,5.35,like
the king likes the ladies behind the women.,behind,peripheral,sg,m,5.17,pl,f,4.95,pl,f,5.35,like
the king behind the women likes the ladies.,behind,center_embedding,sg,m,5.17,pl,f,4.95,pl,f,5.35,like
the kings see the lady near the woman.,near,peripheral,pl,m,5.17,sg,f,4.95,sg,f,5.35,see
the kings near the woman see the lady.,near,center_embedding,pl,m,5.17,sg,f,4.95,sg,f,5.35,see
the kings see the lady behind the woman.,behind,peripheral,pl,m,5.17,sg,f,4.95,sg,f,5.35,see
the kings behind the woman see the lady.,behind,center_embedding,pl,m,5.17,sg,f,4.95,sg,f,5.35,see
the kings like the lady near the woman.,near,peripheral,pl,m,5.17,sg,f,4.95,sg,f,5.35,like
the kings near the woman like the lady.,near,center_embedding,pl,m,5.17,sg,f,4.95,sg,f,5.35,like
the kings like the lady behind the woman.,behind,peripheral,pl,m,5.17,sg,f,4.95,sg,f,5.35,like
the kings behind the woman like the lady.,behind,center_embedding,pl,m,5.17,sg,f,4.95,sg,f,5.35,like
the kings see the lady near the women.,near,peripheral,pl,m,5.17,sg,f,4.95,pl,f,5.35,see
the kings near the women see the lady.,near,center_embedding,pl,m,5.17,sg,f,4.95,pl,f,5.35,see
the kings see the lady behind the women.,behind,peripheral,pl,m,5.17,sg,f,4.95,pl,f,5.35,see
the kings behind the women see the lady.,behind,center_embedding,pl,m,5.17,sg,f,4.95,pl,f,5.35,see
the kings like the lady near the women.,near,peripheral,pl,m,5.17,sg,f,4.95,pl,f,5.35,like
the kings near the women like the lady.,near,center_embedding,pl,m,5.17,sg,f,4.95,pl,f,5.35,like
the kings like the lady behind the women.,behind,peripheral,pl,m,5.17,sg,f,4.95,pl,f,5.35,like
the kings behind the women like the lady.,behind,center_embedding,pl,m,5.17,sg,f,4.95,pl,f,5.35,like
the kings see the ladies near the woman.,near,peripheral,pl,m,5.17,pl,f,4.95,sg,f,5.35,see
the kings near the woman see the ladies.,near,center_embedding,pl,m,5.17,pl,f,4.95,sg,f,5.35,see
the kings see the ladies behind the woman.,behind,peripheral,pl,m,5.17,pl,f,4.95,sg,f,5.35,see
the kings behind the woman see the ladies.,behind,center_embedding,pl,m,5.17,pl,f,4.95,sg,f,5.35,see
the kings like the ladies near the woman.,near,peripheral,pl,m,5.17,pl,f,4.95,sg,f,5.35,like
the kings near the woman like the ladies.,near,center_embedding,pl,m,5.17,pl,f,4.95,sg,f,5.35,like
the kings like the ladies behind the woman.,behind,peripheral,pl,m,5.17,pl,f,4.95,sg,f,5.35,like
the kings behind the woman like the ladies.,behind,center_embedding,pl,m,5.17,pl,f,4.95,sg,f,5.35,like
the kings see the ladies near the women.,near,peripheral,pl,m,5.17,pl,f,4.95,pl,f,5.35,see
the kings near the women see the ladies.,near,center_embedding,pl,m,5.17,pl,f,4.95,pl,f,5.35,see
the kings see the ladies behind the women.,behind,peripheral,pl,m,5.17,pl,f,4.95,pl,f,5.35,see
the kings behind the women see the ladies.,behind,center_embedding,pl,m,5.17,pl,f,4.95,pl,f,5.35,see
the kings like the ladies near the women.,near,peripheral,pl,m,5.17,pl,f,4.95,pl,f,5.35,like
the kings near the women like the ladies.,near,center_embedding,pl,m,5.17,pl,f,4.95,pl,f,5.35,like
the kings like the ladies behind the women.,behind,peripheral,pl,m,5.17,pl,f,4.95,pl,f,5.35,like
the kings behind the women like the ladies.,behind,center_embedding,pl,m,5.17,pl,f,4.95,pl,f,5.35,like
the king sees the lady near the girl.,near,peripheral,sg,m,5.17,sg,f,4.95,sg,f,5.38,see
the king near the girl sees the lady.,near,center_embedding,sg,m,5.17,sg,f,4.95,sg,f,5.38,see
the king sees the lady behind the girl.,behind,peripheral,sg,m,5.17,sg,f,4.95,sg,f,5.38,see
the king behind the girl sees the lady.,behind,center_embedding,sg,m,5.17,sg,f,4.95,sg,f,5.38,see
the king likes the lady near the girl.,near,peripheral,sg,m,5.17,sg,f,4.95,sg,f,5.38,like
the king near the girl likes the lady.,near,center_embedding,sg,m,5.17,sg,f,4.95,sg,f,5.38,like
the king likes the lady behind the girl.,behind,peripheral,sg,m,5.17,sg,f,4.95,sg,f,5.38,like
the king behind the girl likes the lady.,behind,center_embedding,sg,m,5.17,sg,f,4.95,sg,f,5.38,like
the king sees the lady near the girls.,near,peripheral,sg,m,5.17,sg,f,4.95,pl,f,5.38,see
the king near the girls sees the lady.,near,center_embedding,sg,m,5.17,sg,f,4.95,pl,f,5.38,see
the king sees the lady behind the girls.,behind,peripheral,sg,m,5.17,sg,f,4.95,pl,f,5.38,see
the king behind the girls sees the lady.,behind,center_embedding,sg,m,5.17,sg,f,4.95,pl,f,5.38,see
the king likes the lady near the girls.,near,peripheral,sg,m,5.17,sg,f,4.95,pl,f,5.38,like
the king near the girls likes the lady.,near,center_embedding,sg,m,5.17,sg,f,4.95,pl,f,5.38,like
the king likes the lady behind the girls.,behind,peripheral,sg,m,5.17,sg,f,4.95,pl,f,5.38,like
the king behind the girls likes the lady.,behind,center_embedding,sg,m,5.17,sg,f,4.95,pl,f,5.38,like
the king sees the ladies near the girl.,near,peripheral,sg,m,5.17,pl,f,4.95,sg,f,5.38,see
the king near the girl sees the ladies.,near,center_embedding,sg,m,5.17,pl,f,4.95,sg,f,5.38,see
the king sees the ladies behind the girl.,behind,peripheral,sg,m,5.17,pl,f,4.95,sg,f,5.38,see
the king behind the girl sees the ladies.,behind,center_embedding,sg,m,5.17,pl,f,4.95,sg,f,5.38,see
the king likes the ladies near the girl.,near,peripheral,sg,m,5.17,pl,f,4.95,sg,f,5.38,like
the king near the girl likes the ladies.,near,center_embedding,sg,m,5.17,pl,f,4.95,sg,f,5.38,like
the king likes the ladies behind the girl.,behind,peripheral,sg,m,5.17,pl,f,4.95,sg,f,5.38,like
the king behind the girl likes the ladies.,behind,center_embedding,sg,m,5.17,pl,f,4.95,sg,f,5.38,like
the king sees the ladies near the girls.,near,peripheral,sg,m,5.17,pl,f,4.95,pl,f,5.38,see
the king near the girls sees the ladies.,near,center_embedding,sg,m,5.17,pl,f,4.95,pl,f,5.38,see
the king sees the ladies behind the girls.,behind,peripheral,sg,m,5.17,pl,f,4.95,pl,f,5.38,see
the king behind the girls sees the ladies.,behind,center_embedding,sg,m,5.17,pl,f,4.95,pl,f,5.38,see
the king likes the ladies near the girls.,near,peripheral,sg,m,5.17,pl,f,4.95,pl,f,5.38,like
the king near the girls likes the ladies.,near,center_embedding,sg,m,5.17,pl,f,4.95,pl,f,5.38,like
the king likes the ladies behind the girls.,behind,peripheral,sg,m,5.17,pl,f,4.95,pl,f,5.38,like
the king behind the girls likes the ladies.,behind,center_embedding,sg,m,5.17,pl,f,4.95,pl,f,5.38,like
the kings see the lady near the girl.,near,peripheral,pl,m,5.17,sg,f,4.95,sg,f,5.38,see
the kings near the girl see the lady.,near,center_embedding,pl,m,5.17,sg,f,4.95,sg,f,5.38,see
the kings see the lady behind the girl.,behind,peripheral,pl,m,5.17,sg,f,4.95,sg,f,5.38,see
the kings behind the girl see the lady.,behind,center_embedding,pl,m,5.17,sg,f,4.95,sg,f,5.38,see
the kings like the lady near the girl.,near,peripheral,pl,m,5.17,sg,f,4.95,sg,f,5.38,like
the kings near the girl like the lady.,near,center_embedding,pl,m,5.17,sg,f,4.95,sg,f,5.38,like
the kings like the lady behind the girl.,behind,peripheral,pl,m,5.17,sg,f,4.95,sg,f,5.38,like
the kings behind the girl like the lady.,behind,center_embedding,pl,m,5.17,sg,f,4.95,sg,f,5.38,like
the kings see the lady near the girls.,near,peripheral,pl,m,5.17,sg,f,4.95,pl,f,5.38,see
the kings near the girls see the lady.,near,center_embedding,pl,m,5.17,sg,f,4.95,pl,f,5.38,see
the kings see the lady behind the girls.,behind,peripheral,pl,m,5.17,sg,f,4.95,pl,f,5.38,see
the kings behind the girls see the lady.,behind,center_embedding,pl,m,5.17,sg,f,4.95,pl,f,5.38,see
the kings like the lady near the girls.,near,peripheral,pl,m,5.17,sg,f,4.95,pl,f,5.38,like
the kings near the girls like the lady.,near,center_embedding,pl,m,5.17,sg,f,4.95,pl,f,5.38,like
the kings like the lady behind the girls.,behind,peripheral,pl,m,5.17,sg,f,4.95,pl,f,5.38,like
the kings behind the girls like the lady.,behind,center_embedding,pl,m,5.17,sg,f,4.95,pl,f,5.38,like
the kings see the ladies near the girl.,near,peripheral,pl,m,5.17,pl,f,4.95,sg,f,5.38,see
the kings near the girl see the ladies.,near,center_embedding,pl,m,5.17,pl,f,4.95,sg,f,5.38,see
the kings see the ladies behind the girl.,behind,peripheral,pl,m,5.17,pl,f,4.95,sg,f,5.38,see
the kings behind the girl see the ladies.,behind,center_embedding,pl,m,5.17,pl,f,4.95,sg,f,5.38,see
the kings like the ladies near the girl.,near,peripheral,pl,m,5.17,pl,f,4.95,sg,f,5.38,like
the kings near the girl like the ladies.,near,center_embedding,pl,m,5.17,pl,f,4.95,sg,f,5.38,like
the kings like the ladies behind the girl.,behind,peripheral,pl,m,5.17,pl,f,4.95,sg,f,5.38,like
the kings behind the girl like the ladies.,behind,center_embedding,pl,m,5.17,pl,f,4.95,sg,f,5.38,like
the kings see the ladies near the girls.,near,peripheral,pl,m,5.17,pl,f,4.95,pl,f,5.38,see
the kings near the girls see the ladies.,near,center_embedding,pl,m,5.17,pl,f,4.95,pl,f,5.38,see
the kings see the ladies behind the girls.,behind,peripheral,pl,m,5.17,pl,f,4.95,pl,f,5.38,see
the kings behind the girls see the ladies.,behind,center_embedding,pl,m,5.17,pl,f,4.95,pl,f,5.38,see
the kings like the ladies near the girls.,near,peripheral,pl,m,5.17,pl,f,4.95,pl,f,5.38,like
the kings near the girls like the ladies.,near,center_embedding,pl,m,5.17,pl,f,4.95,pl,f,5.38,like
the kings like the ladies behind the girls.,behind,peripheral,pl,m,5.17,pl,f,4.95,pl,f,5.38,like
the kings behind the girls like the ladies.,behind,center_embedding,pl,m,5.17,pl,f,4.95,pl,f,5.38,like
the king sees the lady near the man.,near,peripheral,sg,m,5.17,sg,f,4.95,sg,m,5.82,see
the king near the man sees the lady.,near,center_embedding,sg,m,5.17,sg,f,4.95,sg,m,5.82,see
the king sees the lady behind the man.,behind,peripheral,sg,m,5.17,sg,f,4.95,sg,m,5.82,see
the king behind the man sees the lady.,behind,center_embedding,sg,m,5.17,sg,f,4.95,sg,m,5.82,see
the king likes the lady near the man.,near,peripheral,sg,m,5.17,sg,f,4.95,sg,m,5.82,like
the king near the man likes the lady.,near,center_embedding,sg,m,5.17,sg,f,4.95,sg,m,5.82,like
the king likes the lady behind the man.,behind,peripheral,sg,m,5.17,sg,f,4.95,sg,m,5.82,like
the king behind the man likes the lady.,behind,center_embedding,sg,m,5.17,sg,f,4.95,sg,m,5.82,like
the king sees the lady near the men.,near,peripheral,sg,m,5.17,sg,f,4.95,pl,m,5.82,see
the king near the men sees the lady.,near,center_embedding,sg,m,5.17,sg,f,4.95,pl,m,5.82,see
the king sees the lady behind the men.,behind,peripheral,sg,m,5.17,sg,f,4.95,pl,m,5.82,see
the king behind the men sees the lady.,behind,center_embedding,sg,m,5.17,sg,f,4.95,pl,m,5.82,see
the king likes the lady near the men.,near,peripheral,sg,m,5.17,sg,f,4.95,pl,m,5.82,like
the king near the men likes the lady.,near,center_embedding,sg,m,5.17,sg,f,4.95,pl,m,5.82,like
the king likes the lady behind the men.,behind,peripheral,sg,m,5.17,sg,f,4.95,pl,m,5.82,like
the king behind the men likes the lady.,behind,center_embedding,sg,m,5.17,sg,f,4.95,pl,m,5.82,like
the king sees the ladies near the man.,near,peripheral,sg,m,5.17,pl,f,4.95,sg,m,5.82,see
the king near the man sees the ladies.,near,center_embedding,sg,m,5.17,pl,f,4.95,sg,m,5.82,see
the king sees the ladies behind the man.,behind,peripheral,sg,m,5.17,pl,f,4.95,sg,m,5.82,see
the king behind the man sees the ladies.,behind,center_embedding,sg,m,5.17,pl,f,4.95,sg,m,5.82,see
the king likes the ladies near the man.,near,peripheral,sg,m,5.17,pl,f,4.95,sg,m,5.82,like
the king near the man likes the ladies.,near,center_embedding,sg,m,5.17,pl,f,4.95,sg,m,5.82,like
the king likes the ladies behind the man.,behind,peripheral,sg,m,5.17,pl,f,4.95,sg,m,5.82,like
the king behind the man likes the ladies.,behind,center_embedding,sg,m,5.17,pl,f,4.95,sg,m,5.82,like
the king sees the ladies near the men.,near,peripheral,sg,m,5.17,pl,f,4.95,pl,m,5.82,see
the king near the men sees the ladies.,near,center_embedding,sg,m,5.17,pl,f,4.95,pl,m,5.82,see
the king sees the ladies behind the men.,behind,peripheral,sg,m,5.17,pl,f,4.95,pl,m,5.82,see
the king behind the men sees the ladies.,behind,center_embedding,sg,m,5.17,pl,f,4.95,pl,m,5.82,see
the king likes the ladies near the men.,near,peripheral,sg,m,5.17,pl,f,4.95,pl,m,5.82,like
the king near the men likes the ladies.,near,center_embedding,sg,m,5.17,pl,f,4.95,pl,m,5.82,like
the king likes the ladies behind the men.,behind,peripheral,sg,m,5.17,pl,f,4.95,pl,m,5.82,like
the king behind the men likes the ladies.,behind,center_embedding,sg,m,5.17,pl,f,4.95,pl,m,5.82,like
the kings see the lady near the man.,near,peripheral,pl,m,5.17,sg,f,4.95,sg,m,5.82,see
the kings near the man see the lady.,near,center_embedding,pl,m,5.17,sg,f,4.95,sg,m,5.82,see
the kings see the lady behind the man.,behind,peripheral,pl,m,5.17,sg,f,4.95,sg,m,5.82,see
the kings behind the man see the lady.,behind,center_embedding,pl,m,5.17,sg,f,4.95,sg,m,5.82,see
the kings like the lady near the man.,near,peripheral,pl,m,5.17,sg,f,4.95,sg,m,5.82,like
the kings near the man like the lady.,near,center_embedding,pl,m,5.17,sg,f,4.95,sg,m,5.82,like
the kings like the lady behind the man.,behind,peripheral,pl,m,5.17,sg,f,4.95,sg,m,5.82,like
the kings behind the man like the lady.,behind,center_embedding,pl,m,5.17,sg,f,4.95,sg,m,5.82,like
the kings see the lady near the men.,near,peripheral,pl,m,5.17,sg,f,4.95,pl,m,5.82,see
the kings near the men see the lady.,near,center_embedding,pl,m,5.17,sg,f,4.95,pl,m,5.82,see
the kings see the lady behind the men.,behind,peripheral,pl,m,5.17,sg,f,4.95,pl,m,5.82,see
the kings behind the men see the lady.,behind,center_embedding,pl,m,5.17,sg,f,4.95,pl,m,5.82,see
the kings like the lady near the men.,near,peripheral,pl,m,5.17,sg,f,4.95,pl,m,5.82,like
the kings near the men like the lady.,near,center_embedding,pl,m,5.17,sg,f,4.95,pl,m,5.82,like
the kings like the lady behind the men.,behind,peripheral,pl,m,5.17,sg,f,4.95,pl,m,5.82,like
the kings behind the men like the lady.,behind,center_embedding,pl,m,5.17,sg,f,4.95,pl,m,5.82,like
the kings see the ladies near the man.,near,peripheral,pl,m,5.17,pl,f,4.95,sg,m,5.82,see
the kings near the man see the ladies.,near,center_embedding,pl,m,5.17,pl,f,4.95,sg,m,5.82,see
the kings see the ladies behind the man.,behind,peripheral,pl,m,5.17,pl,f,4.95,sg,m,5.82,see
the kings behind the man see the ladies.,behind,center_embedding,pl,m,5.17,pl,f,4.95,sg,m,5.82,see
the kings like the ladies near the man.,near,peripheral,pl,m,5.17,pl,f,4.95,sg,m,5.82,like
the kings near the man like the ladies.,near,center_embedding,pl,m,5.17,pl,f,4.95,sg,m,5.82,like
the kings like the ladies behind the man.,behind,peripheral,pl,m,5.17,pl,f,4.95,sg,m,5.82,like
the kings behind the man like the ladies.,behind,center_embedding,pl,m,5.17,pl,f,4.95,sg,m,5.82,like
the kings see the ladies near the men.,near,peripheral,pl,m,5.17,pl,f,4.95,pl,m,5.82,see
the kings near the men see the ladies.,near,center_embedding,pl,m,5.17,pl,f,4.95,pl,m,5.82,see
the kings see the ladies behind the men.,behind,peripheral,pl,m,5.17,pl,f,4.95,pl,m,5.82,see
the kings behind the men see the ladies.,behind,center_embedding,pl,m,5.17,pl,f,4.95,pl,m,5.82,see
the kings like the ladies near the men.,near,peripheral,pl,m,5.17,pl,f,4.95,pl,m,5.82,like
the kings near the men like the ladies.,near,center_embedding,pl,m,5.17,pl,f,4.95,pl,m,5.82,like
the kings like the ladies behind the men.,behind,peripheral,pl,m,5.17,pl,f,4.95,pl,m,5.82,like
the kings behind the men like the ladies.,behind,center_embedding,pl,m,5.17,pl,f,4.95,pl,m,5.82,like
the king sees the lady near the boy.,near,peripheral,sg,m,5.17,sg,f,4.95,sg,m,5.17,see
the king near the boy sees the lady.,near,center_embedding,sg,m,5.17,sg,f,4.95,sg,m,5.17,see
the king sees the lady behind the boy.,behind,peripheral,sg,m,5.17,sg,f,4.95,sg,m,5.17,see
the king behind the boy sees the lady.,behind,center_embedding,sg,m,5.17,sg,f,4.95,sg,m,5.17,see
the king likes the lady near the boy.,near,peripheral,sg,m,5.17,sg,f,4.95,sg,m,5.17,like
the king near the boy likes the lady.,near,center_embedding,sg,m,5.17,sg,f,4.95,sg,m,5.17,like
the king likes the lady behind the boy.,behind,peripheral,sg,m,5.17,sg,f,4.95,sg,m,5.17,like
the king behind the boy likes the lady.,behind,center_embedding,sg,m,5.17,sg,f,4.95,sg,m,5.17,like
the king sees the lady near the boys.,near,peripheral,sg,m,5.17,sg,f,4.95,pl,m,5.17,see
the king near the boys sees the lady.,near,center_embedding,sg,m,5.17,sg,f,4.95,pl,m,5.17,see
the king sees the lady behind the boys.,behind,peripheral,sg,m,5.17,sg,f,4.95,pl,m,5.17,see
the king behind the boys sees the lady.,behind,center_embedding,sg,m,5.17,sg,f,4.95,pl,m,5.17,see
the king likes the lady near the boys.,near,peripheral,sg,m,5.17,sg,f,4.95,pl,m,5.17,like
the king near the boys likes the lady.,near,center_embedding,sg,m,5.17,sg,f,4.95,pl,m,5.17,like
the king likes the lady behind the boys.,behind,peripheral,sg,m,5.17,sg,f,4.95,pl,m,5.17,like
the king behind the boys likes the lady.,behind,center_embedding,sg,m,5.17,sg,f,4.95,pl,m,5.17,like
the king sees the ladies near the boy.,near,peripheral,sg,m,5.17,pl,f,4.95,sg,m,5.17,see
the king near the boy sees the ladies.,near,center_embedding,sg,m,5.17,pl,f,4.95,sg,m,5.17,see
the king sees the ladies behind the boy.,behind,peripheral,sg,m,5.17,pl,f,4.95,sg,m,5.17,see
the king behind the boy sees the ladies.,behind,center_embedding,sg,m,5.17,pl,f,4.95,sg,m,5.17,see
the king likes the ladies near the boy.,near,peripheral,sg,m,5.17,pl,f,4.95,sg,m,5.17,like
the king near the boy likes the ladies.,near,center_embedding,sg,m,5.17,pl,f,4.95,sg,m,5.17,like
the king likes the ladies behind the boy.,behind,peripheral,sg,m,5.17,pl,f,4.95,sg,m,5.17,like
the king behind the boy likes the ladies.,behind,center_embedding,sg,m,5.17,pl,f,4.95,sg,m,5.17,like
the king sees the ladies near the boys.,near,peripheral,sg,m,5.17,pl,f,4.95,pl,m,5.17,see
the king near the boys sees the ladies.,near,center_embedding,sg,m,5.17,pl,f,4.95,pl,m,5.17,see
the king sees the ladies behind the boys.,behind,peripheral,sg,m,5.17,pl,f,4.95,pl,m,5.17,see
the king behind the boys sees the ladies.,behind,center_embedding,sg,m,5.17,pl,f,4.95,pl,m,5.17,see
the king likes the ladies near the boys.,near,peripheral,sg,m,5.17,pl,f,4.95,pl,m,5.17,like
the king near the boys likes the ladies.,near,center_embedding,sg,m,5.17,pl,f,4.95,pl,m,5.17,like
the king likes the ladies behind the boys.,behind,peripheral,sg,m,5.17,pl,f,4.95,pl,m,5.17,like
the king behind the boys likes the ladies.,behind,center_embedding,sg,m,5.17,pl,f,4.95,pl,m,5.17,like
the kings see the lady near the boy.,near,peripheral,pl,m,5.17,sg,f,4.95,sg,m,5.17,see
the kings near the boy see the lady.,near,center_embedding,pl,m,5.17,sg,f,4.95,sg,m,5.17,see
the kings see the lady behind the boy.,behind,peripheral,pl,m,5.17,sg,f,4.95,sg,m,5.17,see
the kings behind the boy see the lady.,behind,center_embedding,pl,m,5.17,sg,f,4.95,sg,m,5.17,see
the kings like the lady near the boy.,near,peripheral,pl,m,5.17,sg,f,4.95,sg,m,5.17,like
the kings near the boy like the lady.,near,center_embedding,pl,m,5.17,sg,f,4.95,sg,m,5.17,like
the kings like the lady behind the boy.,behind,peripheral,pl,m,5.17,sg,f,4.95,sg,m,5.17,like
the kings behind the boy like the lady.,behind,center_embedding,pl,m,5.17,sg,f,4.95,sg,m,5.17,like
the kings see the lady near the boys.,near,peripheral,pl,m,5.17,sg,f,4.95,pl,m,5.17,see
the kings near the boys see the lady.,near,center_embedding,pl,m,5.17,sg,f,4.95,pl,m,5.17,see
the kings see the lady behind the boys.,behind,peripheral,pl,m,5.17,sg,f,4.95,pl,m,5.17,see
the kings behind the boys see the lady.,behind,center_embedding,pl,m,5.17,sg,f,4.95,pl,m,5.17,see
the kings like the lady near the boys.,near,peripheral,pl,m,5.17,sg,f,4.95,pl,m,5.17,like
the kings near the boys like the lady.,near,center_embedding,pl,m,5.17,sg,f,4.95,pl,m,5.17,like
the kings like the lady behind the boys.,behind,peripheral,pl,m,5.17,sg,f,4.95,pl,m,5.17,like
the kings behind the boys like the lady.,behind,center_embedding,pl,m,5.17,sg,f,4.95,pl,m,5.17,like
the kings see the ladies near the boy.,near,peripheral,pl,m,5.17,pl,f,4.95,sg,m,5.17,see
the kings near the boy see the ladies.,near,center_embedding,pl,m,5.17,pl,f,4.95,sg,m,5.17,see
the kings see the ladies behind the boy.,behind,peripheral,pl,m,5.17,pl,f,4.95,sg,m,5.17,see
the kings behind the boy see the ladies.,behind,center_embedding,pl,m,5.17,pl,f,4.95,sg,m,5.17,see
the kings like the ladies near the boy.,near,peripheral,pl,m,5.17,pl,f,4.95,sg,m,5.17,like
the kings near the boy like the ladies.,near,center_embedding,pl,m,5.17,pl,f,4.95,sg,m,5.17,like
the kings like the ladies behind the boy.,behind,peripheral,pl,m,5.17,pl,f,4.95,sg,m,5.17,like
the kings behind the boy like the ladies.,behind,center_embedding,pl,m,5.17,pl,f,4.95,sg,m,5.17,like
the kings see the ladies near the boys.,near,peripheral,pl,m,5.17,pl,f,4.95,pl,m,5.17,see
the kings near the boys see the ladies.,near,center_embedding,pl,m,5.17,pl,f,4.95,pl,m,5.17,see
the kings see the ladies behind the boys.,behind,peripheral,pl,m,5.17,pl,f,4.95,pl,m,5.17,see
the kings behind the boys see the ladies.,behind,center_embedding,pl,m,5.17,pl,f,4.95,pl,m,5.17,see
the kings like the ladies near the boys.,near,peripheral,pl,m,5.17,pl,f,4.95,pl,m,5.17,like
the kings near the boys like the ladies.,near,center_embedding,pl,m,5.17,pl,f,4.95,pl,m,5.17,like
the kings like the ladies behind the boys.,behind,peripheral,pl,m,5.17,pl,f,4.95,pl,m,5.17,like
the kings behind the boys like the ladies.,behind,center_embedding,pl,m,5.17,pl,f,4.95,pl,m,5.17,like
the king sees the man near the woman.,near,peripheral,sg,m,5.17,sg,m,5.82,sg,f,5.35,see
the king near the woman sees the man.,near,center_embedding,sg,m,5.17,sg,m,5.82,sg,f,5.35,see
the king sees the man behind the woman.,behind,peripheral,sg,m,5.17,sg,m,5.82,sg,f,5.35,see
the king behind the woman sees the man.,behind,center_embedding,sg,m,5.17,sg,m,5.82,sg,f,5.35,see
the king likes the man near the woman.,near,peripheral,sg,m,5.17,sg,m,5.82,sg,f,5.35,like
the king near the woman likes the man.,near,center_embedding,sg,m,5.17,sg,m,5.82,sg,f,5.35,like
the king likes the man behind the woman.,behind,peripheral,sg,m,5.17,sg,m,5.82,sg,f,5.35,like
the king behind the woman likes the man.,behind,center_embedding,sg,m,5.17,sg,m,5.82,sg,f,5.35,like
the king sees the man near the women.,near,peripheral,sg,m,5.17,sg,m,5.82,pl,f,5.35,see
the king near the women sees the man.,near,center_embedding,sg,m,5.17,sg,m,5.82,pl,f,5.35,see
the king sees the man behind the women.,behind,peripheral,sg,m,5.17,sg,m,5.82,pl,f,5.35,see
the king behind the women sees the man.,behind,center_embedding,sg,m,5.17,sg,m,5.82,pl,f,5.35,see
the king likes the man near the women.,near,peripheral,sg,m,5.17,sg,m,5.82,pl,f,5.35,like
the king near the women likes the man.,near,center_embedding,sg,m,5.17,sg,m,5.82,pl,f,5.35,like
the king likes the man behind the women.,behind,peripheral,sg,m,5.17,sg,m,5.82,pl,f,5.35,like
the king behind the women likes the man.,behind,center_embedding,sg,m,5.17,sg,m,5.82,pl,f,5.35,like
the king sees the men near the woman.,near,peripheral,sg,m,5.17,pl,m,5.82,sg,f,5.35,see
the king near the woman sees the men.,near,center_embedding,sg,m,5.17,pl,m,5.82,sg,f,5.35,see
the king sees the men behind the woman.,behind,peripheral,sg,m,5.17,pl,m,5.82,sg,f,5.35,see
the king behind the woman sees the men.,behind,center_embedding,sg,m,5.17,pl,m,5.82,sg,f,5.35,see
the king likes the men near the woman.,near,peripheral,sg,m,5.17,pl,m,5.82,sg,f,5.35,like
the king near the woman likes the men.,near,center_embedding,sg,m,5.17,pl,m,5.82,sg,f,5.35,like
the king likes the men behind the woman.,behind,peripheral,sg,m,5.17,pl,m,5.82,sg,f,5.35,like
the king behind the woman likes the men.,behind,center_embedding,sg,m,5.17,pl,m,5.82,sg,f,5.35,like
the king sees the men near the women.,near,peripheral,sg,m,5.17,pl,m,5.82,pl,f,5.35,see
the king near the women sees the men.,near,center_embedding,sg,m,5.17,pl,m,5.82,pl,f,5.35,see
the king sees the men behind the women.,behind,peripheral,sg,m,5.17,pl,m,5.82,pl,f,5.35,see
the king behind the women sees the men.,behind,center_embedding,sg,m,5.17,pl,m,5.82,pl,f,5.35,see
the king likes the men near the women.,near,peripheral,sg,m,5.17,pl,m,5.82,pl,f,5.35,like
the king near the women likes the men.,near,center_embedding,sg,m,5.17,pl,m,5.82,pl,f,5.35,like
the king likes the men behind the women.,behind,peripheral,sg,m,5.17,pl,m,5.82,pl,f,5.35,like
the king behind the women likes the men.,behind,center_embedding,sg,m,5.17,pl,m,5.82,pl,f,5.35,like
the kings see the man near the woman.,near,peripheral,pl,m,5.17,sg,m,5.82,sg,f,5.35,see
the kings near the woman see the man.,near,center_embedding,pl,m,5.17,sg,m,5.82,sg,f,5.35,see
the kings see the man behind the woman.,behind,peripheral,pl,m,5.17,sg,m,5.82,sg,f,5.35,see
the kings behind the woman see the man.,behind,center_embedding,pl,m,5.17,sg,m,5.82,sg,f,5.35,see
the kings like the man near the woman.,near,peripheral,pl,m,5.17,sg,m,5.82,sg,f,5.35,like
the kings near the woman like the man.,near,center_embedding,pl,m,5.17,sg,m,5.82,sg,f,5.35,like
the kings like the man behind the woman.,behind,peripheral,pl,m,5.17,sg,m,5.82,sg,f,5.35,like
the kings behind the woman like the man.,behind,center_embedding,pl,m,5.17,sg,m,5.82,sg,f,5.35,like
the kings see the man near the women.,near,peripheral,pl,m,5.17,sg,m,5.82,pl,f,5.35,see
the kings near the women see the man.,near,center_embedding,pl,m,5.17,sg,m,5.82,pl,f,5.35,see
the kings see the man behind the women.,behind,peripheral,pl,m,5.17,sg,m,5.82,pl,f,5.35,see
the kings behind the women see the man.,behind,center_embedding,pl,m,5.17,sg,m,5.82,pl,f,5.35,see
the kings like the man near the women.,near,peripheral,pl,m,5.17,sg,m,5.82,pl,f,5.35,like
the kings near the women like the man.,near,center_embedding,pl,m,5.17,sg,m,5.82,pl,f,5.35,like
the kings like the man behind the women.,behind,peripheral,pl,m,5.17,sg,m,5.82,pl,f,5.35,like
the kings behind the women like the man.,behind,center_embedding,pl,m,5.17,sg,m,5.82,pl,f,5.35,like
the kings see the men near the woman.,near,peripheral,pl,m,5.17,pl,m,5.82,sg,f,5.35,see
the kings near the woman see the men.,near,center_embedding,pl,m,5.17,pl,m,5.82,sg,f,5.35,see
the kings see the men behind the woman.,behind,peripheral,pl,m,5.17,pl,m,5.82,sg,f,5.35,see
the kings behind the woman see the men.,behind,center_embedding,pl,m,5.17,pl,m,5.82,sg,f,5.35,see
the kings like the men near the woman.,near,peripheral,pl,m,5.17,pl,m,5.82,sg,f,5.35,like
the kings near the woman like the men.,near,center_embedding,pl,m,5.17,pl,m,5.82,sg,f,5.35,like
the kings like the men behind the woman.,behind,peripheral,pl,m,5.17,pl,m,5.82,sg,f,5.35,like
the kings behind the woman like the men.,behind,center_embedding,pl,m,5.17,pl,m,5.82,sg,f,5.35,like
the kings see the men near the women.,near,peripheral,pl,m,5.17,pl,m,5.82,pl,f,5.35,see
the kings near the women see the men.,near,center_embedding,pl,m,5.17,pl,m,5.82,pl,f,5.35,see
the kings see the men behind the women.,behind,peripheral,pl,m,5.17,pl,m,5.82,pl,f,5.35,see
the kings behind the women see the men.,behind,center_embedding,pl,m,5.17,pl,m,5.82,pl,f,5.35,see
the kings like the men near the women.,near,peripheral,pl,m,5.17,pl,m,5.82,pl,f,5.35,like
the kings near the women like the men.,near,center_embedding,pl,m,5.17,pl,m,5.82,pl,f,5.35,like
the kings like the men behind the women.,behind,peripheral,pl,m,5.17,pl,m,5.82,pl,f,5.35,like
the kings behind the women like the men.,behind,center_embedding,pl,m,5.17,pl,m,5.82,pl,f,5.35,like
the king sees the man near the girl.,near,peripheral,sg,m,5.17,sg,m,5.82,sg,f,5.38,see
the king near the girl sees the man.,near,center_embedding,sg,m,5.17,sg,m,5.82,sg,f,5.38,see
the king sees the man behind the girl.,behind,peripheral,sg,m,5.17,sg,m,5.82,sg,f,5.38,see
the king behind the girl sees the man.,behind,center_embedding,sg,m,5.17,sg,m,5.82,sg,f,5.38,see
the king likes the man near the girl.,near,peripheral,sg,m,5.17,sg,m,5.82,sg,f,5.38,like
the king near the girl likes the man.,near,center_embedding,sg,m,5.17,sg,m,5.82,sg,f,5.38,like
the king likes the man behind the girl.,behind,peripheral,sg,m,5.17,sg,m,5.82,sg,f,5.38,like
the king behind the girl likes the man.,behind,center_embedding,sg,m,5.17,sg,m,5.82,sg,f,5.38,like
the king sees the man near the girls.,near,peripheral,sg,m,5.17,sg,m,5.82,pl,f,5.38,see
the king near the girls sees the man.,near,center_embedding,sg,m,5.17,sg,m,5.82,pl,f,5.38,see
the king sees the man behind the girls.,behind,peripheral,sg,m,5.17,sg,m,5.82,pl,f,5.38,see
the king behind the girls sees the man.,behind,center_embedding,sg,m,5.17,sg,m,5.82,pl,f,5.38,see
the king likes the man near the girls.,near,peripheral,sg,m,5.17,sg,m,5.82,pl,f,5.38,like
the king near the girls likes the man.,near,center_embedding,sg,m,5.17,sg,m,5.82,pl,f,5.38,like
the king likes the man behind the girls.,behind,peripheral,sg,m,5.17,sg,m,5.82,pl,f,5.38,like
the king behind the girls likes the man.,behind,center_embedding,sg,m,5.17,sg,m,5.82,pl,f,5.38,like
the king sees the men near the girl.,near,peripheral,sg,m,5.17,pl,m,5.82,sg,f,5.38,see
the king near the girl sees the men.,near,center_embedding,sg,m,5.17,pl,m,5.82,sg,f,5.38,see
the king sees the men behind the girl.,behind,peripheral,sg,m,5.17,pl,m,5.82,sg,f,5.38,see
the king behind the girl sees the men.,behind,center_embedding,sg,m,5.17,pl,m,5.82,sg,f,5.38,see
the king likes the men near the girl.,near,peripheral,sg,m,5.17,pl,m,5.82,sg,f,5.38,like
the king near the girl likes the men.,near,center_embedding,sg,m,5.17,pl,m,5.82,sg,f,5.38,like
the king likes the men behind the girl.,behind,peripheral,sg,m,5.17,pl,m,5.82,sg,f,5.38,like
the king behind the girl likes the men.,behind,center_embedding,sg,m,5.17,pl,m,5.82,sg,f,5.38,like
the king sees the men near the girls.,near,peripheral,sg,m,5.17,pl,m,5.82,pl,f,5.38,see
the king near the girls sees the men.,near,center_embedding,sg,m,5.17,pl,m,5.82,pl,f,5.38,see
the king sees the men behind the girls.,behind,peripheral,sg,m,5.17,pl,m,5.82,pl,f,5.38,see
the king behind the girls sees the men.,behind,center_embedding,sg,m,5.17,pl,m,5.82,pl,f,5.38,see
the king likes the men near the girls.,near,peripheral,sg,m,5.17,pl,m,5.82,pl,f,5.38,like
the king near the girls likes the men.,near,center_embedding,sg,m,5.17,pl,m,5.82,pl,f,5.38,like
the king likes the men behind the girls.,behind,peripheral,sg,m,5.17,pl,m,5.82,pl,f,5.38,like
the king behind the girls likes the men.,behind,center_embedding,sg,m,5.17,pl,m,5.82,pl,f,5.38,like
the kings see the man near the girl.,near,peripheral,pl,m,5.17,sg,m,5.82,sg,f,5.38,see
the kings near the girl see the man.,near,center_embedding,pl,m,5.17,sg,m,5.82,sg,f,5.38,see
the kings see the man behind the girl.,behind,peripheral,pl,m,5.17,sg,m,5.82,sg,f,5.38,see
the kings behind the girl see the man.,behind,center_embedding,pl,m,5.17,sg,m,5.82,sg,f,5.38,see
the kings like the man near the girl.,near,peripheral,pl,m,5.17,sg,m,5.82,sg,f,5.38,like
the kings near the girl like the man.,near,center_embedding,pl,m,5.17,sg,m,5.82,sg,f,5.38,like
the kings like the man behind the girl.,behind,peripheral,pl,m,5.17,sg,m,5.82,sg,f,5.38,like
the kings behind the girl like the man.,behind,center_embedding,pl,m,5.17,sg,m,5.82,sg,f,5.38,like
the kings see the man near the girls.,near,peripheral,pl,m,5.17,sg,m,5.82,pl,f,5.38,see
the kings near the girls see the man.,near,center_embedding,pl,m,5.17,sg,m,5.82,pl,f,5.38,see
the kings see the man behind the girls.,behind,peripheral,pl,m,5.17,sg,m,5.82,pl,f,5.38,see
the kings behind the girls see the man.,behind,center_embedding,pl,m,5.17,sg,m,5.82,pl,f,5.38,see
the kings like the man near the girls.,near,peripheral,pl,m,5.17,sg,m,5.82,pl,f,5.38,like
the kings near the girls like the man.,near,center_embedding,pl,m,5.17,sg,m,5.82,pl,f,5.38,like
the kings like the man behind the girls.,behind,peripheral,pl,m,5.17,sg,m,5.82,pl,f,5.38,like
the kings behind the girls like the man.,behind,center_embedding,pl,m,5.17,sg,m,5.82,pl,f,5.38,like
the kings see the men near the girl.,near,peripheral,pl,m,5.17,pl,m,5.82,sg,f,5.38,see
the kings near the girl see the men.,near,center_embedding,pl,m,5.17,pl,m,5.82,sg,f,5.38,see
the kings see the men behind the girl.,behind,peripheral,pl,m,5.17,pl,m,5.82,sg,f,5.38,see
the kings behind the girl see the men.,behind,center_embedding,pl,m,5.17,pl,m,5.82,sg,f,5.38,see
the kings like the men near the girl.,near,peripheral,pl,m,5.17,pl,m,5.82,sg,f,5.38,like
the kings near the girl like the men.,near,center_embedding,pl,m,5.17,pl,m,5.82,sg,f,5.38,like
the kings like the men behind the girl.,behind,peripheral,pl,m,5.17,pl,m,5.82,sg,f,5.38,like
the kings behind the girl like the men.,behind,center_embedding,pl,m,5.17,pl,m,5.82,sg,f,5.38,like
the kings see the men near the girls.,near,peripheral,pl,m,5.17,pl,m,5.82,pl,f,5.38,see
the kings near the girls see the men.,near,center_embedding,pl,m,5.17,pl,m,5.82,pl,f,5.38,see
the kings see the men behind the girls.,behind,peripheral,pl,m,5.17,pl,m,5.82,pl,f,5.38,see
the kings behind the girls see the men.,behind,center_embedding,pl,m,5.17,pl,m,5.82,pl,f,5.38,see
the kings like the men near the girls.,near,peripheral,pl,m,5.17,pl,m,5.82,pl,f,5.38,like
the kings near the girls like the men.,near,center_embedding,pl,m,5.17,pl,m,5.82,pl,f,5.38,like
the kings like the men behind the girls.,behind,peripheral,pl,m,5.17,pl,m,5.82,pl,f,5.38,like
the kings behind the girls like the men.,behind,center_embedding,pl,m,5.17,pl,m,5.82,pl,f,5.38,like
the king sees the man near the lady.,near,peripheral,sg,m,5.17,sg,m,5.82,sg,f,4.95,see
the king near the lady sees the man.,near,center_embedding,sg,m,5.17,sg,m,5.82,sg,f,4.95,see
the king sees the man behind the lady.,behind,peripheral,sg,m,5.17,sg,m,5.82,sg,f,4.95,see
the king behind the lady sees the man.,behind,center_embedding,sg,m,5.17,sg,m,5.82,sg,f,4.95,see
the king likes the man near the lady.,near,peripheral,sg,m,5.17,sg,m,5.82,sg,f,4.95,like
the king near the lady likes the man.,near,center_embedding,sg,m,5.17,sg,m,5.82,sg,f,4.95,like
the king likes the man behind the lady.,behind,peripheral,sg,m,5.17,sg,m,5.82,sg,f,4.95,like
the king behind the lady likes the man.,behind,center_embedding,sg,m,5.17,sg,m,5.82,sg,f,4.95,like
the king sees the man near the ladies.,near,peripheral,sg,m,5.17,sg,m,5.82,pl,f,4.95,see
the king near the ladies sees the man.,near,center_embedding,sg,m,5.17,sg,m,5.82,pl,f,4.95,see
the king sees the man behind the ladies.,behind,peripheral,sg,m,5.17,sg,m,5.82,pl,f,4.95,see
the king behind the ladies sees the man.,behind,center_embedding,sg,m,5.17,sg,m,5.82,pl,f,4.95,see
the king likes the man near the ladies.,near,peripheral,sg,m,5.17,sg,m,5.82,pl,f,4.95,like
the king near the ladies likes the man.,near,center_embedding,sg,m,5.17,sg,m,5.82,pl,f,4.95,like
the king likes the man behind the ladies.,behind,peripheral,sg,m,5.17,sg,m,5.82,pl,f,4.95,like
the king behind the ladies likes the man.,behind,center_embedding,sg,m,5.17,sg,m,5.82,pl,f,4.95,like
the king sees the men near the lady.,near,peripheral,sg,m,5.17,pl,m,5.82,sg,f,4.95,see
the king near the lady sees the men.,near,center_embedding,sg,m,5.17,pl,m,5.82,sg,f,4.95,see
the king sees the men behind the lady.,behind,peripheral,sg,m,5.17,pl,m,5.82,sg,f,4.95,see
the king behind the lady sees the men.,behind,center_embedding,sg,m,5.17,pl,m,5.82,sg,f,4.95,see
the king likes the men near the lady.,near,peripheral,sg,m,5.17,pl,m,5.82,sg,f,4.95,like
the king near the lady likes the men.,near,center_embedding,sg,m,5.17,pl,m,5.82,sg,f,4.95,like
the king likes the men behind the lady.,behind,peripheral,sg,m,5.17,pl,m,5.82,sg,f,4.95,like
the king behind the lady likes the men.,behind,center_embedding,sg,m,5.17,pl,m,5.82,sg,f,4.95,like
the king sees the men near the ladies.,near,peripheral,sg,m,5.17,pl,m,5.82,pl,f,4.95,see
the king near the ladies sees the men.,near,center_embedding,sg,m,5.17,pl,m,5.82,pl,f,4.95,see
the king sees the men behind the ladies.,behind,peripheral,sg,m,5.17,pl,m,5.82,pl,f,4.95,see
the king behind the ladies sees the men.,behind,center_embedding,sg,m,5.17,pl,m,5.82,pl,f,4.95,see
the king likes the men near the ladies.,near,peripheral,sg,m,5.17,pl,m,5.82,pl,f,4.95,like
the king near the ladies likes the men.,near,center_embedding,sg,m,5.17,pl,m,5.82,pl,f,4.95,like
the king likes the men behind the ladies.,behind,peripheral,sg,m,5.17,pl,m,5.82,pl,f,4.95,like
the king behind the ladies likes the men.,behind,center_embedding,sg,m,5.17,pl,m,5.82,pl,f,4.95,like
the kings see the man near the lady.,near,peripheral,pl,m,5.17,sg,m,5.82,sg,f,4.95,see
the kings near the lady see the man.,near,center_embedding,pl,m,5.17,sg,m,5.82,sg,f,4.95,see
the kings see the man behind the lady.,behind,peripheral,pl,m,5.17,sg,m,5.82,sg,f,4.95,see
the kings behind the lady see the man.,behind,center_embedding,pl,m,5.17,sg,m,5.82,sg,f,4.95,see
the kings like the man near the lady.,near,peripheral,pl,m,5.17,sg,m,5.82,sg,f,4.95,like
the kings near the lady like the man.,near,center_embedding,pl,m,5.17,sg,m,5.82,sg,f,4.95,like
the kings like the man behind the lady.,behind,peripheral,pl,m,5.17,sg,m,5.82,sg,f,4.95,like
the kings behind the lady like the man.,behind,center_embedding,pl,m,5.17,sg,m,5.82,sg,f,4.95,like
the kings see the man near the ladies.,near,peripheral,pl,m,5.17,sg,m,5.82,pl,f,4.95,see
the kings near the ladies see the man.,near,center_embedding,pl,m,5.17,sg,m,5.82,pl,f,4.95,see
the kings see the man behind the ladies.,behind,peripheral,pl,m,5.17,sg,m,5.82,pl,f,4.95,see
the kings behind the ladies see the man.,behind,center_embedding,pl,m,5.17,sg,m,5.82,pl,f,4.95,see
the kings like the man near the ladies.,near,peripheral,pl,m,5.17,sg,m,5.82,pl,f,4.95,like
the kings near the ladies like the man.,near,center_embedding,pl,m,5.17,sg,m,5.82,pl,f,4.95,like
the kings like the man behind the ladies.,behind,peripheral,pl,m,5.17,sg,m,5.82,pl,f,4.95,like
the kings behind the ladies like the man.,behind,center_embedding,pl,m,5.17,sg,m,5.82,pl,f,4.95,like
the kings see the men near the lady.,near,peripheral,pl,m,5.17,pl,m,5.82,sg,f,4.95,see
the kings near the lady see the men.,near,center_embedding,pl,m,5.17,pl,m,5.82,sg,f,4.95,see
the kings see the men behind the lady.,behind,peripheral,pl,m,5.17,pl,m,5.82,sg,f,4.95,see
the kings behind the lady see the men.,behind,center_embedding,pl,m,5.17,pl,m,5.82,sg,f,4.95,see
the kings like the men near the lady.,near,peripheral,pl,m,5.17,pl,m,5.82,sg,f,4.95,like
the kings near the lady like the men.,near,center_embedding,pl,m,5.17,pl,m,5.82,sg,f,4.95,like
the kings like the men behind the lady.,behind,peripheral,pl,m,5.17,pl,m,5.82,sg,f,4.95,like
the kings behind the lady like the men.,behind,center_embedding,pl,m,5.17,pl,m,5.82,sg,f,4.95,like
the kings see the men near the ladies.,near,peripheral,pl,m,5.17,pl,m,5.82,pl,f,4.95,see
the kings near the ladies see the men.,near,center_embedding,pl,m,5.17,pl,m,5.82,pl,f,4.95,see
the kings see the men behind the ladies.,behind,peripheral,pl,m,5.17,pl,m,5.82,pl,f,4.95,see
the kings behind the ladies see the men.,behind,center_embedding,pl,m,5.17,pl,m,5.82,pl,f,4.95,see
the kings like the men near the ladies.,near,peripheral,pl,m,5.17,pl,m,5.82,pl,f,4.95,like
the kings near the ladies like the men.,near,center_embedding,pl,m,5.17,pl,m,5.82,pl,f,4.95,like
the kings like the men behind the ladies.,behind,peripheral,pl,m,5.17,pl,m,5.82,pl,f,4.95,like
the kings behind the ladies like the men.,behind,center_embedding,pl,m,5.17,pl,m,5.82,pl,f,4.95,like
the king sees the man near the boy.,near,peripheral,sg,m,5.17,sg,m,5.82,sg,m,5.17,see
the king near the boy sees the man.,near,center_embedding,sg,m,5.17,sg,m,5.82,sg,m,5.17,see
the king sees the man behind the boy.,behind,peripheral,sg,m,5.17,sg,m,5.82,sg,m,5.17,see
the king behind the boy sees the man.,behind,center_embedding,sg,m,5.17,sg,m,5.82,sg,m,5.17,see
the king likes the man near the boy.,near,peripheral,sg,m,5.17,sg,m,5.82,sg,m,5.17,like
the king near the boy likes the man.,near,center_embedding,sg,m,5.17,sg,m,5.82,sg,m,5.17,like
the king likes the man behind the boy.,behind,peripheral,sg,m,5.17,sg,m,5.82,sg,m,5.17,like
the king behind the boy likes the man.,behind,center_embedding,sg,m,5.17,sg,m,5.82,sg,m,5.17,like
the king sees the man near the boys.,near,peripheral,sg,m,5.17,sg,m,5.82,pl,m,5.17,see
the king near the boys sees the man.,near,center_embedding,sg,m,5.17,sg,m,5.82,pl,m,5.17,see
the king sees the man behind the boys.,behind,peripheral,sg,m,5.17,sg,m,5.82,pl,m,5.17,see
the king behind the boys sees the man.,behind,center_embedding,sg,m,5.17,sg,m,5.82,pl,m,5.17,see
the king likes the man near the boys.,near,peripheral,sg,m,5.17,sg,m,5.82,pl,m,5.17,like
the king near the boys likes the man.,near,center_embedding,sg,m,5.17,sg,m,5.82,pl,m,5.17,like
the king likes the man behind the boys.,behind,peripheral,sg,m,5.17,sg,m,5.82,pl,m,5.17,like
the king behind the boys likes the man.,behind,center_embedding,sg,m,5.17,sg,m,5.82,pl,m,5.17,like
the king sees the men near the boy.,near,peripheral,sg,m,5.17,pl,m,5.82,sg,m,5.17,see
the king near the boy sees the men.,near,center_embedding,sg,m,5.17,pl,m,5.82,sg,m,5.17,see
the king sees the men behind the boy.,behind,peripheral,sg,m,5.17,pl,m,5.82,sg,m,5.17,see
the king behind the boy sees the men.,behind,center_embedding,sg,m,5.17,pl,m,5.82,sg,m,5.17,see
the king likes the men near the boy.,near,peripheral,sg,m,5.17,pl,m,5.82,sg,m,5.17,like
the king near the boy likes the men.,near,center_embedding,sg,m,5.17,pl,m,5.82,sg,m,5.17,like
the king likes the men behind the boy.,behind,peripheral,sg,m,5.17,pl,m,5.82,sg,m,5.17,like
the king behind the boy likes the men.,behind,center_embedding,sg,m,5.17,pl,m,5.82,sg,m,5.17,like
the king sees the men near the boys.,near,peripheral,sg,m,5.17,pl,m,5.82,pl,m,5.17,see
the king near the boys sees the men.,near,center_embedding,sg,m,5.17,pl,m,5.82,pl,m,5.17,see
the king sees the men behind the boys.,behind,peripheral,sg,m,5.17,pl,m,5.82,pl,m,5.17,see
the king behind the boys sees the men.,behind,center_embedding,sg,m,5.17,pl,m,5.82,pl,m,5.17,see
the king likes the men near the boys.,near,peripheral,sg,m,5.17,pl,m,5.82,pl,m,5.17,like
the king near the boys likes the men.,near,center_embedding,sg,m,5.17,pl,m,5.82,pl,m,5.17,like
the king likes the men behind the boys.,behind,peripheral,sg,m,5.17,pl,m,5.82,pl,m,5.17,like
the king behind the boys likes the men.,behind,center_embedding,sg,m,5.17,pl,m,5.82,pl,m,5.17,like
the kings see the man near the boy.,near,peripheral,pl,m,5.17,sg,m,5.82,sg,m,5.17,see
the kings near the boy see the man.,near,center_embedding,pl,m,5.17,sg,m,5.82,sg,m,5.17,see
the kings see the man behind the boy.,behind,peripheral,pl,m,5.17,sg,m,5.82,sg,m,5.17,see
the kings behind the boy see the man.,behind,center_embedding,pl,m,5.17,sg,m,5.82,sg,m,5.17,see
the kings like the man near the boy.,near,peripheral,pl,m,5.17,sg,m,5.82,sg,m,5.17,like
the kings near the boy like the man.,near,center_embedding,pl,m,5.17,sg,m,5.82,sg,m,5.17,like
the kings like the man behind the boy.,behind,peripheral,pl,m,5.17,sg,m,5.82,sg,m,5.17,like
the kings behind the boy like the man.,behind,center_embedding,pl,m,5.17,sg,m,5.82,sg,m,5.17,like
the kings see the man near the boys.,near,peripheral,pl,m,5.17,sg,m,5.82,pl,m,5.17,see
the kings near the boys see the man.,near,center_embedding,pl,m,5.17,sg,m,5.82,pl,m,5.17,see
the kings see the man behind the boys.,behind,peripheral,pl,m,5.17,sg,m,5.82,pl,m,5.17,see
the kings behind the boys see the man.,behind,center_embedding,pl,m,5.17,sg,m,5.82,pl,m,5.17,see
the kings like the man near the boys.,near,peripheral,pl,m,5.17,sg,m,5.82,pl,m,5.17,like
the kings near the boys like the man.,near,center_embedding,pl,m,5.17,sg,m,5.82,pl,m,5.17,like
the kings like the man behind the boys.,behind,peripheral,pl,m,5.17,sg,m,5.82,pl,m,5.17,like
the kings behind the boys like the man.,behind,center_embedding,pl,m,5.17,sg,m,5.82,pl,m,5.17,like
the kings see the men near the boy.,near,peripheral,pl,m,5.17,pl,m,5.82,sg,m,5.17,see
the kings near the boy see the men.,near,center_embedding,pl,m,5.17,pl,m,5.82,sg,m,5.17,see
the kings see the men behind the boy.,behind,peripheral,pl,m,5.17,pl,m,5.82,sg,m,5.17,see
the kings behind the boy see the men.,behind,center_embedding,pl,m,5.17,pl,m,5.82,sg,m,5.17,see
the kings like the men near the boy.,near,peripheral,pl,m,5.17,pl,m,5.82,sg,m,5.17,like
the kings near the boy like the men.,near,center_embedding,pl,m,5.17,pl,m,5.82,sg,m,5.17,like
the kings like the men behind the boy.,behind,peripheral,pl,m,5.17,pl,m,5.82,sg,m,5.17,like
the kings behind the boy like the men.,behind,center_embedding,pl,m,5.17,pl,m,5.82,sg,m,5.17,like
the kings see the men near the boys.,near,peripheral,pl,m,5.17,pl,m,5.82,pl,m,5.17,see
the kings near the boys see the men.,near,center_embedding,pl,m,5.17,pl,m,5.82,pl,m,5.17,see
the kings see the men behind the boys.,behind,peripheral,pl,m,5.17,pl,m,5.82,pl,m,5.17,see
the kings behind the boys see the men.,behind,center_embedding,pl,m,5.17,pl,m,5.82,pl,m,5.17,see
the kings like the men near the boys.,near,peripheral,pl,m,5.17,pl,m,5.82,pl,m,5.17,like
the kings near the boys like the men.,near,center_embedding,pl,m,5.17,pl,m,5.82,pl,m,5.17,like
the kings like the men behind the boys.,behind,peripheral,pl,m,5.17,pl,m,5.82,pl,m,5.17,like
the kings behind the boys like the men.,behind,center_embedding,pl,m,5.17,pl,m,5.82,pl,m,5.17,like
the king sees the boy near the woman.,near,peripheral,sg,m,5.17,sg,m,5.17,sg,f,5.35,see
the king near the woman sees the boy.,near,center_embedding,sg,m,5.17,sg,m,5.17,sg,f,5.35,see
the king sees the boy behind the woman.,behind,peripheral,sg,m,5.17,sg,m,5.17,sg,f,5.35,see
the king behind the woman sees the boy.,behind,center_embedding,sg,m,5.17,sg,m,5.17,sg,f,5.35,see
the king likes the boy near the woman.,near,peripheral,sg,m,5.17,sg,m,5.17,sg,f,5.35,like
the king near the woman likes the boy.,near,center_embedding,sg,m,5.17,sg,m,5.17,sg,f,5.35,like
the king likes the boy behind the woman.,behind,peripheral,sg,m,5.17,sg,m,5.17,sg,f,5.35,like
the king behind the woman likes the boy.,behind,center_embedding,sg,m,5.17,sg,m,5.17,sg,f,5.35,like
the king sees the boy near the women.,near,peripheral,sg,m,5.17,sg,m,5.17,pl,f,5.35,see
the king near the women sees the boy.,near,center_embedding,sg,m,5.17,sg,m,5.17,pl,f,5.35,see
the king sees the boy behind the women.,behind,peripheral,sg,m,5.17,sg,m,5.17,pl,f,5.35,see
the king behind the women sees the boy.,behind,center_embedding,sg,m,5.17,sg,m,5.17,pl,f,5.35,see
the king likes the boy near the women.,near,peripheral,sg,m,5.17,sg,m,5.17,pl,f,5.35,like
the king near the women likes the boy.,near,center_embedding,sg,m,5.17,sg,m,5.17,pl,f,5.35,like
the king likes the boy behind the women.,behind,peripheral,sg,m,5.17,sg,m,5.17,pl,f,5.35,like
the king behind the women likes the boy.,behind,center_embedding,sg,m,5.17,sg,m,5.17,pl,f,5.35,like
the king sees the boys near the woman.,near,peripheral,sg,m,5.17,pl,m,5.17,sg,f,5.35,see
the king near the woman sees the boys.,near,center_embedding,sg,m,5.17,pl,m,5.17,sg,f,5.35,see
the king sees the boys behind the woman.,behind,peripheral,sg,m,5.17,pl,m,5.17,sg,f,5.35,see
the king behind the woman sees the boys.,behind,center_embedding,sg,m,5.17,pl,m,5.17,sg,f,5.35,see
the king likes the boys near the woman.,near,peripheral,sg,m,5.17,pl,m,5.17,sg,f,5.35,like
the king near the woman likes the boys.,near,center_embedding,sg,m,5.17,pl,m,5.17,sg,f,5.35,like
the king likes the boys behind the woman.,behind,peripheral,sg,m,5.17,pl,m,5.17,sg,f,5.35,like
the king behind the woman likes the boys.,behind,center_embedding,sg,m,5.17,pl,m,5.17,sg,f,5.35,like
the king sees the boys near the women.,near,peripheral,sg,m,5.17,pl,m,5.17,pl,f,5.35,see
the king near the women sees the boys.,near,center_embedding,sg,m,5.17,pl,m,5.17,pl,f,5.35,see
the king sees the boys behind the women.,behind,peripheral,sg,m,5.17,pl,m,5.17,pl,f,5.35,see
the king behind the women sees the boys.,behind,center_embedding,sg,m,5.17,pl,m,5.17,pl,f,5.35,see
the king likes the boys near the women.,near,peripheral,sg,m,5.17,pl,m,5.17,pl,f,5.35,like
the king near the women likes the boys.,near,center_embedding,sg,m,5.17,pl,m,5.17,pl,f,5.35,like
the king likes the boys behind the women.,behind,peripheral,sg,m,5.17,pl,m,5.17,pl,f,5.35,like
the king behind the women likes the boys.,behind,center_embedding,sg,m,5.17,pl,m,5.17,pl,f,5.35,like
the kings see the boy near the woman.,near,peripheral,pl,m,5.17,sg,m,5.17,sg,f,5.35,see
the kings near the woman see the boy.,near,center_embedding,pl,m,5.17,sg,m,5.17,sg,f,5.35,see
the kings see the boy behind the woman.,behind,peripheral,pl,m,5.17,sg,m,5.17,sg,f,5.35,see
the kings behind the woman see the boy.,behind,center_embedding,pl,m,5.17,sg,m,5.17,sg,f,5.35,see
the kings like the boy near the woman.,near,peripheral,pl,m,5.17,sg,m,5.17,sg,f,5.35,like
the kings near the woman like the boy.,near,center_embedding,pl,m,5.17,sg,m,5.17,sg,f,5.35,like
the kings like the boy behind the woman.,behind,peripheral,pl,m,5.17,sg,m,5.17,sg,f,5.35,like
the kings behind the woman like the boy.,behind,center_embedding,pl,m,5.17,sg,m,5.17,sg,f,5.35,like
the kings see the boy near the women.,near,peripheral,pl,m,5.17,sg,m,5.17,pl,f,5.35,see
the kings near the women see the boy.,near,center_embedding,pl,m,5.17,sg,m,5.17,pl,f,5.35,see
the kings see the boy behind the women.,behind,peripheral,pl,m,5.17,sg,m,5.17,pl,f,5.35,see
the kings behind the women see the boy.,behind,center_embedding,pl,m,5.17,sg,m,5.17,pl,f,5.35,see
the kings like the boy near the women.,near,peripheral,pl,m,5.17,sg,m,5.17,pl,f,5.35,like
the kings near the women like the boy.,near,center_embedding,pl,m,5.17,sg,m,5.17,pl,f,5.35,like
the kings like the boy behind the women.,behind,peripheral,pl,m,5.17,sg,m,5.17,pl,f,5.35,like
the kings behind the women like the boy.,behind,center_embedding,pl,m,5.17,sg,m,5.17,pl,f,5.35,like
the kings see the boys near the woman.,near,peripheral,pl,m,5.17,pl,m,5.17,sg,f,5.35,see
the kings near the woman see the boys.,near,center_embedding,pl,m,5.17,pl,m,5.17,sg,f,5.35,see
the kings see the boys behind the woman.,behind,peripheral,pl,m,5.17,pl,m,5.17,sg,f,5.35,see
the kings behind the woman see the boys.,behind,center_embedding,pl,m,5.17,pl,m,5.17,sg,f,5.35,see
the kings like the boys near the woman.,near,peripheral,pl,m,5.17,pl,m,5.17,sg,f,5.35,like
the kings near the woman like the boys.,near,center_embedding,pl,m,5.17,pl,m,5.17,sg,f,5.35,like
the kings like the boys behind the woman.,behind,peripheral,pl,m,5.17,pl,m,5.17,sg,f,5.35,like
the kings behind the woman like the boys.,behind,center_embedding,pl,m,5.17,pl,m,5.17,sg,f,5.35,like
the kings see the boys near the women.,near,peripheral,pl,m,5.17,pl,m,5.17,pl,f,5.35,see
the kings near the women see the boys.,near,center_embedding,pl,m,5.17,pl,m,5.17,pl,f,5.35,see
the kings see the boys behind the women.,behind,peripheral,pl,m,5.17,pl,m,5.17,pl,f,5.35,see
the kings behind the women see the boys.,behind,center_embedding,pl,m,5.17,pl,m,5.17,pl,f,5.35,see
the kings like the boys near the women.,near,peripheral,pl,m,5.17,pl,m,5.17,pl,f,5.35,like
the kings near the women like the boys.,near,center_embedding,pl,m,5.17,pl,m,5.17,pl,f,5.35,like
the kings like the boys behind the women.,behind,peripheral,pl,m,5.17,pl,m,5.17,pl,f,5.35,like
the kings behind the women like the boys.,behind,center_embedding,pl,m,5.17,pl,m,5.17,pl,f,5.35,like
the king sees the boy near the girl.,near,peripheral,sg,m,5.17,sg,m,5.17,sg,f,5.38,see
the king near the girl sees the boy.,near,center_embedding,sg,m,5.17,sg,m,5.17,sg,f,5.38,see
the king sees the boy behind the girl.,behind,peripheral,sg,m,5.17,sg,m,5.17,sg,f,5.38,see
the king behind the girl sees the boy.,behind,center_embedding,sg,m,5.17,sg,m,5.17,sg,f,5.38,see
the king likes the boy near the girl.,near,peripheral,sg,m,5.17,sg,m,5.17,sg,f,5.38,like
the king near the girl likes the boy.,near,center_embedding,sg,m,5.17,sg,m,5.17,sg,f,5.38,like
the king likes the boy behind the girl.,behind,peripheral,sg,m,5.17,sg,m,5.17,sg,f,5.38,like
the king behind the girl likes the boy.,behind,center_embedding,sg,m,5.17,sg,m,5.17,sg,f,5.38,like
the king sees the boy near the girls.,near,peripheral,sg,m,5.17,sg,m,5.17,pl,f,5.38,see
the king near the girls sees the boy.,near,center_embedding,sg,m,5.17,sg,m,5.17,pl,f,5.38,see
the king sees the boy behind the girls.,behind,peripheral,sg,m,5.17,sg,m,5.17,pl,f,5.38,see
the king behind the girls sees the boy.,behind,center_embedding,sg,m,5.17,sg,m,5.17,pl,f,5.38,see
the king likes the boy near the girls.,near,peripheral,sg,m,5.17,sg,m,5.17,pl,f,5.38,like
the king near the girls likes the boy.,near,center_embedding,sg,m,5.17,sg,m,5.17,pl,f,5.38,like
the king likes the boy behind the girls.,behind,peripheral,sg,m,5.17,sg,m,5.17,pl,f,5.38,like
the king behind the girls likes the boy.,behind,center_embedding,sg,m,5.17,sg,m,5.17,pl,f,5.38,like
the king sees the boys near the girl.,near,peripheral,sg,m,5.17,pl,m,5.17,sg,f,5.38,see
the king near the girl sees the boys.,near,center_embedding,sg,m,5.17,pl,m,5.17,sg,f,5.38,see
the king sees the boys behind the girl.,behind,peripheral,sg,m,5.17,pl,m,5.17,sg,f,5.38,see
the king behind the girl sees the boys.,behind,center_embedding,sg,m,5.17,pl,m,5.17,sg,f,5.38,see
the king likes the boys near the girl.,near,peripheral,sg,m,5.17,pl,m,5.17,sg,f,5.38,like
the king near the girl likes the boys.,near,center_embedding,sg,m,5.17,pl,m,5.17,sg,f,5.38,like
the king likes the boys behind the girl.,behind,peripheral,sg,m,5.17,pl,m,5.17,sg,f,5.38,like
the king behind the girl likes the boys.,behind,center_embedding,sg,m,5.17,pl,m,5.17,sg,f,5.38,like
the king sees the boys near the girls.,near,peripheral,sg,m,5.17,pl,m,5.17,pl,f,5.38,see
the king near the girls sees the boys.,near,center_embedding,sg,m,5.17,pl,m,5.17,pl,f,5.38,see
the king sees the boys behind the girls.,behind,peripheral,sg,m,5.17,pl,m,5.17,pl,f,5.38,see
the king behind the girls sees the boys.,behind,center_embedding,sg,m,5.17,pl,m,5.17,pl,f,5.38,see
the king likes the boys near the girls.,near,peripheral,sg,m,5.17,pl,m,5.17,pl,f,5.38,like
the king near the girls likes the boys.,near,center_embedding,sg,m,5.17,pl,m,5.17,pl,f,5.38,like
the king likes the boys behind the girls.,behind,peripheral,sg,m,5.17,pl,m,5.17,pl,f,5.38,like
the king behind the girls likes the boys.,behind,center_embedding,sg,m,5.17,pl,m,5.17,pl,f,5.38,like
the kings see the boy near the girl.,near,peripheral,pl,m,5.17,sg,m,5.17,sg,f,5.38,see
the kings near the girl see the boy.,near,center_embedding,pl,m,5.17,sg,m,5.17,sg,f,5.38,see
the kings see the boy behind the girl.,behind,peripheral,pl,m,5.17,sg,m,5.17,sg,f,5.38,see
the kings behind the girl see the boy.,behind,center_embedding,pl,m,5.17,sg,m,5.17,sg,f,5.38,see
the kings like the boy near the girl.,near,peripheral,pl,m,5.17,sg,m,5.17,sg,f,5.38,like
the kings near the girl like the boy.,near,center_embedding,pl,m,5.17,sg,m,5.17,sg,f,5.38,like
the kings like the boy behind the girl.,behind,peripheral,pl,m,5.17,sg,m,5.17,sg,f,5.38,like
the kings behind the girl like the boy.,behind,center_embedding,pl,m,5.17,sg,m,5.17,sg,f,5.38,like
the kings see the boy near the girls.,near,peripheral,pl,m,5.17,sg,m,5.17,pl,f,5.38,see
the kings near the girls see the boy.,near,center_embedding,pl,m,5.17,sg,m,5.17,pl,f,5.38,see
the kings see the boy behind the girls.,behind,peripheral,pl,m,5.17,sg,m,5.17,pl,f,5.38,see
the kings behind the girls see the boy.,behind,center_embedding,pl,m,5.17,sg,m,5.17,pl,f,5.38,see
the kings like the boy near the girls.,near,peripheral,pl,m,5.17,sg,m,5.17,pl,f,5.38,like
the kings near the girls like the boy.,near,center_embedding,pl,m,5.17,sg,m,5.17,pl,f,5.38,like
the kings like the boy behind the girls.,behind,peripheral,pl,m,5.17,sg,m,5.17,pl,f,5.38,like
the kings behind the girls like the boy.,behind,center_embedding,pl,m,5.17,sg,m,5.17,pl,f,5.38,like
the kings see the boys near the girl.,near,peripheral,pl,m,5.17,pl,m,5.17,sg,f,5.38,see
the kings near the girl see the boys.,near,center_embedding,pl,m,5.17,pl,m,5.17,sg,f,5.38,see
the kings see the boys behind the girl.,behind,peripheral,pl,m,5.17,pl,m,5.17,sg,f,5.38,see
the kings behind the girl see the boys.,behind,center_embedding,pl,m,5.17,pl,m,5.17,sg,f,5.38,see
the kings like the boys near the girl.,near,peripheral,pl,m,5.17,pl,m,5.17,sg,f,5.38,like
the kings near the girl like the boys.,near,center_embedding,pl,m,5.17,pl,m,5.17,sg,f,5.38,like
the kings like the boys behind the girl.,behind,peripheral,pl,m,5.17,pl,m,5.17,sg,f,5.38,like
the kings behind the girl like the boys.,behind,center_embedding,pl,m,5.17,pl,m,5.17,sg,f,5.38,like
the kings see the boys near the girls.,near,peripheral,pl,m,5.17,pl,m,5.17,pl,f,5.38,see
the kings near the girls see the boys.,near,center_embedding,pl,m,5.17,pl,m,5.17,pl,f,5.38,see
the kings see the boys behind the girls.,behind,peripheral,pl,m,5.17,pl,m,5.17,pl,f,5.38,see
the kings behind the girls see the boys.,behind,center_embedding,pl,m,5.17,pl,m,5.17,pl,f,5.38,see
the kings like the boys near the girls.,near,peripheral,pl,m,5.17,pl,m,5.17,pl,f,5.38,like
the kings near the girls like the boys.,near,center_embedding,pl,m,5.17,pl,m,5.17,pl,f,5.38,like
the kings like the boys behind the girls.,behind,peripheral,pl,m,5.17,pl,m,5.17,pl,f,5.38,like
the kings behind the girls like the boys.,behind,center_embedding,pl,m,5.17,pl,m,5.17,pl,f,5.38,like
the king sees the boy near the lady.,near,peripheral,sg,m,5.17,sg,m,5.17,sg,f,4.95,see
the king near the lady sees the boy.,near,center_embedding,sg,m,5.17,sg,m,5.17,sg,f,4.95,see
the king sees the boy behind the lady.,behind,peripheral,sg,m,5.17,sg,m,5.17,sg,f,4.95,see
the king behind the lady sees the boy.,behind,center_embedding,sg,m,5.17,sg,m,5.17,sg,f,4.95,see
the king likes the boy near the lady.,near,peripheral,sg,m,5.17,sg,m,5.17,sg,f,4.95,like
the king near the lady likes the boy.,near,center_embedding,sg,m,5.17,sg,m,5.17,sg,f,4.95,like
the king likes the boy behind the lady.,behind,peripheral,sg,m,5.17,sg,m,5.17,sg,f,4.95,like
the king behind the lady likes the boy.,behind,center_embedding,sg,m,5.17,sg,m,5.17,sg,f,4.95,like
the king sees the boy near the ladies.,near,peripheral,sg,m,5.17,sg,m,5.17,pl,f,4.95,see
the king near the ladies sees the boy.,near,center_embedding,sg,m,5.17,sg,m,5.17,pl,f,4.95,see
the king sees the boy behind the ladies.,behind,peripheral,sg,m,5.17,sg,m,5.17,pl,f,4.95,see
the king behind the ladies sees the boy.,behind,center_embedding,sg,m,5.17,sg,m,5.17,pl,f,4.95,see
the king likes the boy near the ladies.,near,peripheral,sg,m,5.17,sg,m,5.17,pl,f,4.95,like
the king near the ladies likes the boy.,near,center_embedding,sg,m,5.17,sg,m,5.17,pl,f,4.95,like
the king likes the boy behind the ladies.,behind,peripheral,sg,m,5.17,sg,m,5.17,pl,f,4.95,like
the king behind the ladies likes the boy.,behind,center_embedding,sg,m,5.17,sg,m,5.17,pl,f,4.95,like
the king sees the boys near the lady.,near,peripheral,sg,m,5.17,pl,m,5.17,sg,f,4.95,see
the king near the lady sees the boys.,near,center_embedding,sg,m,5.17,pl,m,5.17,sg,f,4.95,see
the king sees the boys behind the lady.,behind,peripheral,sg,m,5.17,pl,m,5.17,sg,f,4.95,see
the king behind the lady sees the boys.,behind,center_embedding,sg,m,5.17,pl,m,5.17,sg,f,4.95,see
the king likes the boys near the lady.,near,peripheral,sg,m,5.17,pl,m,5.17,sg,f,4.95,like
the king near the lady likes the boys.,near,center_embedding,sg,m,5.17,pl,m,5.17,sg,f,4.95,like
the king likes the boys behind the lady.,behind,peripheral,sg,m,5.17,pl,m,5.17,sg,f,4.95,like
the king behind the lady likes the boys.,behind,center_embedding,sg,m,5.17,pl,m,5.17,sg,f,4.95,like
the king sees the boys near the ladies.,near,peripheral,sg,m,5.17,pl,m,5.17,pl,f,4.95,see
the king near the ladies sees the boys.,near,center_embedding,sg,m,5.17,pl,m,5.17,pl,f,4.95,see
the king sees the boys behind the ladies.,behind,peripheral,sg,m,5.17,pl,m,5.17,pl,f,4.95,see
the king behind the ladies sees the boys.,behind,center_embedding,sg,m,5.17,pl,m,5.17,pl,f,4.95,see
the king likes the boys near the ladies.,near,peripheral,sg,m,5.17,pl,m,5.17,pl,f,4.95,like
the king near the ladies likes the boys.,near,center_embedding,sg,m,5.17,pl,m,5.17,pl,f,4.95,like
the king likes the boys behind the ladies.,behind,peripheral,sg,m,5.17,pl,m,5.17,pl,f,4.95,like
the king behind the ladies likes the boys.,behind,center_embedding,sg,m,5.17,pl,m,5.17,pl,f,4.95,like
the kings see the boy near the lady.,near,peripheral,pl,m,5.17,sg,m,5.17,sg,f,4.95,see
the kings near the lady see the boy.,near,center_embedding,pl,m,5.17,sg,m,5.17,sg,f,4.95,see
the kings see the boy behind the lady.,behind,peripheral,pl,m,5.17,sg,m,5.17,sg,f,4.95,see
the kings behind the lady see the boy.,behind,center_embedding,pl,m,5.17,sg,m,5.17,sg,f,4.95,see
the kings like the boy near the lady.,near,peripheral,pl,m,5.17,sg,m,5.17,sg,f,4.95,like
the kings near the lady like the boy.,near,center_embedding,pl,m,5.17,sg,m,5.17,sg,f,4.95,like
the kings like the boy behind the lady.,behind,peripheral,pl,m,5.17,sg,m,5.17,sg,f,4.95,like
the kings behind the lady like the boy.,behind,center_embedding,pl,m,5.17,sg,m,5.17,sg,f,4.95,like
the kings see the boy near the ladies.,near,peripheral,pl,m,5.17,sg,m,5.17,pl,f,4.95,see
the kings near the ladies see the boy.,near,center_embedding,pl,m,5.17,sg,m,5.17,pl,f,4.95,see
the kings see the boy behind the ladies.,behind,peripheral,pl,m,5.17,sg,m,5.17,pl,f,4.95,see
the kings behind the ladies see the boy.,behind,center_embedding,pl,m,5.17,sg,m,5.17,pl,f,4.95,see
the kings like the boy near the ladies.,near,peripheral,pl,m,5.17,sg,m,5.17,pl,f,4.95,like
the kings near the ladies like the boy.,near,center_embedding,pl,m,5.17,sg,m,5.17,pl,f,4.95,like
the kings like the boy behind the ladies.,behind,peripheral,pl,m,5.17,sg,m,5.17,pl,f,4.95,like
the kings behind the ladies like the boy.,behind,center_embedding,pl,m,5.17,sg,m,5.17,pl,f,4.95,like
the kings see the boys near the lady.,near,peripheral,pl,m,5.17,pl,m,5.17,sg,f,4.95,see
the kings near the lady see the boys.,near,center_embedding,pl,m,5.17,pl,m,5.17,sg,f,4.95,see
the kings see the boys behind the lady.,behind,peripheral,pl,m,5.17,pl,m,5.17,sg,f,4.95,see
the kings behind the lady see the boys.,behind,center_embedding,pl,m,5.17,pl,m,5.17,sg,f,4.95,see
the kings like the boys near the lady.,near,peripheral,pl,m,5.17,pl,m,5.17,sg,f,4.95,like
the kings near the lady like the boys.,near,center_embedding,pl,m,5.17,pl,m,5.17,sg,f,4.95,like
the kings like the boys behind the lady.,behind,peripheral,pl,m,5.17,pl,m,5.17,sg,f,4.95,like
the kings behind the lady like the boys.,behind,center_embedding,pl,m,5.17,pl,m,5.17,sg,f,4.95,like
the kings see the boys near the ladies.,near,peripheral,pl,m,5.17,pl,m,5.17,pl,f,4.95,see
the kings near the ladies see the boys.,near,center_embedding,pl,m,5.17,pl,m,5.17,pl,f,4.95,see
the kings see the boys behind the ladies.,behind,peripheral,pl,m,5.17,pl,m,5.17,pl,f,4.95,see
the kings behind the ladies see the boys.,behind,center_embedding,pl,m,5.17,pl,m,5.17,pl,f,4.95,see
the kings like the boys near the ladies.,near,peripheral,pl,m,5.17,pl,m,5.17,pl,f,4.95,like
the kings near the ladies like the boys.,near,center_embedding,pl,m,5.17,pl,m,5.17,pl,f,4.95,like
the kings like the boys behind the ladies.,behind,peripheral,pl,m,5.17,pl,m,5.17,pl,f,4.95,like
the kings behind the ladies like the boys.,behind,center_embedding,pl,m,5.17,pl,m,5.17,pl,f,4.95,like
the king sees the boy near the man.,near,peripheral,sg,m,5.17,sg,m,5.17,sg,m,5.82,see
the king near the man sees the boy.,near,center_embedding,sg,m,5.17,sg,m,5.17,sg,m,5.82,see
the king sees the boy behind the man.,behind,peripheral,sg,m,5.17,sg,m,5.17,sg,m,5.82,see
the king behind the man sees the boy.,behind,center_embedding,sg,m,5.17,sg,m,5.17,sg,m,5.82,see
the king likes the boy near the man.,near,peripheral,sg,m,5.17,sg,m,5.17,sg,m,5.82,like
the king near the man likes the boy.,near,center_embedding,sg,m,5.17,sg,m,5.17,sg,m,5.82,like
the king likes the boy behind the man.,behind,peripheral,sg,m,5.17,sg,m,5.17,sg,m,5.82,like
the king behind the man likes the boy.,behind,center_embedding,sg,m,5.17,sg,m,5.17,sg,m,5.82,like
the king sees the boy near the men.,near,peripheral,sg,m,5.17,sg,m,5.17,pl,m,5.82,see
the king near the men sees the boy.,near,center_embedding,sg,m,5.17,sg,m,5.17,pl,m,5.82,see
the king sees the boy behind the men.,behind,peripheral,sg,m,5.17,sg,m,5.17,pl,m,5.82,see
the king behind the men sees the boy.,behind,center_embedding,sg,m,5.17,sg,m,5.17,pl,m,5.82,see
the king likes the boy near the men.,near,peripheral,sg,m,5.17,sg,m,5.17,pl,m,5.82,like
the king near the men likes the boy.,near,center_embedding,sg,m,5.17,sg,m,5.17,pl,m,5.82,like
the king likes the boy behind the men.,behind,peripheral,sg,m,5.17,sg,m,5.17,pl,m,5.82,like
the king behind the men likes the boy.,behind,center_embedding,sg,m,5.17,sg,m,5.17,pl,m,5.82,like
the king sees the boys near the man.,near,peripheral,sg,m,5.17,pl,m,5.17,sg,m,5.82,see
the king near the man sees the boys.,near,center_embedding,sg,m,5.17,pl,m,5.17,sg,m,5.82,see
the king sees the boys behind the man.,behind,peripheral,sg,m,5.17,pl,m,5.17,sg,m,5.82,see
the king behind the man sees the boys.,behind,center_embedding,sg,m,5.17,pl,m,5.17,sg,m,5.82,see
the king likes the boys near the man.,near,peripheral,sg,m,5.17,pl,m,5.17,sg,m,5.82,like
the king near the man likes the boys.,near,center_embedding,sg,m,5.17,pl,m,5.17,sg,m,5.82,like
the king likes the boys behind the man.,behind,peripheral,sg,m,5.17,pl,m,5.17,sg,m,5.82,like
the king behind the man likes the boys.,behind,center_embedding,sg,m,5.17,pl,m,5.17,sg,m,5.82,like
the king sees the boys near the men.,near,peripheral,sg,m,5.17,pl,m,5.17,pl,m,5.82,see
the king near the men sees the boys.,near,center_embedding,sg,m,5.17,pl,m,5.17,pl,m,5.82,see
the king sees the boys behind the men.,behind,peripheral,sg,m,5.17,pl,m,5.17,pl,m,5.82,see
the king behind the men sees the boys.,behind,center_embedding,sg,m,5.17,pl,m,5.17,pl,m,5.82,see
the king likes the boys near the men.,near,peripheral,sg,m,5.17,pl,m,5.17,pl,m,5.82,like
the king near the men likes the boys.,near,center_embedding,sg,m,5.17,pl,m,5.17,pl,m,5.82,like
the king likes the boys behind the men.,behind,peripheral,sg,m,5.17,pl,m,5.17,pl,m,5.82,like
the king behind the men likes the boys.,behind,center_embedding,sg,m,5.17,pl,m,5.17,pl,m,5.82,like
the kings see the boy near the man.,near,peripheral,pl,m,5.17,sg,m,5.17,sg,m,5.82,see
the kings near the man see the boy.,near,center_embedding,pl,m,5.17,sg,m,5.17,sg,m,5.82,see
the kings see the boy behind the man.,behind,peripheral,pl,m,5.17,sg,m,5.17,sg,m,5.82,see
the kings behind the man see the boy.,behind,center_embedding,pl,m,5.17,sg,m,5.17,sg,m,5.82,see
the kings like the boy near the man.,near,peripheral,pl,m,5.17,sg,m,5.17,sg,m,5.82,like
the kings near the man like the boy.,near,center_embedding,pl,m,5.17,sg,m,5.17,sg,m,5.82,like
the kings like the boy behind the man.,behind,peripheral,pl,m,5.17,sg,m,5.17,sg,m,5.82,like
the kings behind the man like the boy.,behind,center_embedding,pl,m,5.17,sg,m,5.17,sg,m,5.82,like
the kings see the boy near the men.,near,peripheral,pl,m,5.17,sg,m,5.17,pl,m,5.82,see
the kings near the men see the boy.,near,center_embedding,pl,m,5.17,sg,m,5.17,pl,m,5.82,see
the kings see the boy behind the men.,behind,peripheral,pl,m,5.17,sg,m,5.17,pl,m,5.82,see
the kings behind the men see the boy.,behind,center_embedding,pl,m,5.17,sg,m,5.17,pl,m,5.82,see
the kings like the boy near the men.,near,peripheral,pl,m,5.17,sg,m,5.17,pl,m,5.82,like
the kings near the men like the boy.,near,center_embedding,pl,m,5.17,sg,m,5.17,pl,m,5.82,like
the kings like the boy behind the men.,behind,peripheral,pl,m,5.17,sg,m,5.17,pl,m,5.82,like
the kings behind the men like the boy.,behind,center_embedding,pl,m,5.17,sg,m,5.17,pl,m,5.82,like
the kings see the boys near the man.,near,peripheral,pl,m,5.17,pl,m,5.17,sg,m,5.82,see
the kings near the man see the boys.,near,center_embedding,pl,m,5.17,pl,m,5.17,sg,m,5.82,see
the kings see the boys behind the man.,behind,peripheral,pl,m,5.17,pl,m,5.17,sg,m,5.82,see
the kings behind the man see the boys.,behind,center_embedding,pl,m,5.17,pl,m,5.17,sg,m,5.82,see
the kings like the boys near the man.,near,peripheral,pl,m,5.17,pl,m,5.17,sg,m,5.82,like
the kings near the man like the boys.,near,center_embedding,pl,m,5.17,pl,m,5.17,sg,m,5.82,like
the kings like the boys behind the man.,behind,peripheral,pl,m,5.17,pl,m,5.17,sg,m,5.82,like
the kings behind the man like the boys.,behind,center_embedding,pl,m,5.17,pl,m,5.17,sg,m,5.82,like
the kings see the boys near the men.,near,peripheral,pl,m,5.17,pl,m,5.17,pl,m,5.82,see
the kings near the men see the boys.,near,center_embedding,pl,m,5.17,pl,m,5.17,pl,m,5.82,see
the kings see the boys behind the men.,behind,peripheral,pl,m,5.17,pl,m,5.17,pl,m,5.82,see
the kings behind the men see the boys.,behind,center_embedding,pl,m,5.17,pl,m,5.17,pl,m,5.82,see
the kings like the boys near the men.,near,peripheral,pl,m,5.17,pl,m,5.17,pl,m,5.82,like
the kings near the men like the boys.,near,center_embedding,pl,m,5.17,pl,m,5.17,pl,m,5.82,like
the kings like the boys behind the men.,behind,peripheral,pl,m,5.17,pl,m,5.17,pl,m,5.82,like
the kings behind the men like the boys.,behind,center_embedding,pl,m,5.17,pl,m,5.17,pl,m,5.82,like
